T,pair,side,P,week,v1d
2024-01-01T23:15:00.000Z,AUD/JPY,BUY,2024-01-01T23:17:00.000Z,2817,9.999999999999432
2024-01-01T23:30:00.000Z,EUR/JPY,BUY,2024-01-01T23:32:00.000Z,2817,9.999999999999432
2024-01-02T03:15:00.000Z,EUR/USD,BUY,2024-01-02T03:17:00.000Z,2817,9.999999999998899
2024-01-02T03:45:00.000Z,USD/JPY,SELL,2024-01-02T03:47:00.000Z,2817,9.999999999999432
2024-01-02T04:00:00.000Z,AUD/JPY,SELL,2024-01-02T04:02:00.000Z,2817,9.999999999999432
2024-01-02T05:00:00.000Z,EUR/USD,BUY,2024-01-02T05:02:00.000Z,2817,9.999999999998899
2024-01-02T06:15:00.000Z,AUD/JPY,SELL,2024-01-02T06:17:00.000Z,2817,9.999999999999432
2024-01-02T06:15:00.000Z,AUD/USD,SELL,2024-01-02T06:17:00.000Z,2817,10.000000000000009
2024-01-02T07:00:00.000Z,AUD/JPY,SELL,2024-01-02T07:02:00.000Z,2817,11.499999999999488
2024-01-02T13:15:00.000Z,USD/JPY,SELL,2024-01-02T13:17:00.000Z,2817,9.999999999999432
2024-01-02T13:45:00.000Z,EUR/USD,BUY,2024-01-02T13:47:00.000Z,2817,-39.49999999999898
2024-01-02T13:45:00.000Z,AUD/USD,BUY,2024-01-02T13:47:00.000Z,2817,-64.89999999999995
2024-01-02T14:30:00.000Z,AUD/USD,BUY,2024-01-02T14:32:00.000Z,2817,-68.70000000000043
2024-01-02T14:45:00.000Z,EUR/USD,BUY,2024-01-02T14:47:00.000Z,2817,9.999999999998899
2024-01-02T15:00:00.000Z,AUD/USD,BUY,2024-01-02T15:02:00.000Z,2817,-59.40000000000056
2024-01-02T16:00:00.000Z,AUD/USD,BUY,2024-01-02T16:02:00.000Z,2817,10.000000000000009
2024-01-02T17:00:00.000Z,AUD/JPY,BUY,2024-01-02T17:02:00.000Z,2817,9.999999999999432
2024-01-02T21:00:00.000Z,AUD/JPY,BUY,2024-01-02T21:02:00.000Z,2817,9.999999999999432
2024-01-03T08:00:00.000Z,AUD/JPY,SELL,2024-01-03T08:02:00.000Z,2817,11.699999999999022
2024-01-03T09:00:00.000Z,AUD/JPY,SELL,2024-01-03T09:02:00.000Z,2817,9.999999999999432
2024-01-03T09:30:00.000Z,USD/JPY,SELL,2024-01-03T09:32:00.000Z,2817,-121.89999999999941
2024-01-03T09:30:00.000Z,EUR/JPY,SELL,2024-01-03T09:32:00.000Z,2817,12.199999999998568
2024-01-03T10:45:00.000Z,USD/JPY,SELL,2024-01-03T10:47:00.000Z,2817,-140.89999999999918
2024-01-03T11:45:00.000Z,AUD/USD,BUY,2024-01-03T11:47:00.000Z,2817,10.000000000000009
2024-01-03T12:15:00.000Z,USD/JPY,SELL,2024-01-03T12:17:00.000Z,2817,-126.80000000000007
2024-01-03T12:15:00.000Z,EUR/USD,BUY,2024-01-03T12:17:00.000Z,2817,9.999999999998899
2024-01-03T12:15:00.000Z,AUD/USD,BUY,2024-01-03T12:17:00.000Z,2817,10.000000000000009
2024-01-03T13:15:00.000Z,EUR/USD,BUY,2024-01-03T13:17:00.000Z,2817,9.999999999998899
2024-01-03T13:45:00.000Z,USD/JPY,SELL,2024-01-03T13:47:00.000Z,2817,10.3999999999985
2024-01-03T15:00:00.000Z,EUR/JPY,SELL,2024-01-03T15:02:00.000Z,2817,9.999999999999432
2024-01-03T15:00:00.000Z,AUD/USD,BUY,2024-01-03T15:02:00.000Z,2817,10.000000000000009
2024-01-03T16:15:00.000Z,EUR/JPY,SELL,2024-01-03T16:17:00.000Z,2817,9.999999999999432
2024-01-03T16:15:00.000Z,EUR/USD,BUY,2024-01-03T16:17:00.000Z,2817,9.999999999998899
2024-01-03T16:30:00.000Z,USD/JPY,SELL,2024-01-03T16:32:00.000Z,2817,9.999999999999432
2024-01-03T17:30:00.000Z,USD/JPY,SELL,2024-01-03T17:32:00.000Z,2817,12.79999999999859
2024-01-03T18:00:00.000Z,USD/JPY,SELL,2024-01-03T18:02:00.000Z,2817,9.999999999999432
2024-01-03T18:00:00.000Z,EUR/JPY,SELL,2024-01-03T18:02:00.000Z,2817,10.699999999999932
2024-01-03T18:00:00.000Z,AUD/JPY,SELL,2024-01-03T18:02:00.000Z,2817,12.79999999999859
2024-01-04T00:30:00.000Z,USD/JPY,BUY,2024-01-04T00:32:00.000Z,2817,0
2024-01-04T06:30:00.000Z,EUR/JPY,SELL,2024-01-04T06:32:00.000Z,2817,-168.69999999999834
2024-01-04T07:15:00.000Z,AUD/JPY,SELL,2024-01-04T07:17:00.000Z,2817,9.999999999999432
2024-01-04T08:00:00.000Z,AUD/USD,SELL,2024-01-04T08:02:00.000Z,2817,10.000000000000009
2024-01-04T10:00:00.000Z,AUD/JPY,SELL,2024-01-04T10:02:00.000Z,2817,9.999999999999432
2024-01-04T10:15:00.000Z,EUR/USD,SELL,2024-01-04T10:17:00.000Z,2817,10.499999999999954
2024-01-04T11:45:00.000Z,USD/JPY,SELL,2024-01-04T11:47:00.000Z,2817,9.999999999999432
2024-01-04T11:45:00.000Z,AUD/JPY,SELL,2024-01-04T11:47:00.000Z,2817,9.999999999999432
2024-01-04T12:15:00.000Z,USD/JPY,SELL,2024-01-04T12:17:00.000Z,2817,-112.10000000000093
2024-01-04T12:15:00.000Z,EUR/JPY,SELL,2024-01-04T12:17:00.000Z,2817,-74.39999999999998
2024-01-04T15:15:00.000Z,USD/JPY,SELL,2024-01-04T15:17:00.000Z,2817,9.999999999999432
2024-01-04T15:15:00.000Z,AUD/USD,BUY,2024-01-04T15:17:00.000Z,2817,11.000000000001009
2024-01-04T15:30:00.000Z,EUR/JPY,SELL,2024-01-04T15:32:00.000Z,2817,14.799999999999613
2024-01-04T16:30:00.000Z,EUR/JPY,SELL,2024-01-04T16:32:00.000Z,2817,10.599999999999454
2024-01-05T01:15:00.000Z,EUR/JPY,SELL,2024-01-05T01:17:00.000Z,2817,9.999999999999432
2024-01-05T01:45:00.000Z,EUR/JPY,SELL,2024-01-05T01:47:00.000Z,2817,9.999999999999432
2024-01-05T07:00:00.000Z,USD/JPY,SELL,2024-01-05T07:02:00.000Z,2817,9.999999999999432
2024-01-05T07:15:00.000Z,EUR/USD,BUY,2024-01-05T07:17:00.000Z,2817,9.999999999998899
2024-01-05T09:15:00.000Z,EUR/USD,BUY,2024-01-05T09:17:00.000Z,2817,10.699999999999044
2024-01-05T10:45:00.000Z,EUR/USD,BUY,2024-01-05T10:47:00.000Z,2817,9.999999999998899
2024-01-05T10:45:00.000Z,AUD/USD,BUY,2024-01-05T10:47:00.000Z,2817,10.000000000000009
2024-01-05T14:00:00.000Z,USD/JPY,SELL,2024-01-05T14:02:00.000Z,2817,9.999999999999432
2024-01-05T14:00:00.000Z,EUR/JPY,SELL,2024-01-05T14:02:00.000Z,2817,11.499999999998067
2024-01-05T14:30:00.000Z,EUR/JPY,SELL,2024-01-05T14:32:00.000Z,2817,9.999999999999432
2024-01-05T14:45:00.000Z,EUR/USD,SELL,2024-01-05T14:47:00.000Z,2817,2.9999999999996696
2024-01-05T16:00:00.000Z,USD/JPY,BUY,2024-01-05T16:02:00.000Z,2817,9.999999999999432
2024-01-05T16:00:00.000Z,AUD/USD,SELL,2024-01-05T16:02:00.000Z,2817,10.000000000000009
2024-01-05T16:15:00.000Z,EUR/USD,SELL,2024-01-05T16:17:00.000Z,2817,11.399999999999189
2024-01-08T03:45:00.000Z,EUR/JPY,BUY,2024-01-08T03:47:00.000Z,2818,10.799999999997567
2024-01-08T06:15:00.000Z,AUD/JPY,BUY,2024-01-08T06:17:00.000Z,2818,9.999999999999432
2024-01-08T06:45:00.000Z,EUR/JPY,BUY,2024-01-08T06:47:00.000Z,2818,15.799999999998704
2024-01-08T12:30:00.000Z,EUR/JPY,SELL,2024-01-08T12:32:00.000Z,2818,9.999999999999432
2024-01-08T16:00:00.000Z,USD/JPY,BUY,2024-01-08T16:02:00.000Z,2818,15.200000000001523
2024-01-08T16:30:00.000Z,USD/JPY,BUY,2024-01-08T16:32:00.000Z,2818,10.200000000000387
2024-01-08T17:15:00.000Z,EUR/USD,SELL,2024-01-08T17:17:00.000Z,2818,0
2024-01-08T21:00:00.000Z,AUD/JPY,SELL,2024-01-08T21:02:00.000Z,2818,9.999999999999432
2024-01-08T21:45:00.000Z,AUD/JPY,SELL,2024-01-08T21:47:00.000Z,2818,9.999999999999432
2024-01-09T02:15:00.000Z,AUD/JPY,BUY,2024-01-09T02:17:00.000Z,2818,9.999999999999432
2024-01-09T03:00:00.000Z,USD/JPY,BUY,2024-01-09T03:02:00.000Z,2818,9.999999999999432
2024-01-09T03:00:00.000Z,EUR/JPY,BUY,2024-01-09T03:02:00.000Z,2818,9.999999999999432
2024-01-09T04:45:00.000Z,AUD/JPY,BUY,2024-01-09T04:47:00.000Z,2818,9.999999999999432
2024-01-09T08:45:00.000Z,AUD/USD,BUY,2024-01-09T08:47:00.000Z,2818,2.4000000000001798
2024-01-09T15:00:00.000Z,AUD/JPY,BUY,2024-01-09T15:02:00.000Z,2818,10.999999999998522
2024-01-10T02:30:00.000Z,AUD/USD,SELL,2024-01-10T02:32:00.000Z,2818,10.000000000000009
2024-01-10T03:30:00.000Z,USD/JPY,SELL,2024-01-10T03:32:00.000Z,2818,9.999999999999432
2024-01-10T03:30:00.000Z,EUR/JPY,SELL,2024-01-10T03:32:00.000Z,2818,9.999999999999432
2024-01-10T03:45:00.000Z,AUD/JPY,SELL,2024-01-10T03:47:00.000Z,2818,-66.00000000000108
2024-01-10T03:45:00.000Z,AUD/USD,SELL,2024-01-10T03:47:00.000Z,2818,10.000000000000009
2024-01-10T05:00:00.000Z,AUD/JPY,SELL,2024-01-10T05:02:00.000Z,2818,-63.80000000000052
2024-01-10T07:30:00.000Z,USD/JPY,SELL,2024-01-10T07:32:00.000Z,2818,9.999999999999432
2024-01-10T07:30:00.000Z,EUR/JPY,SELL,2024-01-10T07:32:00.000Z,2818,9.999999999999432
2024-01-10T13:15:00.000Z,AUD/JPY,SELL,2024-01-10T13:17:00.000Z,2818,-21.099999999999852
2024-01-10T13:30:00.000Z,EUR/JPY,SELL,2024-01-10T13:32:00.000Z,2818,-90.89999999999918
2024-01-10T15:45:00.000Z,USD/JPY,SELL,2024-01-10T15:47:00.000Z,2818,9.999999999999432
2024-01-10T15:45:00.000Z,AUD/JPY,SELL,2024-01-10T15:47:00.000Z,2818,9.999999999999432
2024-01-10T16:15:00.000Z,AUD/JPY,SELL,2024-01-10T16:17:00.000Z,2818,9.999999999999432
2024-01-10T16:15:00.000Z,EUR/USD,SELL,2024-01-10T16:17:00.000Z,2818,9.999999999998899
2024-01-10T17:00:00.000Z,USD/JPY,SELL,2024-01-10T17:02:00.000Z,2818,9.999999999999432
2024-01-10T20:30:00.000Z,EUR/JPY,SELL,2024-01-10T20:32:00.000Z,2818,9.999999999999432
2024-01-10T20:30:00.000Z,AUD/JPY,SELL,2024-01-10T20:32:00.000Z,2818,9.999999999999432
2024-01-10T22:15:00.000Z,EUR/JPY,SELL,2024-01-10T22:17:00.000Z,2818,9.999999999999432
2024-01-11T01:30:00.000Z,EUR/USD,SELL,2024-01-11T01:32:00.000Z,2818,9.999999999998899
2024-01-11T01:30:00.000Z,AUD/USD,SELL,2024-01-11T01:32:00.000Z,2818,10.000000000000009
2024-01-11T02:45:00.000Z,EUR/USD,SELL,2024-01-11T02:47:00.000Z,2818,9.999999999998899
2024-01-11T02:45:00.000Z,AUD/USD,SELL,2024-01-11T02:47:00.000Z,2818,10.000000000000009
2024-01-11T04:30:00.000Z,AUD/USD,SELL,2024-01-11T04:32:00.000Z,2818,10.000000000000009
2024-01-11T07:00:00.000Z,EUR/USD,SELL,2024-01-11T07:02:00.000Z,2818,9.999999999998899
2024-01-11T10:00:00.000Z,EUR/USD,BUY,2024-01-11T10:02:00.000Z,2818,9.999999999998899
2024-01-11T14:15:00.000Z,EUR/USD,BUY,2024-01-11T14:17:00.000Z,2818,9.999999999998899
2024-01-11T14:30:00.000Z,USD/JPY,SELL,2024-01-11T14:32:00.000Z,2818,9.999999999999432
2024-01-11T14:30:00.000Z,AUD/USD,BUY,2024-01-11T14:32:00.000Z,2818,10.000000000000009
2024-01-11T14:45:00.000Z,EUR/JPY,SELL,2024-01-11T14:47:00.000Z,2818,9.999999999999432
2024-01-11T15:30:00.000Z,AUD/USD,BUY,2024-01-11T15:32:00.000Z,2818,10.000000000000009
2024-01-11T17:15:00.000Z,AUD/JPY,BUY,2024-01-11T17:17:00.000Z,2818,13.500000000000512
2024-01-11T17:45:00.000Z,AUD/JPY,BUY,2024-01-11T17:47:00.000Z,2818,9.999999999999432
2024-01-12T00:00:00.000Z,USD/JPY,BUY,2024-01-12T00:02:00.000Z,2818,9.999999999999432
2024-01-12T00:00:00.000Z,EUR/JPY,BUY,2024-01-12T00:02:00.000Z,2818,9.999999999999432
2024-01-12T02:15:00.000Z,AUD/USD,SELL,2024-01-12T02:17:00.000Z,2818,10.000000000000009
2024-01-12T02:45:00.000Z,AUD/USD,SELL,2024-01-12T02:47:00.000Z,2818,10.199999999999099
2024-01-12T13:00:00.000Z,EUR/JPY,BUY,2024-01-12T13:02:00.000Z,2818,-36.299999999999955
2024-01-12T13:15:00.000Z,EUR/USD,BUY,2024-01-12T13:17:00.000Z,2818,9.999999999998899
2024-01-12T15:00:00.000Z,USD/JPY,BUY,2024-01-12T15:02:00.000Z,2818,9.999999999999432
2024-01-12T15:00:00.000Z,AUD/USD,SELL,2024-01-12T15:02:00.000Z,2818,10.000000000000009
2024-01-12T15:30:00.000Z,USD/JPY,BUY,2024-01-12T15:32:00.000Z,2818,13.399999999998613
2024-01-15T06:30:00.000Z,EUR/JPY,SELL,2024-01-15T06:32:00.000Z,2819,-31.60000000000025
2024-01-15T07:45:00.000Z,USD/JPY,SELL,2024-01-15T07:47:00.000Z,2819,-63.700000000000045
2024-01-15T07:45:00.000Z,EUR/JPY,SELL,2024-01-15T07:47:00.000Z,2819,11.7999999999995
2024-01-15T08:15:00.000Z,USD/JPY,SELL,2024-01-15T08:17:00.000Z,2819,-69.5999999999998
2024-01-15T08:30:00.000Z,AUD/USD,BUY,2024-01-15T08:32:00.000Z,2819,-51.399999999999224
2024-01-15T10:45:00.000Z,AUD/USD,BUY,2024-01-15T10:47:00.000Z,2819,-56.69999999999953
2024-01-15T11:00:00.000Z,USD/JPY,SELL,2024-01-15T11:02:00.000Z,2819,9.999999999999432
2024-01-15T11:00:00.000Z,EUR/USD,BUY,2024-01-15T11:02:00.000Z,2819,9.999999999998899
2024-01-15T13:00:00.000Z,USD/JPY,SELL,2024-01-15T13:02:00.000Z,2819,10.200000000000387
2024-01-15T13:15:00.000Z,EUR/JPY,SELL,2024-01-15T13:17:00.000Z,2819,9.999999999999432
2024-01-15T13:30:00.000Z,USD/JPY,SELL,2024-01-15T13:32:00.000Z,2819,9.999999999999432
2024-01-15T13:30:00.000Z,AUD/USD,BUY,2024-01-15T13:32:00.000Z,2819,-45.30000000000034
2024-01-16T00:30:00.000Z,EUR/JPY,BUY,2024-01-16T00:32:00.000Z,2819,10.299999999998022
2024-01-16T01:15:00.000Z,EUR/JPY,BUY,2024-01-16T01:17:00.000Z,2819,12.199999999998568
2024-01-16T01:45:00.000Z,AUD/JPY,BUY,2024-01-16T01:47:00.000Z,2819,9.999999999999432
2024-01-16T01:45:00.000Z,EUR/USD,BUY,2024-01-16T01:47:00.000Z,2819,-55.90000000000206
2024-01-16T04:15:00.000Z,AUD/JPY,BUY,2024-01-16T04:17:00.000Z,2819,9.999999999999432
2024-01-16T05:15:00.000Z,AUD/USD,BUY,2024-01-16T05:17:00.000Z,2819,10.300000000000864
2024-01-16T06:00:00.000Z,EUR/USD,BUY,2024-01-16T06:02:00.000Z,2819,11.600000000000499
2024-01-16T06:15:00.000Z,AUD/USD,BUY,2024-01-16T06:17:00.000Z,2819,10.000000000000009
2024-01-16T07:30:00.000Z,EUR/USD,BUY,2024-01-16T07:32:00.000Z,2819,9.999999999998899
2024-01-16T09:00:00.000Z,EUR/USD,BUY,2024-01-16T09:02:00.000Z,2819,-37.30000000000011
2024-01-16T09:30:00.000Z,EUR/USD,BUY,2024-01-16T09:32:00.000Z,2819,-31.30000000000077
2024-01-16T10:00:00.000Z,USD/JPY,SELL,2024-01-16T10:02:00.000Z,2819,12.699999999998113
2024-01-16T11:00:00.000Z,USD/JPY,SELL,2024-01-16T11:02:00.000Z,2819,9.999999999999432
2024-01-16T11:30:00.000Z,EUR/USD,BUY,2024-01-16T11:32:00.000Z,2819,-12.099999999999334
2024-01-16T13:00:00.000Z,USD/JPY,SELL,2024-01-16T13:02:00.000Z,2819,13.700000000000045
2024-01-16T19:15:00.000Z,EUR/JPY,SELL,2024-01-16T19:17:00.000Z,2819,-114.79999999999961
2024-01-17T00:45:00.000Z,USD/JPY,SELL,2024-01-17T00:47:00.000Z,2819,9.999999999999432
2024-01-17T00:45:00.000Z,EUR/JPY,SELL,2024-01-17T00:47:00.000Z,2819,9.999999999999432
2024-01-17T01:00:00.000Z,AUD/JPY,SELL,2024-01-17T01:02:00.000Z,2819,9.999999999999432
2024-01-17T04:15:00.000Z,AUD/USD,BUY,2024-01-17T04:17:00.000Z,2819,-15.899999999999803
2024-01-17T06:00:00.000Z,USD/JPY,SELL,2024-01-17T06:02:00.000Z,2819,-23.100000000002296
2024-01-17T06:00:00.000Z,EUR/JPY,SELL,2024-01-17T06:02:00.000Z,2819,-75
2024-01-17T07:00:00.000Z,USD/JPY,SELL,2024-01-17T07:02:00.000Z,2819,20.699999999999363
2024-01-17T07:00:00.000Z,EUR/JPY,SELL,2024-01-17T07:02:00.000Z,2819,-56.60000000000025
2024-01-17T07:00:00.000Z,AUD/USD,BUY,2024-01-17T07:02:00.000Z,2819,13.299999999999423
2024-01-17T08:00:00.000Z,USD/JPY,SELL,2024-01-17T08:02:00.000Z,2819,9.999999999999432
2024-01-17T08:00:00.000Z,AUD/USD,BUY,2024-01-17T08:02:00.000Z,2819,10.000000000000009
2024-01-17T08:45:00.000Z,EUR/JPY,SELL,2024-01-17T08:47:00.000Z,2819,9.999999999999432
2024-01-17T09:30:00.000Z,AUD/USD,BUY,2024-01-17T09:32:00.000Z,2819,10.000000000000009
2024-01-17T15:15:00.000Z,USD/JPY,SELL,2024-01-17T15:17:00.000Z,2819,15.000000000000568
2024-01-17T15:15:00.000Z,AUD/USD,BUY,2024-01-17T15:17:00.000Z,2819,10.999999999999899
2024-01-17T16:00:00.000Z,EUR/JPY,SELL,2024-01-17T16:02:00.000Z,2819,12.000000000000455
2024-01-17T16:30:00.000Z,EUR/JPY,SELL,2024-01-17T16:32:00.000Z,2819,9.999999999999432
2024-01-17T16:45:00.000Z,USD/JPY,SELL,2024-01-17T16:47:00.000Z,2819,19.200000000000728
2024-01-18T01:45:00.000Z,EUR/USD,SELL,2024-01-18T01:47:00.000Z,2819,9.999999999998899
2024-01-18T02:30:00.000Z,EUR/USD,SELL,2024-01-18T02:32:00.000Z,2819,9.999999999998899
2024-01-18T06:45:00.000Z,EUR/USD,SELL,2024-01-18T06:47:00.000Z,2819,9.999999999998899
2024-01-18T08:30:00.000Z,EUR/JPY,BUY,2024-01-18T08:32:00.000Z,2819,9.999999999999432
2024-01-18T14:15:00.000Z,USD/JPY,SELL,2024-01-18T14:17:00.000Z,2819,13.899999999998158
2024-01-18T14:15:00.000Z,EUR/USD,BUY,2024-01-18T14:17:00.000Z,2819,15.199999999999658
2024-01-19T00:15:00.000Z,AUD/JPY,SELL,2024-01-19T00:17:00.000Z,2819,-34.00000000000034
2024-01-19T00:45:00.000Z,AUD/USD,SELL,2024-01-19T00:47:00.000Z,2819,10.000000000000009
2024-01-19T02:15:00.000Z,AUD/JPY,SELL,2024-01-19T02:17:00.000Z,2819,9.999999999999432
2024-01-19T02:30:00.000Z,EUR/JPY,SELL,2024-01-19T02:32:00.000Z,2819,9.999999999999432
2024-01-19T06:45:00.000Z,AUD/JPY,SELL,2024-01-19T06:47:00.000Z,2819,11.400000000000432
2024-01-19T07:00:00.000Z,USD/JPY,SELL,2024-01-19T07:02:00.000Z,2819,9.999999999999432
2024-01-19T07:00:00.000Z,EUR/JPY,SELL,2024-01-19T07:02:00.000Z,2819,0
2024-01-19T09:30:00.000Z,EUR/JPY,BUY,2024-01-19T09:32:00.000Z,2819,9.999999999999432
2024-01-19T09:45:00.000Z,AUD/USD,SELL,2024-01-19T09:47:00.000Z,2819,10.000000000000009
2024-01-22T11:45:00.000Z,EUR/JPY,BUY,2024-01-22T11:47:00.000Z,2820,9.999999999999432
2024-01-22T13:00:00.000Z,USD/JPY,BUY,2024-01-22T13:02:00.000Z,2820,9.999999999999432
2024-01-22T14:00:00.000Z,EUR/JPY,BUY,2024-01-22T14:02:00.000Z,2820,9.999999999999432
2024-01-22T14:00:00.000Z,AUD/JPY,BUY,2024-01-22T14:02:00.000Z,2820,9.999999999999432
2024-01-23T03:00:00.000Z,AUD/JPY,SELL,2024-01-23T03:02:00.000Z,2820,9.999999999999432
2024-01-23T03:00:00.000Z,AUD/USD,SELL,2024-01-23T03:02:00.000Z,2820,10.399999999999299
2024-01-23T03:30:00.000Z,USD/JPY,SELL,2024-01-23T03:32:00.000Z,2820,15.099999999998204
2024-01-23T03:45:00.000Z,EUR/JPY,SELL,2024-01-23T03:47:00.000Z,2820,9.999999999999432
2024-01-23T03:45:00.000Z,AUD/JPY,SELL,2024-01-23T03:47:00.000Z,2820,9.999999999999432
2024-01-23T06:15:00.000Z,EUR/USD,SELL,2024-01-23T06:17:00.000Z,2820,9.999999999998899
2024-01-23T06:15:00.000Z,AUD/USD,SELL,2024-01-23T06:17:00.000Z,2820,10.000000000000009
2024-01-23T07:15:00.000Z,USD/JPY,BUY,2024-01-23T07:17:00.000Z,2820,0
2024-01-23T07:15:00.000Z,AUD/USD,SELL,2024-01-23T07:17:00.000Z,2820,10.200000000000209
2024-01-23T07:30:00.000Z,EUR/USD,SELL,2024-01-23T07:32:00.000Z,2820,11.099999999999444
2024-01-23T11:45:00.000Z,AUD/USD,BUY,2024-01-23T11:47:00.000Z,2820,11.099999999999444
2024-01-23T12:15:00.000Z,EUR/USD,BUY,2024-01-23T12:17:00.000Z,2820,9.999999999998899
2024-01-23T16:30:00.000Z,EUR/USD,BUY,2024-01-23T16:32:00.000Z,2820,10.999999999998789
2024-01-23T17:15:00.000Z,EUR/USD,BUY,2024-01-23T17:17:00.000Z,2820,11.299999999998533
2024-01-23T18:00:00.000Z,USD/JPY,SELL,2024-01-23T18:02:00.000Z,2820,10.199999999997544
2024-01-23T18:00:00.000Z,AUD/USD,BUY,2024-01-23T18:02:00.000Z,2820,10.100000000000664
2024-01-24T02:30:00.000Z,AUD/JPY,BUY,2024-01-24T02:32:00.000Z,2820,9.999999999999432
2024-01-24T03:30:00.000Z,AUD/JPY,BUY,2024-01-24T03:32:00.000Z,2820,9.999999999999432
2024-01-24T04:15:00.000Z,USD/JPY,BUY,2024-01-24T04:17:00.000Z,2820,9.999999999999432
2024-01-24T04:30:00.000Z,AUD/JPY,BUY,2024-01-24T04:32:00.000Z,2820,9.999999999999432
2024-01-24T05:00:00.000Z,AUD/JPY,BUY,2024-01-24T05:02:00.000Z,2820,9.999999999999432
2024-01-24T08:00:00.000Z,EUR/USD,SELL,2024-01-24T08:02:00.000Z,2820,-9.100000000001884
2024-01-24T09:45:00.000Z,USD/JPY,BUY,2024-01-24T09:47:00.000Z,2820,9.999999999999432
2024-01-24T10:00:00.000Z,AUD/USD,SELL,2024-01-24T10:02:00.000Z,2820,11.200000000000099
2024-01-24T10:30:00.000Z,EUR/USD,SELL,2024-01-24T10:32:00.000Z,2820,10.399999999999299
2024-01-24T13:00:00.000Z,USD/JPY,BUY,2024-01-24T13:02:00.000Z,2820,19.200000000000728
2024-01-24T13:45:00.000Z,EUR/USD,SELL,2024-01-24T13:47:00.000Z,2820,16.099999999998893
2024-01-24T13:45:00.000Z,AUD/USD,SELL,2024-01-24T13:47:00.000Z,2820,11.399999999999189
2024-01-24T14:45:00.000Z,AUD/USD,SELL,2024-01-24T14:47:00.000Z,2820,0
2024-01-24T15:00:00.000Z,USD/JPY,BUY,2024-01-24T15:02:00.000Z,2820,13.299999999998136
2024-01-24T15:00:00.000Z,EUR/USD,SELL,2024-01-24T15:02:00.000Z,2820,9.999999999998899
2024-01-24T16:00:00.000Z,EUR/JPY,BUY,2024-01-24T16:02:00.000Z,2820,9.999999999999432
2024-01-25T09:15:00.000Z,EUR/USD,SELL,2024-01-25T09:17:00.000Z,2820,11.399999999999189
2024-01-25T14:30:00.000Z,USD/JPY,BUY,2024-01-25T14:32:00.000Z,2820,9.999999999999432
2024-01-25T14:30:00.000Z,EUR/USD,BUY,2024-01-25T14:32:00.000Z,2820,21.799999999998487
2024-01-25T14:30:00.000Z,AUD/USD,SELL,2024-01-25T14:32:00.000Z,2820,10.000000000000009
2024-01-25T16:30:00.000Z,EUR/JPY,BUY,2024-01-25T16:32:00.000Z,2820,9.999999999999432
2024-01-25T17:30:00.000Z,EUR/USD,BUY,2024-01-25T17:32:00.000Z,2820,11.799999999997368
2024-01-26T06:00:00.000Z,AUD/JPY,SELL,2024-01-26T06:02:00.000Z,2820,11.599999999999966
2024-01-26T08:15:00.000Z,EUR/USD,BUY,2024-01-26T08:17:00.000Z,2820,9.999999999998899
2024-01-26T12:15:00.000Z,EUR/JPY,SELL,2024-01-26T12:17:00.000Z,2820,-22.199999999998
2024-01-26T12:30:00.000Z,EUR/USD,SELL,2024-01-26T12:32:00.000Z,2820,9.999999999998899
2024-01-26T16:00:00.000Z,AUD/JPY,SELL,2024-01-26T16:02:00.000Z,2820,0
2024-01-29T06:45:00.000Z,EUR/JPY,BUY,2024-01-29T06:47:00.000Z,2821,-99.19999999999902
2024-01-29T07:30:00.000Z,EUR/JPY,BUY,2024-01-29T07:32:00.000Z,2821,-110.30000000000086
2024-01-29T08:00:00.000Z,AUD/USD,SELL,2024-01-29T08:02:00.000Z,2821,10.200000000000209
2024-01-29T08:15:00.000Z,USD/JPY,BUY,2024-01-29T08:17:00.000Z,2821,10.699999999999932
2024-01-29T08:30:00.000Z,EUR/JPY,BUY,2024-01-29T08:32:00.000Z,2821,-64.19999999999959
2024-01-29T09:00:00.000Z,EUR/JPY,BUY,2024-01-29T09:02:00.000Z,2821,-64.00000000000148
2024-01-29T11:30:00.000Z,EUR/JPY,BUY,2024-01-29T11:32:00.000Z,2821,-23.099999999999454
2024-01-29T11:45:00.000Z,EUR/USD,BUY,2024-01-29T11:47:00.000Z,2821,10.699999999996823
2024-01-29T15:15:00.000Z,EUR/USD,BUY,2024-01-29T15:17:00.000Z,2821,12.199999999999989
2024-01-29T16:15:00.000Z,EUR/USD,BUY,2024-01-29T16:17:00.000Z,2821,11.199999999997878
2024-01-29T16:30:00.000Z,EUR/JPY,BUY,2024-01-29T16:32:00.000Z,2821,9.999999999999432
2024-01-29T16:30:00.000Z,AUD/JPY,BUY,2024-01-29T16:32:00.000Z,2821,9.999999999999432
2024-01-29T20:45:00.000Z,USD/JPY,BUY,2024-01-29T20:47:00.000Z,2821,9.999999999999432
2024-01-29T20:45:00.000Z,EUR/USD,SELL,2024-01-29T20:47:00.000Z,2821,9.999999999998899
2024-01-29T20:45:00.000Z,AUD/USD,SELL,2024-01-29T20:47:00.000Z,2821,10.000000000000009
2024-01-30T01:00:00.000Z,USD/JPY,BUY,2024-01-30T01:02:00.000Z,2821,9.999999999999432
2024-01-30T01:15:00.000Z,EUR/USD,SELL,2024-01-30T01:17:00.000Z,2821,9.999999999998899
2024-01-30T01:30:00.000Z,AUD/USD,SELL,2024-01-30T01:32:00.000Z,2821,10.000000000000009
2024-01-30T07:45:00.000Z,EUR/USD,BUY,2024-01-30T07:47:00.000Z,2821,9.999999999998899
2024-01-30T08:00:00.000Z,EUR/JPY,BUY,2024-01-30T08:02:00.000Z,2821,0
2024-01-30T09:45:00.000Z,AUD/JPY,BUY,2024-01-30T09:47:00.000Z,2821,9.999999999999432
2024-01-30T12:00:00.000Z,EUR/USD,SELL,2024-01-30T12:02:00.000Z,2821,10.899999999998133
2024-01-30T16:00:00.000Z,EUR/JPY,SELL,2024-01-30T16:02:00.000Z,2821,9.999999999999432
2024-01-30T16:30:00.000Z,EUR/JPY,SELL,2024-01-30T16:32:00.000Z,2821,9.999999999999432
2024-01-30T17:30:00.000Z,AUD/JPY,SELL,2024-01-30T17:32:00.000Z,2821,9.999999999999432
2024-01-30T18:30:00.000Z,AUD/JPY,SELL,2024-01-30T18:32:00.000Z,2821,9.999999999999432
2024-01-30T20:15:00.000Z,AUD/JPY,SELL,2024-01-30T20:17:00.000Z,2821,0
2024-01-31T00:45:00.000Z,USD/JPY,BUY,2024-01-31T00:47:00.000Z,2821,12.79999999999859
2024-01-31T00:45:00.000Z,EUR/JPY,BUY,2024-01-31T00:47:00.000Z,2821,11.7999999999995
2024-01-31T01:00:00.000Z,AUD/JPY,BUY,2024-01-31T01:02:00.000Z,2821,12.599999999999056
2024-01-31T01:00:00.000Z,AUD/USD,BUY,2024-01-31T01:02:00.000Z,2821,10.400000000000409
2024-01-31T02:45:00.000Z,AUD/JPY,BUY,2024-01-31T02:47:00.000Z,2821,9.999999999999432
2024-01-31T03:00:00.000Z,AUD/USD,BUY,2024-01-31T03:02:00.000Z,2821,10.000000000000009
2024-01-31T04:15:00.000Z,EUR/USD,BUY,2024-01-31T04:17:00.000Z,2821,10.199999999997988
2024-01-31T04:45:00.000Z,EUR/USD,BUY,2024-01-31T04:47:00.000Z,2821,10.199999999997988
2024-01-31T07:15:00.000Z,EUR/USD,BUY,2024-01-31T07:17:00.000Z,2821,9.999999999998899
2024-01-31T15:30:00.000Z,EUR/USD,SELL,2024-01-31T15:32:00.000Z,2821,11.799999999997368
2024-01-31T16:15:00.000Z,AUD/USD,SELL,2024-01-31T16:17:00.000Z,2821,10.899999999999244
2024-01-31T18:15:00.000Z,USD/JPY,BUY,2024-01-31T18:17:00.000Z,2821,10.499999999998977
2024-01-31T18:15:00.000Z,EUR/JPY,BUY,2024-01-31T18:17:00.000Z,2821,9.999999999999432
2024-01-31T18:45:00.000Z,AUD/JPY,BUY,2024-01-31T18:47:00.000Z,2821,9.999999999999432
2024-01-31T19:45:00.000Z,AUD/JPY,BUY,2024-01-31T19:47:00.000Z,2821,-54.60000000000065
2024-01-31T20:15:00.000Z,EUR/JPY,BUY,2024-01-31T20:17:00.000Z,2821,9.999999999999432
2024-02-01T04:45:00.000Z,AUD/JPY,BUY,2024-02-01T04:47:00.000Z,2821,11.199999999999477
2024-02-01T08:00:00.000Z,EUR/USD,BUY,2024-02-01T08:02:00.000Z,2821,9.999999999998899
2024-02-01T08:00:00.000Z,AUD/USD,BUY,2024-02-01T08:02:00.000Z,2821,12.099999999999334
2024-02-01T08:45:00.000Z,EUR/USD,BUY,2024-02-01T08:47:00.000Z,2821,9.999999999998899
2024-02-01T08:45:00.000Z,AUD/USD,BUY,2024-02-01T08:47:00.000Z,2821,11.900000000000244
2024-02-01T09:00:00.000Z,EUR/JPY,BUY,2024-02-01T09:02:00.000Z,2821,9.999999999999432
2024-02-01T09:30:00.000Z,AUD/JPY,BUY,2024-02-01T09:32:00.000Z,2821,9.999999999999432
2024-02-01T09:30:00.000Z,AUD/USD,BUY,2024-02-01T09:32:00.000Z,2821,10.000000000000009
2024-02-01T11:30:00.000Z,AUD/USD,BUY,2024-02-01T11:32:00.000Z,2821,0
2024-02-01T11:45:00.000Z,AUD/JPY,BUY,2024-02-01T11:47:00.000Z,2821,9.999999999999432
2024-02-01T13:00:00.000Z,EUR/JPY,SELL,2024-02-01T13:02:00.000Z,2821,11.7999999999995
2024-02-01T17:45:00.000Z,AUD/USD,SELL,2024-02-01T17:47:00.000Z,2821,11.200000000000099
2024-02-01T18:30:00.000Z,EUR/USD,SELL,2024-02-01T18:32:00.000Z,2821,11.099999999997223
2024-02-01T18:30:00.000Z,AUD/USD,SELL,2024-02-01T18:32:00.000Z,2821,10.800000000000809
2024-02-01T19:30:00.000Z,EUR/USD,SELL,2024-02-01T19:32:00.000Z,2821,9.999999999998899
2024-02-01T20:45:00.000Z,AUD/USD,SELL,2024-02-01T20:47:00.000Z,2821,10.000000000000009
2024-02-01T21:30:00.000Z,AUD/JPY,SELL,2024-02-01T21:32:00.000Z,2821,-44.99999999999886
2024-02-01T21:30:00.000Z,AUD/USD,SELL,2024-02-01T21:32:00.000Z,2821,10.000000000000009
2024-02-02T01:00:00.000Z,EUR/USD,SELL,2024-02-02T01:02:00.000Z,2821,9.999999999998899
2024-02-02T01:00:00.000Z,AUD/USD,SELL,2024-02-02T01:02:00.000Z,2821,10.000000000000009
2024-02-02T03:30:00.000Z,AUD/JPY,SELL,2024-02-02T03:32:00.000Z,2821,-20.599999999998886
2024-02-02T03:30:00.000Z,AUD/USD,SELL,2024-02-02T03:32:00.000Z,2821,10.000000000000009
2024-02-02T04:30:00.000Z,AUD/USD,SELL,2024-02-02T04:32:00.000Z,2821,10.000000000000009
2024-02-02T04:45:00.000Z,AUD/JPY,SELL,2024-02-02T04:47:00.000Z,2821,9.999999999999432
2024-02-02T06:00:00.000Z,AUD/JPY,SELL,2024-02-02T06:02:00.000Z,2821,9.999999999999432
2024-02-02T07:45:00.000Z,AUD/JPY,SELL,2024-02-02T07:47:00.000Z,2821,9.999999999999432
2024-02-02T08:30:00.000Z,EUR/JPY,SELL,2024-02-02T08:32:00.000Z,2821,10.3999999999985
2024-02-02T09:30:00.000Z,USD/JPY,SELL,2024-02-02T09:32:00.000Z,2821,9.999999999999432
2024-02-02T10:00:00.000Z,EUR/JPY,SELL,2024-02-02T10:02:00.000Z,2821,9.999999999999432
2024-02-02T11:00:00.000Z,AUD/JPY,SELL,2024-02-02T11:02:00.000Z,2821,9.999999999999432
2024-02-02T15:00:00.000Z,AUD/JPY,BUY,2024-02-02T15:02:00.000Z,2821,10.799999999998988
2024-02-02T16:00:00.000Z,EUR/USD,BUY,2024-02-02T16:02:00.000Z,2821,-11.900000000000244
2024-02-02T16:15:00.000Z,EUR/JPY,SELL,2024-02-02T16:17:00.000Z,2821,10.799999999997567
2024-02-02T18:45:00.000Z,USD/JPY,SELL,2024-02-02T18:47:00.000Z,2821,-12.5
2024-02-02T18:45:00.000Z,EUR/USD,BUY,2024-02-02T18:47:00.000Z,2821,1.2999999999996348
2024-02-02T18:45:00.000Z,AUD/USD,BUY,2024-02-02T18:47:00.000Z,2821,-1.2000000000000899
2024-02-04T23:30:00.000Z,EUR/USD,BUY,2024-02-04T23:32:00.000Z,2822,9.999999999998899
2024-02-04T23:30:00.000Z,AUD/USD,BUY,2024-02-04T23:32:00.000Z,2822,10.200000000000209
2024-02-04T23:45:00.000Z,USD/JPY,SELL,2024-02-04T23:47:00.000Z,2822,9.999999999999432
2024-02-05T01:15:00.000Z,USD/JPY,SELL,2024-02-05T01:17:00.000Z,2822,12.399999999999523
2024-02-05T11:15:00.000Z,EUR/USD,BUY,2024-02-05T11:17:00.000Z,2822,-27.800000000000047
2024-02-05T14:00:00.000Z,AUD/JPY,BUY,2024-02-05T14:02:00.000Z,2822,12.199999999998568
2024-02-05T14:15:00.000Z,EUR/USD,BUY,2024-02-05T14:17:00.000Z,2822,9.999999999998899
2024-02-05T15:00:00.000Z,EUR/USD,BUY,2024-02-05T15:02:00.000Z,2822,20.000000000000018
2024-02-05T15:30:00.000Z,AUD/JPY,BUY,2024-02-05T15:32:00.000Z,2822,9.999999999999432
2024-02-05T16:15:00.000Z,EUR/USD,BUY,2024-02-05T16:17:00.000Z,2822,9.999999999998899
2024-02-05T16:15:00.000Z,AUD/USD,BUY,2024-02-05T16:17:00.000Z,2822,11.800000000000699
2024-02-06T04:15:00.000Z,AUD/JPY,SELL,2024-02-06T04:17:00.000Z,2822,10.599999999999454
2024-02-06T05:00:00.000Z,AUD/JPY,SELL,2024-02-06T05:02:00.000Z,2822,9.999999999999432
2024-02-06T05:30:00.000Z,AUD/USD,SELL,2024-02-06T05:32:00.000Z,2822,11.400000000000299
2024-02-06T06:00:00.000Z,AUD/USD,SELL,2024-02-06T06:02:00.000Z,2822,10.000000000000009
2024-02-06T07:30:00.000Z,EUR/USD,SELL,2024-02-06T07:32:00.000Z,2822,10.299999999998644
2024-02-06T10:15:00.000Z,EUR/USD,BUY,2024-02-06T10:17:00.000Z,2822,9.999999999998899
2024-02-06T11:30:00.000Z,EUR/USD,BUY,2024-02-06T11:32:00.000Z,2822,10.899999999998133
2024-02-06T16:30:00.000Z,EUR/JPY,BUY,2024-02-06T16:32:00.000Z,2822,9.999999999999432
2024-02-06T18:15:00.000Z,AUD/USD,SELL,2024-02-06T18:17:00.000Z,2822,-0.40000000000040004
2024-02-06T18:30:00.000Z,USD/JPY,BUY,2024-02-06T18:32:00.000Z,2822,12.199999999998568
2024-02-06T18:30:00.000Z,EUR/JPY,BUY,2024-02-06T18:32:00.000Z,2822,11.400000000000432
2024-02-06T19:00:00.000Z,EUR/JPY,BUY,2024-02-06T19:02:00.000Z,2822,9.999999999999432
2024-02-06T19:15:00.000Z,USD/JPY,BUY,2024-02-06T19:17:00.000Z,2822,12.699999999998113
2024-02-07T02:45:00.000Z,AUD/USD,SELL,2024-02-07T02:47:00.000Z,2822,10.200000000000209
2024-02-07T03:00:00.000Z,EUR/USD,SELL,2024-02-07T03:02:00.000Z,2822,-19.299999999999873
2024-02-07T03:30:00.000Z,EUR/USD,SELL,2024-02-07T03:32:00.000Z,2822,-20.999999999999908
2024-02-07T03:45:00.000Z,AUD/JPY,SELL,2024-02-07T03:47:00.000Z,2822,10.599999999999454
2024-02-07T07:45:00.000Z,EUR/USD,SELL,2024-02-07T07:47:00.000Z,2822,9.999999999998899
2024-02-07T08:15:00.000Z,EUR/USD,SELL,2024-02-07T08:17:00.000Z,2822,-15.099999999999003
2024-02-07T13:45:00.000Z,EUR/JPY,SELL,2024-02-07T13:47:00.000Z,2822,10.80000000000041
2024-02-07T13:45:00.000Z,AUD/JPY,SELL,2024-02-07T13:47:00.000Z,2822,9.999999999999432
2024-02-07T13:45:00.000Z,EUR/USD,SELL,2024-02-07T13:47:00.000Z,2822,9.999999999998899
2024-02-08T02:45:00.000Z,USD/JPY,SELL,2024-02-08T02:47:00.000Z,2822,-93.99999999999977
2024-02-08T03:15:00.000Z,AUD/JPY,SELL,2024-02-08T03:17:00.000Z,2822,-15.59999999999917
2024-02-08T03:45:00.000Z,EUR/JPY,SELL,2024-02-08T03:47:00.000Z,2822,-99.80000000000189
2024-02-08T03:45:00.000Z,EUR/USD,SELL,2024-02-08T03:47:00.000Z,2822,10.300000000000864
2024-02-08T04:45:00.000Z,AUD/JPY,SELL,2024-02-08T04:47:00.000Z,2822,9.999999999999432
2024-02-08T07:45:00.000Z,AUD/JPY,SELL,2024-02-08T07:47:00.000Z,2822,9.999999999999432
2024-02-08T08:30:00.000Z,EUR/JPY,SELL,2024-02-08T08:32:00.000Z,2822,9.999999999999432
2024-02-08T09:00:00.000Z,USD/JPY,SELL,2024-02-08T09:02:00.000Z,2822,-63.59999999999957
2024-02-08T09:00:00.000Z,AUD/USD,BUY,2024-02-08T09:02:00.000Z,2822,-4.3999999999999595
2024-02-08T11:45:00.000Z,USD/JPY,SELL,2024-02-08T11:47:00.000Z,2822,-33.60000000000127
2024-02-08T11:45:00.000Z,EUR/JPY,SELL,2024-02-08T11:47:00.000Z,2822,12.79999999999859
2024-02-08T11:45:00.000Z,EUR/USD,BUY,2024-02-08T11:47:00.000Z,2822,11.499999999997623
2024-02-08T11:45:00.000Z,AUD/USD,BUY,2024-02-08T11:47:00.000Z,2822,10.599999999999499
2024-02-08T12:15:00.000Z,USD/JPY,SELL,2024-02-08T12:17:00.000Z,2822,-28.49999999999966
2024-02-08T13:00:00.000Z,EUR/USD,BUY,2024-02-08T13:02:00.000Z,2822,10.599999999998388
2024-02-08T13:15:00.000Z,USD/JPY,SELL,2024-02-08T13:17:00.000Z,2822,-29.20000000000016
2024-02-08T14:00:00.000Z,USD/JPY,SELL,2024-02-08T14:02:00.000Z,2822,9.999999999999432
2024-02-08T14:15:00.000Z,EUR/USD,BUY,2024-02-08T14:17:00.000Z,2822,0
2024-02-08T14:15:00.000Z,AUD/USD,BUY,2024-02-08T14:17:00.000Z,2822,10.000000000000009
2024-02-08T15:00:00.000Z,AUD/USD,BUY,2024-02-08T15:02:00.000Z,2822,10.000000000000009
2024-02-08T18:15:00.000Z,EUR/JPY,SELL,2024-02-08T18:17:00.000Z,2822,11.099999999999
2024-02-08T18:45:00.000Z,EUR/JPY,SELL,2024-02-08T18:47:00.000Z,2822,10.499999999998977
2024-02-09T08:00:00.000Z,AUD/USD,SELL,2024-02-09T08:02:00.000Z,2822,-22.799999999999486
2024-02-09T08:45:00.000Z,EUR/JPY,SELL,2024-02-09T08:47:00.000Z,2822,9.999999999999432
2024-02-09T09:45:00.000Z,AUD/USD,SELL,2024-02-09T09:47:00.000Z,2822,-19.299999999999873
2024-02-09T10:15:00.000Z,AUD/JPY,SELL,2024-02-09T10:17:00.000Z,2822,-26.39999999999958
2024-02-09T13:00:00.000Z,AUD/JPY,SELL,2024-02-09T13:02:00.000Z,2822,-16.799999999999216
2024-02-09T14:30:00.000Z,AUD/JPY,SELL,2024-02-09T14:32:00.000Z,2822,-11.599999999999966
2024-02-09T14:30:00.000Z,EUR/USD,SELL,2024-02-09T14:32:00.000Z,2822,-9.699999999999154
2024-02-09T14:30:00.000Z,AUD/USD,SELL,2024-02-09T14:32:00.000Z,2822,-10.700000000000154
2024-02-09T15:00:00.000Z,AUD/JPY,SELL,2024-02-09T15:02:00.000Z,2822,10.899999999999466
2024-02-12T01:00:00.000Z,EUR/USD,SELL,2024-02-12T01:02:00.000Z,2823,9.999999999998899
2024-02-12T01:15:00.000Z,USD/JPY,BUY,2024-02-12T01:17:00.000Z,2823,9.999999999999432
2024-02-12T08:45:00.000Z,USD/JPY,BUY,2024-02-12T08:47:00.000Z,2823,9.999999999999432
2024-02-12T08:45:00.000Z,EUR/JPY,BUY,2024-02-12T08:47:00.000Z,2823,9.999999999999432
2024-02-12T09:15:00.000Z,EUR/JPY,BUY,2024-02-12T09:17:00.000Z,2823,9.999999999999432
2024-02-12T09:15:00.000Z,AUD/JPY,BUY,2024-02-12T09:17:00.000Z,2823,9.999999999999432
2024-02-12T10:00:00.000Z,AUD/JPY,BUY,2024-02-12T10:02:00.000Z,2823,9.999999999999432
2024-02-12T10:15:00.000Z,EUR/USD,BUY,2024-02-12T10:17:00.000Z,2823,12.899999999997913
2024-02-12T11:00:00.000Z,EUR/JPY,BUY,2024-02-12T11:02:00.000Z,2823,9.999999999999432
2024-02-12T13:15:00.000Z,EUR/JPY,BUY,2024-02-12T13:17:00.000Z,2823,11.099999999999
2024-02-12T16:30:00.000Z,USD/JPY,SELL,2024-02-12T16:32:00.000Z,2823,9.999999999999432
2024-02-12T16:45:00.000Z,EUR/JPY,SELL,2024-02-12T16:47:00.000Z,2823,9.999999999999432
2024-02-12T18:15:00.000Z,AUD/USD,SELL,2024-02-12T18:17:00.000Z,2823,10.099999999999554
2024-02-12T19:00:00.000Z,AUD/JPY,SELL,2024-02-12T19:02:00.000Z,2823,9.999999999999432
2024-02-13T04:30:00.000Z,USD/JPY,SELL,2024-02-13T04:32:00.000Z,2823,12.09999999999809
2024-02-13T05:15:00.000Z,USD/JPY,SELL,2024-02-13T05:17:00.000Z,2823,9.999999999999432
2024-02-13T05:15:00.000Z,AUD/USD,BUY,2024-02-13T05:17:00.000Z,2823,10.400000000000409
2024-02-13T05:45:00.000Z,EUR/JPY,SELL,2024-02-13T05:47:00.000Z,2823,9.999999999999432
2024-02-13T07:30:00.000Z,EUR/USD,SELL,2024-02-13T07:32:00.000Z,2823,12.799999999999478
2024-02-13T07:45:00.000Z,EUR/JPY,SELL,2024-02-13T07:47:00.000Z,2823,12.999999999999545
2024-02-13T08:45:00.000Z,USD/JPY,SELL,2024-02-13T08:47:00.000Z,2823,9.999999999999432
2024-02-13T13:30:00.000Z,USD/JPY,BUY,2024-02-13T13:32:00.000Z,2823,0
2024-02-13T13:30:00.000Z,EUR/USD,SELL,2024-02-13T13:32:00.000Z,2823,0
2024-02-13T14:30:00.000Z,EUR/USD,BUY,2024-02-13T14:32:00.000Z,2823,2.80000000000058
2024-02-13T15:15:00.000Z,EUR/JPY,SELL,2024-02-13T15:17:00.000Z,2823,9.999999999999432
2024-02-13T15:30:00.000Z,AUD/JPY,BUY,2024-02-13T15:32:00.000Z,2823,9.999999999999432
2024-02-13T15:30:00.000Z,EUR/USD,BUY,2024-02-13T15:32:00.000Z,2823,0.8999999999992347
2024-02-13T16:15:00.000Z,AUD/USD,BUY,2024-02-13T16:17:00.000Z,2823,11.800000000000699
2024-02-13T16:30:00.000Z,EUR/JPY,SELL,2024-02-13T16:32:00.000Z,2823,14.300000000000068
2024-02-13T17:00:00.000Z,AUD/USD,BUY,2024-02-13T17:02:00.000Z,2823,10.000000000000009
2024-02-13T17:30:00.000Z,EUR/JPY,SELL,2024-02-13T17:32:00.000Z,2823,14.299999999997226
2024-02-13T17:45:00.000Z,AUD/USD,BUY,2024-02-13T17:47:00.000Z,2823,10.599999999999499
2024-02-13T18:30:00.000Z,EUR/JPY,SELL,2024-02-13T18:32:00.000Z,2823,9.999999999999432
2024-02-13T20:30:00.000Z,USD/JPY,SELL,2024-02-13T20:32:00.000Z,2823,9.999999999999432
2024-02-13T20:30:00.000Z,AUD/USD,BUY,2024-02-13T20:32:00.000Z,2823,10.000000000000009
2024-02-14T07:00:00.000Z,AUD/JPY,SELL,2024-02-14T07:02:00.000Z,2823,-3.8000000000010914
2024-02-14T07:30:00.000Z,AUD/JPY,SELL,2024-02-14T07:32:00.000Z,2823,-10.600000000000875
2024-02-14T08:30:00.000Z,EUR/JPY,BUY,2024-02-14T08:32:00.000Z,2823,12.09999999999809
2024-02-14T08:30:00.000Z,AUD/JPY,SELL,2024-02-14T08:32:00.000Z,2823,9.999999999999432
2024-02-14T08:30:00.000Z,AUD/USD,SELL,2024-02-14T08:32:00.000Z,2823,-25.600000000000065
2024-02-14T09:45:00.000Z,AUD/JPY,SELL,2024-02-14T09:47:00.000Z,2823,10.39999999999992
2024-02-14T10:15:00.000Z,AUD/JPY,SELL,2024-02-14T10:17:00.000Z,2823,11.199999999999477
2024-02-14T13:30:00.000Z,AUD/JPY,SELL,2024-02-14T13:32:00.000Z,2823,9.999999999999432
2024-02-14T13:30:00.000Z,AUD/USD,SELL,2024-02-14T13:32:00.000Z,2823,-36.10000000000002
2024-02-14T17:15:00.000Z,EUR/USD,SELL,2024-02-14T17:17:00.000Z,2823,-29.89999999999826
2024-02-15T00:45:00.000Z,AUD/USD,SELL,2024-02-15T00:47:00.000Z,2823,-23.999999999999577
2024-02-15T01:30:00.000Z,USD/JPY,BUY,2024-02-15T01:32:00.000Z,2823,-12.899999999999068
2024-02-15T01:45:00.000Z,AUD/USD,BUY,2024-02-15T01:47:00.000Z,2823,10.000000000000009
2024-02-15T02:15:00.000Z,USD/JPY,BUY,2024-02-15T02:17:00.000Z,2823,-8.400000000000318
2024-02-15T02:15:00.000Z,EUR/JPY,BUY,2024-02-15T02:17:00.000Z,2823,12.599999999997635
2024-02-15T02:45:00.000Z,AUD/JPY,BUY,2024-02-15T02:47:00.000Z,2823,10.69999999999851
2024-02-15T05:30:00.000Z,EUR/JPY,BUY,2024-02-15T05:32:00.000Z,2823,9.999999999999432
2024-02-15T05:45:00.000Z,USD/JPY,BUY,2024-02-15T05:47:00.000Z,2823,10.3999999999985
2024-02-15T13:00:00.000Z,EUR/USD,SELL,2024-02-15T13:02:00.000Z,2823,-24.399999999999977
2024-02-15T14:00:00.000Z,USD/JPY,BUY,2024-02-15T14:02:00.000Z,2823,9.999999999999432
2024-02-15T14:00:00.000Z,AUD/JPY,SELL,2024-02-15T14:02:00.000Z,2823,-28.09999999999917
2024-02-15T14:15:00.000Z,AUD/USD,SELL,2024-02-15T14:17:00.000Z,2823,10.600000000000609
2024-02-15T15:30:00.000Z,EUR/JPY,SELL,2024-02-15T15:32:00.000Z,2823,12.399999999999523
2024-02-15T15:45:00.000Z,EUR/USD,SELL,2024-02-15T15:47:00.000Z,2823,9.999999999998899
2024-02-15T15:45:00.000Z,AUD/USD,SELL,2024-02-15T15:47:00.000Z,2823,10.299999999999754
2024-02-15T16:00:00.000Z,EUR/JPY,SELL,2024-02-15T16:02:00.000Z,2823,-31.000000000000227
2024-02-15T16:15:00.000Z,AUD/JPY,SELL,2024-02-15T16:17:00.000Z,2823,-36.599999999999966
2024-02-15T23:45:00.000Z,EUR/USD,SELL,2024-02-15T23:47:00.000Z,2823,10.499999999999954
2024-02-15T23:45:00.000Z,AUD/USD,SELL,2024-02-15T23:47:00.000Z,2823,10.299999999999754
2024-02-16T03:15:00.000Z,USD/JPY,SELL,2024-02-16T03:17:00.000Z,2823,12.600000000000477
2024-02-16T04:45:00.000Z,USD/JPY,SELL,2024-02-16T04:47:00.000Z,2823,9.999999999999432
2024-02-16T05:45:00.000Z,AUD/JPY,SELL,2024-02-16T05:47:00.000Z,2823,-24.69999999999999
2024-02-16T07:45:00.000Z,AUD/USD,SELL,2024-02-16T07:47:00.000Z,2823,10.000000000000009
2024-02-16T14:00:00.000Z,EUR/USD,BUY,2024-02-16T14:02:00.000Z,2823,9.999999999998899
2024-02-16T14:00:00.000Z,AUD/USD,BUY,2024-02-16T14:02:00.000Z,2823,10.000000000000009
2024-02-16T14:45:00.000Z,USD/JPY,SELL,2024-02-16T14:47:00.000Z,2823,10.599999999999454
2024-02-19T01:30:00.000Z,USD/JPY,BUY,2024-02-19T01:32:00.000Z,2824,9.999999999999432
2024-02-19T01:30:00.000Z,AUD/USD,SELL,2024-02-19T01:32:00.000Z,2824,10.000000000000009
2024-02-19T09:45:00.000Z,EUR/JPY,BUY,2024-02-19T09:47:00.000Z,2824,11.100000000001842
2024-02-19T16:45:00.000Z,USD/JPY,SELL,2024-02-19T16:47:00.000Z,2824,9.999999999999432
2024-02-19T18:15:00.000Z,USD/JPY,SELL,2024-02-19T18:17:00.000Z,2824,9.999999999999432
2024-02-19T19:30:00.000Z,EUR/JPY,SELL,2024-02-19T19:32:00.000Z,2824,10.400000000001342
2024-02-20T00:15:00.000Z,USD/JPY,SELL,2024-02-20T00:17:00.000Z,2824,9.999999999999432
2024-02-20T00:45:00.000Z,AUD/USD,BUY,2024-02-20T00:47:00.000Z,2824,10.000000000000009
2024-02-20T01:00:00.000Z,USD/JPY,SELL,2024-02-20T01:02:00.000Z,2824,9.999999999999432
2024-02-20T01:30:00.000Z,USD/JPY,SELL,2024-02-20T01:32:00.000Z,2824,10.599999999999454
2024-02-20T01:30:00.000Z,EUR/USD,BUY,2024-02-20T01:32:00.000Z,2824,10.699999999999044
2024-02-20T01:30:00.000Z,AUD/USD,BUY,2024-02-20T01:32:00.000Z,2824,11.800000000000699
2024-02-20T07:00:00.000Z,EUR/JPY,SELL,2024-02-20T07:02:00.000Z,2824,14.500000000001023
2024-02-20T07:30:00.000Z,EUR/JPY,SELL,2024-02-20T07:32:00.000Z,2824,-26.800000000000068
2024-02-20T10:15:00.000Z,AUD/JPY,SELL,2024-02-20T10:17:00.000Z,2824,9.999999999999432
2024-02-20T11:00:00.000Z,EUR/JPY,SELL,2024-02-20T11:02:00.000Z,2824,9.999999999999432
2024-02-20T11:00:00.000Z,AUD/JPY,SELL,2024-02-20T11:02:00.000Z,2824,9.999999999999432
2024-02-20T11:15:00.000Z,USD/JPY,BUY,2024-02-20T11:17:00.000Z,2824,-15.800000000001546
2024-02-20T11:15:00.000Z,EUR/USD,SELL,2024-02-20T11:17:00.000Z,2824,-3.1999999999987594
2024-02-20T11:15:00.000Z,AUD/USD,SELL,2024-02-20T11:17:00.000Z,2824,0.20000000000020002
2024-02-20T12:45:00.000Z,EUR/USD,SELL,2024-02-20T12:47:00.000Z,2824,10.199999999997988
2024-02-20T13:00:00.000Z,AUD/JPY,SELL,2024-02-20T13:02:00.000Z,2824,11.299999999999955
2024-02-20T13:00:00.000Z,AUD/USD,SELL,2024-02-20T13:02:00.000Z,2824,10.400000000000409
2024-02-20T13:30:00.000Z,AUD/JPY,SELL,2024-02-20T13:32:00.000Z,2824,9.999999999999432
2024-02-20T13:30:00.000Z,AUD/USD,SELL,2024-02-20T13:32:00.000Z,2824,13.100000000000334
2024-02-20T14:45:00.000Z,USD/JPY,BUY,2024-02-20T14:47:00.000Z,2824,9.999999999999432
2024-02-20T14:45:00.000Z,AUD/USD,SELL,2024-02-20T14:47:00.000Z,2824,10.000000000000009
2024-02-20T15:15:00.000Z,EUR/USD,SELL,2024-02-20T15:17:00.000Z,2824,9.999999999998899
2024-02-20T16:00:00.000Z,AUD/JPY,BUY,2024-02-20T16:02:00.000Z,2824,10.499999999998977
2024-02-20T16:15:00.000Z,USD/JPY,BUY,2024-02-20T16:17:00.000Z,2824,10.299999999998022
2024-02-21T04:00:00.000Z,AUD/JPY,SELL,2024-02-21T04:02:00.000Z,2824,9.999999999999432
2024-02-21T04:15:00.000Z,AUD/USD,SELL,2024-02-21T04:17:00.000Z,2824,10.000000000000009
2024-02-21T05:15:00.000Z,AUD/JPY,SELL,2024-02-21T05:17:00.000Z,2824,11.099999999999
2024-02-21T06:00:00.000Z,AUD/JPY,SELL,2024-02-21T06:02:00.000Z,2824,9.999999999999432
2024-02-21T08:45:00.000Z,USD/JPY,SELL,2024-02-21T08:47:00.000Z,2824,9.999999999999432
2024-02-21T09:45:00.000Z,EUR/USD,BUY,2024-02-21T09:47:00.000Z,2824,11.199999999997878
2024-02-21T16:00:00.000Z,EUR/JPY,SELL,2024-02-21T16:02:00.000Z,2824,-31.60000000000025
2024-02-21T17:30:00.000Z,EUR/JPY,SELL,2024-02-21T17:32:00.000Z,2824,-47.30000000000132
2024-02-21T18:00:00.000Z,USD/JPY,SELL,2024-02-21T18:02:00.000Z,2824,16.100000000000136
2024-02-21T23:00:00.000Z,EUR/JPY,SELL,2024-02-21T23:02:00.000Z,2824,-24.199999999999022
2024-02-22T00:45:00.000Z,USD/JPY,SELL,2024-02-22T00:47:00.000Z,2824,9.999999999999432
2024-02-22T01:15:00.000Z,EUR/USD,SELL,2024-02-22T01:17:00.000Z,2824,10.099999999999554
2024-02-22T01:30:00.000Z,EUR/JPY,SELL,2024-02-22T01:32:00.000Z,2824,9.999999999999432
2024-02-22T01:30:00.000Z,AUD/JPY,SELL,2024-02-22T01:32:00.000Z,2824,11.199999999999477
2024-02-22T06:00:00.000Z,EUR/USD,SELL,2024-02-22T06:02:00.000Z,2824,10.099999999997333
2024-02-22T08:00:00.000Z,USD/JPY,BUY,2024-02-22T08:02:00.000Z,2824,9.999999999999432
2024-02-22T08:30:00.000Z,USD/JPY,BUY,2024-02-22T08:32:00.000Z,2824,9.999999999999432
2024-02-22T08:45:00.000Z,EUR/USD,SELL,2024-02-22T08:47:00.000Z,2824,11.599999999998278
2024-02-22T09:15:00.000Z,EUR/JPY,SELL,2024-02-22T09:17:00.000Z,2824,0
2024-02-22T09:15:00.000Z,EUR/USD,SELL,2024-02-22T09:17:00.000Z,2824,0
2024-02-22T09:15:00.000Z,AUD/USD,SELL,2024-02-22T09:17:00.000Z,2824,10.000000000000009
2024-02-22T09:30:00.000Z,AUD/JPY,SELL,2024-02-22T09:32:00.000Z,2824,9.999999999999432
2024-02-22T14:30:00.000Z,AUD/JPY,BUY,2024-02-22T14:32:00.000Z,2824,11.699999999999022
2024-02-22T15:00:00.000Z,USD/JPY,SELL,2024-02-22T15:02:00.000Z,2824,19.499999999999318
2024-02-22T15:00:00.000Z,EUR/USD,BUY,2024-02-22T15:02:00.000Z,2824,16.999999999998128
2024-02-22T15:00:00.000Z,AUD/USD,BUY,2024-02-22T15:02:00.000Z,2824,14.500000000000624
2024-02-22T15:45:00.000Z,AUD/USD,BUY,2024-02-22T15:47:00.000Z,2824,12.699999999999934
2024-02-22T16:45:00.000Z,AUD/JPY,BUY,2024-02-22T16:47:00.000Z,2824,9.999999999999432
2024-02-22T17:00:00.000Z,AUD/USD,BUY,2024-02-22T17:02:00.000Z,2824,10.000000000000009
2024-02-23T02:00:00.000Z,AUD/JPY,SELL,2024-02-23T02:02:00.000Z,2824,9.999999999999432
2024-02-23T02:00:00.000Z,AUD/USD,SELL,2024-02-23T02:02:00.000Z,2824,10.000000000000009
2024-02-23T07:00:00.000Z,USD/JPY,SELL,2024-02-23T07:02:00.000Z,2824,10.099999999999909
2024-02-23T10:00:00.000Z,AUD/USD,BUY,2024-02-23T10:02:00.000Z,2824,0
2024-02-23T11:00:00.000Z,USD/JPY,SELL,2024-02-23T11:02:00.000Z,2824,11.000000000001364
2024-02-23T13:30:00.000Z,USD/JPY,BUY,2024-02-23T13:32:00.000Z,2824,9.999999999999432
2024-02-23T13:30:00.000Z,AUD/USD,SELL,2024-02-23T13:32:00.000Z,2824,10.000000000000009
2024-02-23T16:45:00.000Z,AUD/JPY,BUY,2024-02-23T16:47:00.000Z,2824,9.999999999999432
2024-02-26T01:30:00.000Z,EUR/JPY,BUY,2024-02-26T01:32:00.000Z,2825,0
2024-02-26T01:30:00.000Z,AUD/JPY,BUY,2024-02-26T01:32:00.000Z,2825,9.999999999999432
2024-02-26T01:30:00.000Z,AUD/USD,BUY,2024-02-26T01:32:00.000Z,2825,-22.799999999999486
2024-02-26T07:45:00.000Z,EUR/USD,SELL,2024-02-26T07:47:00.000Z,2825,-25.500000000000522
2024-02-26T08:15:00.000Z,EUR/USD,SELL,2024-02-26T08:17:00.000Z,2825,-27.600000000000957
2024-02-26T10:00:00.000Z,USD/JPY,SELL,2024-02-26T10:02:00.000Z,2825,9.999999999999432
2024-02-26T13:00:00.000Z,EUR/JPY,SELL,2024-02-26T13:02:00.000Z,2825,9.999999999999432
2024-02-26T13:00:00.000Z,EUR/USD,SELL,2024-02-26T13:02:00.000Z,2825,9.999999999998899
2024-02-26T14:15:00.000Z,EUR/JPY,SELL,2024-02-26T14:17:00.000Z,2825,10.400000000001342
2024-02-26T14:15:00.000Z,EUR/USD,SELL,2024-02-26T14:17:00.000Z,2825,0.9999999999998899
2024-02-26T17:30:00.000Z,EUR/JPY,SELL,2024-02-26T17:32:00.000Z,2825,10.099999999999909
2024-02-27T01:00:00.000Z,EUR/JPY,BUY,2024-02-27T01:02:00.000Z,2825,-18.39999999999975
2024-02-27T01:30:00.000Z,EUR/JPY,BUY,2024-02-27T01:32:00.000Z,2825,-20.79999999999984
2024-02-27T01:45:00.000Z,AUD/JPY,BUY,2024-02-27T01:47:00.000Z,2825,11.299999999998533
2024-02-27T02:30:00.000Z,USD/JPY,BUY,2024-02-27T02:32:00.000Z,2825,-9.600000000000364
2024-02-27T03:00:00.000Z,USD/JPY,BUY,2024-02-27T03:02:00.000Z,2825,-3.300000000001546
2024-02-27T03:30:00.000Z,AUD/JPY,BUY,2024-02-27T03:32:00.000Z,2825,9.999999999999432
2024-02-27T04:45:00.000Z,USD/JPY,BUY,2024-02-27T04:47:00.000Z,2825,9.999999999999432
2024-02-27T07:45:00.000Z,AUD/USD,SELL,2024-02-27T07:47:00.000Z,2825,10.000000000000009
2024-02-27T09:00:00.000Z,AUD/USD,SELL,2024-02-27T09:02:00.000Z,2825,11.100000000000554
2024-02-27T10:00:00.000Z,USD/JPY,BUY,2024-02-27T10:02:00.000Z,2825,11.400000000000432
2024-02-27T10:00:00.000Z,EUR/JPY,BUY,2024-02-27T10:02:00.000Z,2825,17.99999999999784
2024-02-27T10:30:00.000Z,EUR/JPY,BUY,2024-02-27T10:32:00.000Z,2825,9.999999999999432
2024-02-27T17:15:00.000Z,EUR/JPY,SELL,2024-02-27T17:17:00.000Z,2825,9.999999999999432
2024-02-28T01:30:00.000Z,AUD/JPY,BUY,2024-02-28T01:32:00.000Z,2825,-50.39999999999907
2024-02-28T02:30:00.000Z,EUR/JPY,BUY,2024-02-28T02:32:00.000Z,2825,9.999999999999432
2024-02-28T02:30:00.000Z,AUD/JPY,BUY,2024-02-28T02:32:00.000Z,2825,-65.99999999999966
2024-02-28T03:00:00.000Z,EUR/JPY,BUY,2024-02-28T03:02:00.000Z,2825,10.599999999999454
2024-02-28T03:00:00.000Z,AUD/JPY,BUY,2024-02-28T03:02:00.000Z,2825,-68.20000000000022
2024-02-28T04:00:00.000Z,AUD/JPY,BUY,2024-02-28T04:02:00.000Z,2825,-56.60000000000025
2024-02-28T04:00:00.000Z,EUR/USD,BUY,2024-02-28T04:02:00.000Z,2825,9.999999999998899
2024-02-28T04:30:00.000Z,AUD/USD,BUY,2024-02-28T04:32:00.000Z,2825,-3.9000000000000146
2024-02-28T06:00:00.000Z,USD/JPY,SELL,2024-02-28T06:02:00.000Z,2825,9.999999999999432
2024-02-28T06:00:00.000Z,AUD/USD,BUY,2024-02-28T06:02:00.000Z,2825,-0.40000000000040004
2024-02-28T06:15:00.000Z,EUR/USD,BUY,2024-02-28T06:17:00.000Z,2825,9.999999999998899
2024-02-28T07:15:00.000Z,USD/JPY,SELL,2024-02-28T07:17:00.000Z,2825,10.499999999998977
2024-02-28T08:00:00.000Z,EUR/USD,BUY,2024-02-28T08:02:00.000Z,2825,10.699999999999044
2024-02-28T08:00:00.000Z,AUD/USD,BUY,2024-02-28T08:02:00.000Z,2825,10.000000000000009
2024-02-28T09:45:00.000Z,USD/JPY,SELL,2024-02-28T09:47:00.000Z,2825,9.999999999999432
2024-02-28T10:15:00.000Z,EUR/JPY,BUY,2024-02-28T10:17:00.000Z,2825,9.999999999999432
2024-02-28T10:15:00.000Z,EUR/USD,BUY,2024-02-28T10:17:00.000Z,2825,9.999999999998899
2024-02-28T11:00:00.000Z,AUD/JPY,BUY,2024-02-28T11:02:00.000Z,2825,-42.00000000000017
2024-02-28T11:00:00.000Z,AUD/USD,BUY,2024-02-28T11:02:00.000Z,2825,10.000000000000009
2024-02-28T11:30:00.000Z,AUD/JPY,BUY,2024-02-28T11:32:00.000Z,2825,-46.50000000000034
2024-02-29T03:45:00.000Z,AUD/JPY,BUY,2024-02-29T03:47:00.000Z,2825,9.999999999999432
2024-02-29T05:30:00.000Z,USD/JPY,BUY,2024-02-29T05:32:00.000Z,2825,9.999999999999432
2024-02-29T05:30:00.000Z,EUR/JPY,BUY,2024-02-29T05:32:00.000Z,2825,9.999999999999432
2024-02-29T05:30:00.000Z,AUD/USD,SELL,2024-02-29T05:32:00.000Z,2825,10.000000000000009
2024-02-29T07:15:00.000Z,EUR/JPY,BUY,2024-02-29T07:17:00.000Z,2825,11.299999999999955
2024-02-29T07:45:00.000Z,USD/JPY,BUY,2024-02-29T07:47:00.000Z,2825,19.299999999998363
2024-02-29T07:45:00.000Z,EUR/JPY,BUY,2024-02-29T07:47:00.000Z,2825,19.499999999999318
2024-02-29T08:15:00.000Z,USD/JPY,BUY,2024-02-29T08:17:00.000Z,2825,16.699999999997317
2024-02-29T08:15:00.000Z,EUR/JPY,BUY,2024-02-29T08:17:00.000Z,2825,11.299999999999955
2024-02-29T08:30:00.000Z,AUD/JPY,BUY,2024-02-29T08:32:00.000Z,2825,9.999999999999432
2024-02-29T09:30:00.000Z,AUD/JPY,BUY,2024-02-29T09:32:00.000Z,2825,9.999999999999432
2024-02-29T15:30:00.000Z,AUD/USD,SELL,2024-02-29T15:32:00.000Z,2825,10.999999999999899
2024-02-29T15:45:00.000Z,USD/JPY,BUY,2024-02-29T15:47:00.000Z,2825,0
2024-02-29T16:00:00.000Z,EUR/JPY,BUY,2024-02-29T16:02:00.000Z,2825,9.999999999999432
2024-02-29T18:15:00.000Z,EUR/USD,BUY,2024-02-29T18:17:00.000Z,2825,9.999999999998899
2024-03-01T00:30:00.000Z,AUD/JPY,SELL,2024-03-01T00:32:00.000Z,2825,-46.79999999999893
2024-03-01T01:00:00.000Z,USD/JPY,SELL,2024-03-01T01:02:00.000Z,2825,15.799999999998704
2024-03-01T01:30:00.000Z,AUD/JPY,SELL,2024-03-01T01:32:00.000Z,2825,-34.69999999999942
2024-03-01T03:15:00.000Z,USD/JPY,SELL,2024-03-01T03:17:00.000Z,2825,12.5
2024-03-01T03:45:00.000Z,EUR/JPY,SELL,2024-03-01T03:47:00.000Z,2825,10.699999999999932
2024-03-01T04:45:00.000Z,USD/JPY,SELL,2024-03-01T04:47:00.000Z,2825,9.999999999999432
2024-03-01T04:45:00.000Z,AUD/JPY,SELL,2024-03-01T04:47:00.000Z,2825,9.999999999999432
2024-03-01T06:15:00.000Z,USD/JPY,SELL,2024-03-01T06:17:00.000Z,2825,11.50000000000091
2024-03-01T06:15:00.000Z,EUR/JPY,SELL,2024-03-01T06:17:00.000Z,2825,12.20000000000141
2024-03-01T06:30:00.000Z,AUD/JPY,SELL,2024-03-01T06:32:00.000Z,2825,9.999999999999432
2024-03-01T09:15:00.000Z,USD/JPY,SELL,2024-03-01T09:17:00.000Z,2825,9.999999999999432
2024-03-01T09:15:00.000Z,EUR/JPY,SELL,2024-03-01T09:17:00.000Z,2825,9.999999999999432
2024-03-01T09:15:00.000Z,AUD/USD,BUY,2024-03-01T09:17:00.000Z,2825,10.600000000000609
2024-03-01T16:30:00.000Z,AUD/USD,SELL,2024-03-01T16:32:00.000Z,2825,-7.599999999999829
2024-03-04T01:00:00.000Z,USD/JPY,BUY,2024-03-04T01:02:00.000Z,2826,0
2024-03-04T07:30:00.000Z,EUR/USD,SELL,2024-03-04T07:32:00.000Z,2826,9.999999999998899
2024-03-04T07:45:00.000Z,EUR/JPY,SELL,2024-03-04T07:47:00.000Z,2826,13.2000000000005
2024-03-04T08:15:00.000Z,EUR/JPY,SELL,2024-03-04T08:17:00.000Z,2826,-13.500000000001933
2024-03-05T06:15:00.000Z,AUD/JPY,BUY,2024-03-05T06:17:00.000Z,2826,-3.09999999999917
2024-03-05T08:00:00.000Z,EUR/USD,BUY,2024-03-05T08:02:00.000Z,2826,9.999999999998899
2024-03-05T08:15:00.000Z,EUR/JPY,BUY,2024-03-05T08:17:00.000Z,2826,9.999999999999432
2024-03-05T08:15:00.000Z,AUD/USD,BUY,2024-03-05T08:17:00.000Z,2826,10.700000000000154
2024-03-05T08:45:00.000Z,EUR/JPY,BUY,2024-03-05T08:47:00.000Z,2826,13.700000000000045
2024-03-05T08:45:00.000Z,AUD/USD,BUY,2024-03-05T08:47:00.000Z,2826,10.300000000000864
2024-03-05T09:15:00.000Z,AUD/JPY,BUY,2024-03-05T09:17:00.000Z,2826,9.999999999999432
2024-03-05T09:15:00.000Z,AUD/USD,BUY,2024-03-05T09:17:00.000Z,2826,10.000000000000009
2024-03-05T15:00:00.000Z,USD/JPY,BUY,2024-03-05T15:02:00.000Z,2826,-39.19999999999959
2024-03-05T15:00:00.000Z,EUR/JPY,BUY,2024-03-05T15:02:00.000Z,2826,-15.999999999999659
2024-03-05T15:30:00.000Z,EUR/USD,SELL,2024-03-05T15:32:00.000Z,2826,12.099999999999334
2024-03-05T15:30:00.000Z,AUD/USD,SELL,2024-03-05T15:32:00.000Z,2826,11.199999999998989
2024-03-05T16:00:00.000Z,USD/JPY,BUY,2024-03-05T16:02:00.000Z,2826,9.999999999999432
2024-03-05T16:00:00.000Z,EUR/USD,SELL,2024-03-05T16:02:00.000Z,2826,-31.90000000000026
2024-03-05T16:15:00.000Z,AUD/USD,SELL,2024-03-05T16:17:00.000Z,2826,10.000000000000009
2024-03-05T20:45:00.000Z,EUR/JPY,BUY,2024-03-05T20:47:00.000Z,2826,9.999999999999432
2024-03-05T20:45:00.000Z,AUD/JPY,BUY,2024-03-05T20:47:00.000Z,2826,9.999999999999432
2024-03-06T02:15:00.000Z,EUR/USD,BUY,2024-03-06T02:17:00.000Z,2826,10.399999999997078
2024-03-06T06:00:00.000Z,AUD/USD,SELL,2024-03-06T06:02:00.000Z,2826,-57.000000000000384
2024-03-06T07:30:00.000Z,EUR/JPY,BUY,2024-03-06T07:32:00.000Z,2826,12.599999999997635
2024-03-06T07:30:00.000Z,AUD/USD,SELL,2024-03-06T07:32:00.000Z,2826,-62.900000000000176
2024-03-06T08:00:00.000Z,USD/JPY,BUY,2024-03-06T08:02:00.000Z,2826,9.999999999999432
2024-03-06T08:00:00.000Z,EUR/JPY,BUY,2024-03-06T08:02:00.000Z,2826,9.999999999999432
2024-03-06T08:00:00.000Z,EUR/USD,SELL,2024-03-06T08:02:00.000Z,2826,-32.40000000000131
2024-03-06T09:15:00.000Z,EUR/USD,SELL,2024-03-06T09:17:00.000Z,2826,-23.599999999999177
2024-03-06T10:45:00.000Z,EUR/USD,SELL,2024-03-06T10:47:00.000Z,2826,-17.799999999998928
2024-03-06T11:30:00.000Z,EUR/USD,SELL,2024-03-06T11:32:00.000Z,2826,-26.500000000000412
2024-03-06T15:00:00.000Z,EUR/USD,SELL,2024-03-06T15:02:00.000Z,2826,10.600000000000609
2024-03-06T17:00:00.000Z,AUD/JPY,SELL,2024-03-06T17:02:00.000Z,2826,9.999999999999432
2024-03-06T17:45:00.000Z,EUR/USD,SELL,2024-03-06T17:47:00.000Z,2826,10.399999999999299
2024-03-06T18:00:00.000Z,AUD/JPY,SELL,2024-03-06T18:02:00.000Z,2826,10.099999999999909
2024-03-06T18:45:00.000Z,AUD/JPY,SELL,2024-03-06T18:47:00.000Z,2826,0
2024-03-06T18:45:00.000Z,AUD/USD,SELL,2024-03-06T18:47:00.000Z,2826,10.000000000000009
2024-03-07T00:30:00.000Z,USD/JPY,BUY,2024-03-07T00:32:00.000Z,2826,-134.4999999999999
2024-03-07T00:45:00.000Z,EUR/JPY,BUY,2024-03-07T00:47:00.000Z,2826,-79.09999999999968
2024-03-07T02:15:00.000Z,USD/JPY,BUY,2024-03-07T02:17:00.000Z,2826,-77.50000000000057
2024-03-07T02:45:00.000Z,AUD/JPY,BUY,2024-03-07T02:47:00.000Z,2826,9.999999999999432
2024-03-07T03:00:00.000Z,EUR/JPY,BUY,2024-03-07T03:02:00.000Z,2826,-7.399999999998386
2024-03-07T03:30:00.000Z,EUR/JPY,BUY,2024-03-07T03:32:00.000Z,2826,9.999999999999432
2024-03-07T04:45:00.000Z,EUR/JPY,BUY,2024-03-07T04:47:00.000Z,2826,11.299999999999955
2024-03-07T05:00:00.000Z,USD/JPY,BUY,2024-03-07T05:02:00.000Z,2826,9.999999999999432
2024-03-07T05:00:00.000Z,AUD/USD,SELL,2024-03-07T05:02:00.000Z,2826,10.000000000000009
2024-03-07T07:30:00.000Z,USD/JPY,BUY,2024-03-07T07:32:00.000Z,2826,-18.69999999999834
2024-03-07T08:15:00.000Z,USD/JPY,BUY,2024-03-07T08:17:00.000Z,2826,9.999999999999432
2024-03-07T09:00:00.000Z,USD/JPY,BUY,2024-03-07T09:02:00.000Z,2826,9.999999999999432
2024-03-07T09:00:00.000Z,AUD/JPY,BUY,2024-03-07T09:02:00.000Z,2826,9.999999999999432
2024-03-07T09:30:00.000Z,EUR/JPY,BUY,2024-03-07T09:32:00.000Z,2826,9.999999999999432
2024-03-07T11:30:00.000Z,AUD/USD,SELL,2024-03-07T11:32:00.000Z,2826,-41.80000000000072
2024-03-07T14:00:00.000Z,AUD/USD,SELL,2024-03-07T14:02:00.000Z,2826,-40.900000000000375
2024-03-07T14:15:00.000Z,EUR/JPY,BUY,2024-03-07T14:17:00.000Z,2826,12.5
2024-03-07T14:15:00.000Z,EUR/USD,BUY,2024-03-07T14:17:00.000Z,2826,12.499999999999734
2024-03-07T15:15:00.000Z,AUD/JPY,SELL,2024-03-07T15:17:00.000Z,2826,9.999999999999432
2024-03-07T16:45:00.000Z,AUD/JPY,SELL,2024-03-07T16:47:00.000Z,2826,10.599999999999454
2024-03-07T17:30:00.000Z,EUR/USD,SELL,2024-03-07T17:32:00.000Z,2826,9.999999999998899
2024-03-07T17:45:00.000Z,EUR/JPY,SELL,2024-03-07T17:47:00.000Z,2826,9.999999999999432
2024-03-07T17:45:00.000Z,AUD/JPY,SELL,2024-03-07T17:47:00.000Z,2826,9.999999999999432
2024-03-07T20:15:00.000Z,EUR/USD,SELL,2024-03-07T20:17:00.000Z,2826,9.999999999998899
2024-03-08T00:30:00.000Z,USD/JPY,BUY,2024-03-08T00:32:00.000Z,2826,11.899999999999977
2024-03-08T00:30:00.000Z,AUD/USD,SELL,2024-03-08T00:32:00.000Z,2826,11.599999999999389
2024-03-08T01:00:00.000Z,USD/JPY,BUY,2024-03-08T01:02:00.000Z,2826,13.999999999998636
2024-03-08T01:00:00.000Z,EUR/USD,SELL,2024-03-08T01:02:00.000Z,2826,10.499999999999954
2024-03-08T08:45:00.000Z,EUR/USD,BUY,2024-03-08T08:47:00.000Z,2826,9.999999999998899
2024-03-08T10:00:00.000Z,AUD/JPY,BUY,2024-03-08T10:02:00.000Z,2826,-42.30000000000018
2024-03-08T10:00:00.000Z,EUR/USD,BUY,2024-03-08T10:02:00.000Z,2826,10.299999999998644
2024-03-08T10:30:00.000Z,AUD/JPY,BUY,2024-03-08T10:32:00.000Z,2826,9.999999999999432
2024-03-08T11:15:00.000Z,AUD/USD,SELL,2024-03-08T11:17:00.000Z,2826,10.000000000000009
2024-03-08T11:45:00.000Z,AUD/USD,SELL,2024-03-08T11:47:00.000Z,2826,10.000000000000009
2024-03-08T12:00:00.000Z,EUR/JPY,BUY,2024-03-08T12:02:00.000Z,2826,9.999999999999432
2024-03-08T12:15:00.000Z,USD/JPY,BUY,2024-03-08T12:17:00.000Z,2826,12.600000000000477
2024-03-08T14:00:00.000Z,USD/JPY,BUY,2024-03-08T14:02:00.000Z,2826,21.399999999999864
2024-03-08T14:00:00.000Z,EUR/USD,SELL,2024-03-08T14:02:00.000Z,2826,15.399999999998748
2024-03-08T14:00:00.000Z,AUD/USD,SELL,2024-03-08T14:02:00.000Z,2826,14.899999999999913
2024-03-08T19:15:00.000Z,AUD/JPY,BUY,2024-03-08T19:17:00.000Z,2826,0
2024-03-10T23:30:00.000Z,AUD/JPY,BUY,2024-03-10T23:32:00.000Z,2827,-21.800000000000352
2024-03-11T00:00:00.000Z,EUR/JPY,BUY,2024-03-11T00:02:00.000Z,2827,9.999999999999432
2024-03-11T00:00:00.000Z,AUD/JPY,BUY,2024-03-11T00:02:00.000Z,2827,-20.699999999999363
2024-03-11T01:30:00.000Z,USD/JPY,BUY,2024-03-11T01:32:00.000Z,2827,9.999999999999432
2024-03-11T01:30:00.000Z,AUD/JPY,BUY,2024-03-11T01:32:00.000Z,2827,9.999999999999432
2024-03-11T09:15:00.000Z,AUD/JPY,BUY,2024-03-11T09:17:00.000Z,2827,9.999999999999432
2024-03-11T10:30:00.000Z,EUR/JPY,BUY,2024-03-11T10:32:00.000Z,2827,9.999999999999432
2024-03-11T14:30:00.000Z,EUR/USD,BUY,2024-03-11T14:32:00.000Z,2827,10.600000000000609
2024-03-12T03:30:00.000Z,USD/JPY,SELL,2024-03-12T03:32:00.000Z,2827,10.099999999997067
2024-03-12T04:15:00.000Z,USD/JPY,SELL,2024-03-12T04:17:00.000Z,2827,9.999999999999432
2024-03-12T04:15:00.000Z,AUD/JPY,SELL,2024-03-12T04:17:00.000Z,2827,9.999999999999432
2024-03-12T05:30:00.000Z,AUD/JPY,SELL,2024-03-12T05:32:00.000Z,2827,9.999999999999432
2024-03-12T06:00:00.000Z,AUD/JPY,SELL,2024-03-12T06:02:00.000Z,2827,10.099999999998488
2024-03-12T06:15:00.000Z,USD/JPY,SELL,2024-03-12T06:17:00.000Z,2827,15.399999999999636
2024-03-12T06:30:00.000Z,EUR/JPY,SELL,2024-03-12T06:32:00.000Z,2827,12.199999999998568
2024-03-12T09:00:00.000Z,EUR/USD,BUY,2024-03-12T09:02:00.000Z,2827,10.799999999997478
2024-03-12T13:00:00.000Z,AUD/USD,SELL,2024-03-12T13:02:00.000Z,2827,0.700000000000145
2024-03-12T14:00:00.000Z,EUR/USD,BUY,2024-03-12T14:02:00.000Z,2827,10.099999999997333
2024-03-12T14:30:00.000Z,EUR/USD,BUY,2024-03-12T14:32:00.000Z,2827,10.699999999999044
2024-03-13T01:30:00.000Z,USD/JPY,BUY,2024-03-13T01:32:00.000Z,2827,14.000000000001478
2024-03-13T01:30:00.000Z,AUD/JPY,BUY,2024-03-13T01:32:00.000Z,2827,12.09999999999809
2024-03-13T02:00:00.000Z,USD/JPY,BUY,2024-03-13T02:02:00.000Z,2827,9.999999999999432
2024-03-13T02:00:00.000Z,EUR/JPY,BUY,2024-03-13T02:02:00.000Z,2827,9.999999999999432
2024-03-13T02:00:00.000Z,AUD/JPY,BUY,2024-03-13T02:02:00.000Z,2827,0
2024-03-13T07:15:00.000Z,EUR/JPY,SELL,2024-03-13T07:17:00.000Z,2827,9.999999999999432
2024-03-13T10:30:00.000Z,USD/JPY,SELL,2024-03-13T10:32:00.000Z,2827,11.899999999999977
2024-03-13T11:00:00.000Z,EUR/JPY,SELL,2024-03-13T11:02:00.000Z,2827,12.20000000000141
2024-03-13T12:30:00.000Z,EUR/USD,SELL,2024-03-13T12:32:00.000Z,2827,9.999999999998899
2024-03-13T12:45:00.000Z,EUR/JPY,SELL,2024-03-13T12:47:00.000Z,2827,10.199999999997544
2024-03-13T17:30:00.000Z,EUR/USD,SELL,2024-03-13T17:32:00.000Z,2827,10.999999999998789
2024-03-13T18:00:00.000Z,AUD/USD,SELL,2024-03-13T18:02:00.000Z,2827,10.099999999999554
2024-03-14T13:45:00.000Z,EUR/JPY,BUY,2024-03-14T13:47:00.000Z,2827,9.999999999999432
2024-03-14T13:45:00.000Z,AUD/JPY,BUY,2024-03-14T13:47:00.000Z,2827,12.300000000000466
2024-03-14T16:00:00.000Z,USD/JPY,SELL,2024-03-14T16:02:00.000Z,2827,11.39999999999759
2024-03-14T16:00:00.000Z,AUD/JPY,BUY,2024-03-14T16:02:00.000Z,2827,9.999999999999432
2024-03-14T16:00:00.000Z,AUD/USD,BUY,2024-03-14T16:02:00.000Z,2827,-15.399999999999858
2024-03-14T18:15:00.000Z,EUR/USD,BUY,2024-03-14T18:17:00.000Z,2827,9.999999999998899
2024-03-14T18:45:00.000Z,EUR/USD,BUY,2024-03-14T18:47:00.000Z,2827,9.999999999998899
2024-03-14T20:00:00.000Z,EUR/USD,BUY,2024-03-14T20:02:00.000Z,2827,-7.300000000001194
2024-03-15T00:45:00.000Z,EUR/USD,BUY,2024-03-15T00:47:00.000Z,2827,10.399999999999299
2024-03-15T01:00:00.000Z,USD/JPY,SELL,2024-03-15T01:02:00.000Z,2827,10.799999999997567
2024-03-15T01:45:00.000Z,EUR/USD,BUY,2024-03-15T01:47:00.000Z,2827,9.999999999998899
2024-03-15T02:30:00.000Z,USD/JPY,SELL,2024-03-15T02:32:00.000Z,2827,9.999999999999432
2024-03-15T03:15:00.000Z,EUR/USD,BUY,2024-03-15T03:17:00.000Z,2827,9.999999999998899
2024-03-15T03:30:00.000Z,AUD/USD,BUY,2024-03-15T03:32:00.000Z,2827,10.000000000000009
2024-03-15T09:00:00.000Z,USD/JPY,SELL,2024-03-15T09:02:00.000Z,2827,9.999999999999432
2024-03-15T09:00:00.000Z,EUR/JPY,SELL,2024-03-15T09:02:00.000Z,2827,-54.80000000000018
2024-03-15T10:30:00.000Z,EUR/JPY,SELL,2024-03-15T10:32:00.000Z,2827,-40.099999999998204
2024-03-15T10:30:00.000Z,EUR/USD,SELL,2024-03-15T10:32:00.000Z,2827,9.999999999998899
2024-03-15T13:45:00.000Z,AUD/JPY,SELL,2024-03-15T13:47:00.000Z,2827,-13.100000000000023
2024-03-15T14:30:00.000Z,AUD/JPY,SELL,2024-03-15T14:32:00.000Z,2827,-11.400000000000432
2024-03-15T15:30:00.000Z,EUR/JPY,SELL,2024-03-15T15:32:00.000Z,2827,-18.600000000000705
2024-03-15T15:30:00.000Z,AUD/JPY,SELL,2024-03-15T15:32:00.000Z,2827,9.999999999999432
2024-03-15T16:15:00.000Z,USD/JPY,SELL,2024-03-15T16:17:00.000Z,2827,9.999999999999432
2024-03-15T16:15:00.000Z,AUD/JPY,SELL,2024-03-15T16:17:00.000Z,2827,9.999999999999432
2024-03-15T16:30:00.000Z,EUR/JPY,SELL,2024-03-15T16:32:00.000Z,2827,-9.799999999998477
2024-03-18T01:45:00.000Z,USD/JPY,SELL,2024-03-18T01:47:00.000Z,2828,10.099999999999909
2024-03-18T01:45:00.000Z,EUR/JPY,SELL,2024-03-18T01:47:00.000Z,2828,10.299999999998022
2024-03-18T12:00:00.000Z,EUR/USD,SELL,2024-03-18T12:02:00.000Z,2828,11.600000000000499
2024-03-18T17:30:00.000Z,EUR/JPY,BUY,2024-03-18T17:32:00.000Z,2828,9.999999999999432
2024-03-18T17:30:00.000Z,AUD/JPY,BUY,2024-03-18T17:32:00.000Z,2828,9.999999999999432
2024-03-18T18:00:00.000Z,AUD/USD,BUY,2024-03-18T18:02:00.000Z,2828,10.000000000000009
2024-03-18T18:30:00.000Z,AUD/JPY,BUY,2024-03-18T18:32:00.000Z,2828,9.999999999999432
2024-03-18T18:30:00.000Z,EUR/USD,BUY,2024-03-18T18:32:00.000Z,2828,-6.00000000000156
2024-03-18T18:45:00.000Z,EUR/JPY,BUY,2024-03-18T18:47:00.000Z,2828,9.999999999999432
2024-03-18T19:00:00.000Z,EUR/USD,BUY,2024-03-18T19:02:00.000Z,2828,-7.999999999999119
2024-03-18T23:15:00.000Z,EUR/JPY,BUY,2024-03-18T23:17:00.000Z,2828,0
2024-03-19T02:00:00.000Z,AUD/USD,BUY,2024-03-19T02:02:00.000Z,2828,-11.899999999999133
2024-03-19T04:00:00.000Z,USD/JPY,SELL,2024-03-19T04:02:00.000Z,2828,-163.19999999999766
2024-03-19T07:15:00.000Z,USD/JPY,SELL,2024-03-19T07:17:00.000Z,2828,9.999999999999432
2024-03-19T07:15:00.000Z,EUR/JPY,SELL,2024-03-19T07:17:00.000Z,2828,9.999999999999432
2024-03-19T07:30:00.000Z,AUD/USD,BUY,2024-03-19T07:32:00.000Z,2828,10.000000000000009
2024-03-19T10:15:00.000Z,EUR/USD,BUY,2024-03-19T10:17:00.000Z,2828,9.999999999998899
2024-03-19T16:00:00.000Z,EUR/JPY,SELL,2024-03-19T16:02:00.000Z,2828,-93.8999999999993
2024-03-19T16:00:00.000Z,AUD/JPY,SELL,2024-03-19T16:02:00.000Z,2828,-60.09999999999991
2024-03-19T17:30:00.000Z,USD/JPY,SELL,2024-03-19T17:32:00.000Z,2828,9.999999999999432
2024-03-19T19:15:00.000Z,EUR/JPY,SELL,2024-03-19T19:17:00.000Z,2828,-88.80000000000052
2024-03-19T19:15:00.000Z,AUD/JPY,SELL,2024-03-19T19:17:00.000Z,2828,-74.80000000000047
2024-03-19T20:15:00.000Z,AUD/JPY,SELL,2024-03-19T20:17:00.000Z,2828,-110.30000000000086
2024-03-20T00:45:00.000Z,AUD/USD,BUY,2024-03-20T00:47:00.000Z,2828,10.000000000000009
2024-03-20T01:00:00.000Z,USD/JPY,SELL,2024-03-20T01:02:00.000Z,2828,13.300000000000978
2024-03-20T01:00:00.000Z,EUR/JPY,SELL,2024-03-20T01:02:00.000Z,2828,-42.199999999999704
2024-03-20T01:45:00.000Z,EUR/JPY,SELL,2024-03-20T01:47:00.000Z,2828,-31.000000000000227
2024-03-20T05:00:00.000Z,AUD/JPY,SELL,2024-03-20T05:02:00.000Z,2828,-101.30000000000052
2024-03-20T07:00:00.000Z,USD/JPY,SELL,2024-03-20T07:02:00.000Z,2828,11.7999999999995
2024-03-20T07:00:00.000Z,EUR/JPY,SELL,2024-03-20T07:02:00.000Z,2828,9.999999999999432
2024-03-20T10:00:00.000Z,USD/JPY,SELL,2024-03-20T10:02:00.000Z,2828,9.999999999999432
2024-03-20T10:15:00.000Z,AUD/USD,BUY,2024-03-20T10:17:00.000Z,2828,11.300000000000754
2024-03-20T11:15:00.000Z,EUR/USD,BUY,2024-03-20T11:17:00.000Z,2828,10.399999999999299
2024-03-20T18:45:00.000Z,EUR/JPY,SELL,2024-03-20T18:47:00.000Z,2828,9.999999999999432
2024-03-20T18:45:00.000Z,AUD/JPY,SELL,2024-03-20T18:47:00.000Z,2828,-58.40000000000032
2024-03-20T19:15:00.000Z,USD/JPY,BUY,2024-03-20T19:17:00.000Z,2828,9.999999999999432
2024-03-20T20:45:00.000Z,EUR/JPY,SELL,2024-03-20T20:47:00.000Z,2828,9.999999999999432
2024-03-20T22:00:00.000Z,AUD/JPY,SELL,2024-03-20T22:02:00.000Z,2828,11.400000000000432
2024-03-21T00:30:00.000Z,AUD/USD,SELL,2024-03-21T00:32:00.000Z,2828,32.10000000000046
2024-03-21T00:45:00.000Z,USD/JPY,BUY,2024-03-21T00:47:00.000Z,2828,9.999999999999432
2024-03-21T02:00:00.000Z,USD/JPY,BUY,2024-03-21T02:02:00.000Z,2828,9.999999999999432
2024-03-21T02:30:00.000Z,EUR/USD,SELL,2024-03-21T02:32:00.000Z,2828,9.999999999998899
2024-03-21T02:45:00.000Z,USD/JPY,BUY,2024-03-21T02:47:00.000Z,2828,11.899999999999977
2024-03-21T03:00:00.000Z,EUR/USD,SELL,2024-03-21T03:02:00.000Z,2828,9.999999999998899
2024-03-21T03:00:00.000Z,AUD/USD,SELL,2024-03-21T03:02:00.000Z,2828,10.400000000000409
2024-03-21T04:15:00.000Z,AUD/USD,SELL,2024-03-21T04:17:00.000Z,2828,10.199999999999099
2024-03-21T07:15:00.000Z,EUR/JPY,SELL,2024-03-21T07:17:00.000Z,2828,9.999999999999432
2024-03-21T07:45:00.000Z,AUD/USD,SELL,2024-03-21T07:47:00.000Z,2828,0
2024-03-21T08:15:00.000Z,AUD/JPY,SELL,2024-03-21T08:17:00.000Z,2828,9.999999999999432
2024-03-21T09:00:00.000Z,USD/JPY,SELL,2024-03-21T09:02:00.000Z,2828,14.799999999999613
2024-03-21T09:30:00.000Z,EUR/USD,BUY,2024-03-21T09:32:00.000Z,2828,10.699999999999044
2024-03-21T15:00:00.000Z,EUR/USD,BUY,2024-03-21T15:02:00.000Z,2828,-61.40000000000034
2024-03-21T15:45:00.000Z,USD/JPY,SELL,2024-03-21T15:47:00.000Z,2828,13.700000000000045
2024-03-21T16:00:00.000Z,AUD/JPY,BUY,2024-03-21T16:02:00.000Z,2828,9.999999999999432
2024-03-21T16:15:00.000Z,AUD/USD,BUY,2024-03-21T16:17:00.000Z,2828,-55.29999999999924
2024-03-21T17:00:00.000Z,USD/JPY,SELL,2024-03-21T17:02:00.000Z,2828,10.099999999999909
2024-03-21T17:00:00.000Z,AUD/USD,BUY,2024-03-21T17:02:00.000Z,2828,-51.700000000000074
2024-03-21T17:15:00.000Z,EUR/USD,BUY,2024-03-21T17:17:00.000Z,2828,-60.00000000000005
2024-03-21T18:15:00.000Z,EUR/USD,BUY,2024-03-21T18:17:00.000Z,2828,-51.70000000000119
2024-03-22T03:00:00.000Z,EUR/JPY,BUY,2024-03-22T03:02:00.000Z,2828,-74.10000000000139
2024-03-22T04:00:00.000Z,EUR/JPY,BUY,2024-03-22T04:02:00.000Z,2828,-60.50000000000182
2024-03-22T05:00:00.000Z,EUR/JPY,BUY,2024-03-22T05:02:00.000Z,2828,-61.299999999999955
2024-03-22T05:30:00.000Z,AUD/JPY,BUY,2024-03-22T05:32:00.000Z,2828,-35.39999999999992
2024-03-22T05:30:00.000Z,AUD/USD,BUY,2024-03-22T05:32:00.000Z,2828,-17.50000000000029
2024-03-22T06:00:00.000Z,EUR/USD,BUY,2024-03-22T06:02:00.000Z,2828,-33.799999999999386
2024-03-22T06:15:00.000Z,AUD/USD,BUY,2024-03-22T06:17:00.000Z,2828,-17.200000000000546
2024-03-22T07:00:00.000Z,EUR/USD,BUY,2024-03-22T07:02:00.000Z,2828,-26.100000000000012
2024-03-22T07:15:00.000Z,EUR/JPY,BUY,2024-03-22T07:17:00.000Z,2828,-42.40000000000066
2024-03-22T08:00:00.000Z,EUR/USD,BUY,2024-03-22T08:02:00.000Z,2828,-20.400000000000418
2024-03-22T08:45:00.000Z,AUD/JPY,BUY,2024-03-22T08:47:00.000Z,2828,9.999999999999432
2024-03-22T08:45:00.000Z,AUD/USD,BUY,2024-03-22T08:47:00.000Z,2828,10.800000000000809
2024-03-22T09:15:00.000Z,EUR/USD,BUY,2024-03-22T09:17:00.000Z,2828,9.999999999998899
2024-03-22T13:00:00.000Z,USD/JPY,BUY,2024-03-22T13:02:00.000Z,2828,9.999999999999432
2024-03-22T13:00:00.000Z,EUR/JPY,BUY,2024-03-22T13:02:00.000Z,2828,-9.700000000000841
2024-03-24T23:30:00.000Z,USD/JPY,BUY,2024-03-24T23:32:00.000Z,2829,13.2000000000005
2024-03-24T23:30:00.000Z,EUR/JPY,BUY,2024-03-24T23:32:00.000Z,2829,13.49999999999909
2024-03-25T03:30:00.000Z,AUD/USD,SELL,2024-03-25T03:32:00.000Z,2829,10.000000000000009
2024-03-25T14:45:00.000Z,AUD/JPY,SELL,2024-03-25T14:47:00.000Z,2829,9.999999999999432
2024-03-25T15:15:00.000Z,EUR/JPY,SELL,2024-03-25T15:17:00.000Z,2829,-8.500000000000796
2024-03-25T15:15:00.000Z,AUD/JPY,SELL,2024-03-25T15:17:00.000Z,2829,-0.6000000000000227
2024-03-25T16:45:00.000Z,EUR/JPY,SELL,2024-03-25T16:47:00.000Z,2829,10.099999999999909
2024-03-25T17:15:00.000Z,EUR/JPY,SELL,2024-03-25T17:17:00.000Z,2829,10.599999999999454
2024-03-26T01:15:00.000Z,EUR/USD,SELL,2024-03-26T01:17:00.000Z,2829,11.399999999996968
2024-03-26T01:30:00.000Z,USD/JPY,BUY,2024-03-26T01:32:00.000Z,2829,9.999999999999432
2024-03-26T01:45:00.000Z,AUD/JPY,SELL,2024-03-26T01:47:00.000Z,2829,9.999999999999432
2024-03-26T01:45:00.000Z,AUD/USD,SELL,2024-03-26T01:47:00.000Z,2829,10.000000000000009
2024-03-26T03:00:00.000Z,AUD/USD,SELL,2024-03-26T03:02:00.000Z,2829,10.099999999999554
2024-03-26T07:30:00.000Z,EUR/USD,SELL,2024-03-26T07:32:00.000Z,2829,9.999999999998899
2024-03-26T10:45:00.000Z,AUD/JPY,SELL,2024-03-26T10:47:00.000Z,2829,9.999999999999432
2024-03-26T10:45:00.000Z,EUR/USD,SELL,2024-03-26T10:47:00.000Z,2829,9.999999999998899
2024-03-26T11:00:00.000Z,AUD/USD,SELL,2024-03-26T11:02:00.000Z,2829,10.499999999999954
2024-03-26T11:30:00.000Z,AUD/USD,SELL,2024-03-26T11:32:00.000Z,2829,11.299999999999644
2024-03-26T16:15:00.000Z,USD/JPY,SELL,2024-03-26T16:17:00.000Z,2829,9.999999999999432
2024-03-26T16:15:00.000Z,EUR/USD,BUY,2024-03-26T16:17:00.000Z,2829,11.199999999997878
2024-03-26T22:30:00.000Z,AUD/JPY,BUY,2024-03-26T22:32:00.000Z,2829,9.999999999999432
2024-03-27T01:15:00.000Z,AUD/JPY,BUY,2024-03-27T01:17:00.000Z,2829,10.3999999999985
2024-03-27T02:00:00.000Z,EUR/USD,BUY,2024-03-27T02:02:00.000Z,2829,9.999999999998899
2024-03-27T02:00:00.000Z,AUD/USD,BUY,2024-03-27T02:02:00.000Z,2829,10.000000000000009
2024-03-27T03:00:00.000Z,AUD/USD,BUY,2024-03-27T03:02:00.000Z,2829,10.000000000000009
2024-03-27T03:15:00.000Z,USD/JPY,SELL,2024-03-27T03:17:00.000Z,2829,9.999999999999432
2024-03-27T03:15:00.000Z,EUR/JPY,SELL,2024-03-27T03:17:00.000Z,2829,9.999999999999432
2024-03-27T09:45:00.000Z,USD/JPY,BUY,2024-03-27T09:47:00.000Z,2829,9.999999999999432
2024-03-27T09:45:00.000Z,EUR/JPY,BUY,2024-03-27T09:47:00.000Z,2829,9.999999999999432
2024-03-27T10:00:00.000Z,AUD/JPY,BUY,2024-03-27T10:02:00.000Z,2829,12.79999999999859
2024-03-27T11:00:00.000Z,EUR/JPY,BUY,2024-03-27T11:02:00.000Z,2829,11.50000000000091
2024-03-27T11:45:00.000Z,USD/JPY,BUY,2024-03-27T11:47:00.000Z,2829,9.999999999999432
2024-03-27T11:45:00.000Z,EUR/JPY,BUY,2024-03-27T11:47:00.000Z,2829,9.999999999999432
2024-03-27T13:15:00.000Z,EUR/JPY,BUY,2024-03-27T13:17:00.000Z,2829,9.999999999999432
2024-03-27T13:45:00.000Z,AUD/JPY,BUY,2024-03-27T13:47:00.000Z,2829,-12.300000000000466
2024-03-27T14:45:00.000Z,EUR/JPY,BUY,2024-03-27T14:47:00.000Z,2829,10.900000000000887
2024-03-27T20:30:00.000Z,AUD/JPY,SELL,2024-03-27T20:32:00.000Z,2829,9.999999999999432
2024-03-28T00:30:00.000Z,EUR/USD,BUY,2024-03-28T00:32:00.000Z,2829,-27.69999999999939
2024-03-28T10:15:00.000Z,EUR/JPY,BUY,2024-03-28T10:17:00.000Z,2829,9.999999999999432
2024-03-28T10:30:00.000Z,EUR/USD,BUY,2024-03-28T10:32:00.000Z,2829,9.999999999998899
2024-03-28T10:30:00.000Z,AUD/USD,BUY,2024-03-28T10:32:00.000Z,2829,10.000000000000009
2024-03-28T11:00:00.000Z,AUD/JPY,BUY,2024-03-28T11:02:00.000Z,2829,10.299999999999443
2024-03-28T11:30:00.000Z,AUD/JPY,BUY,2024-03-28T11:32:00.000Z,2829,9.999999999999432
2024-03-28T12:15:00.000Z,AUD/JPY,BUY,2024-03-28T12:17:00.000Z,2829,10.599999999999454
2024-03-28T16:15:00.000Z,AUD/JPY,SELL,2024-03-28T16:17:00.000Z,2829,9.999999999999432
2024-03-29T02:45:00.000Z,EUR/JPY,BUY,2024-03-29T02:47:00.000Z,2829,9.999999999999432
2024-03-29T02:45:00.000Z,EUR/USD,BUY,2024-03-29T02:47:00.000Z,2829,9.999999999998899
2024-03-29T04:15:00.000Z,EUR/JPY,BUY,2024-03-29T04:17:00.000Z,2829,9.999999999999432
2024-03-29T04:15:00.000Z,EUR/USD,BUY,2024-03-29T04:17:00.000Z,2829,9.999999999998899
2024-03-29T13:00:00.000Z,AUD/JPY,SELL,2024-03-29T13:02:00.000Z,2829,0.9000000000000341
2024-03-29T13:30:00.000Z,AUD/USD,SELL,2024-03-29T13:32:00.000Z,2829,-0.5999999999994898
2024-03-29T13:45:00.000Z,USD/JPY,BUY,2024-03-29T13:47:00.000Z,2829,9.999999999999432
2024-03-29T13:45:00.000Z,EUR/USD,SELL,2024-03-29T13:47:00.000Z,2829,-4.599999999999049
2024-03-29T14:30:00.000Z,AUD/USD,SELL,2024-03-29T14:32:00.000Z,2829,0.2999999999997449
2024-03-29T19:15:00.000Z,USD/JPY,SELL,2024-03-29T19:17:00.000Z,2829,0
2024-04-01T00:15:00.000Z,AUD/JPY,SELL,2024-04-01T00:17:00.000Z,2830,13.100000000000023
2024-04-01T00:45:00.000Z,AUD/USD,SELL,2024-04-01T00:47:00.000Z,2830,10.000000000000009
2024-04-01T01:00:00.000Z,AUD/JPY,SELL,2024-04-01T01:02:00.000Z,2830,10.499999999998977
2024-04-01T12:45:00.000Z,AUD/USD,BUY,2024-04-01T12:47:00.000Z,2830,-13.199999999999878
2024-04-01T16:15:00.000Z,USD/JPY,SELL,2024-04-01T16:17:00.000Z,2830,10.499999999998977
2024-04-01T17:15:00.000Z,EUR/USD,BUY,2024-04-01T17:17:00.000Z,2830,10.299999999998644
2024-04-01T18:00:00.000Z,EUR/JPY,BUY,2024-04-01T18:02:00.000Z,2830,9.999999999999432
2024-04-01T19:00:00.000Z,EUR/JPY,BUY,2024-04-01T19:02:00.000Z,2830,9.999999999999432
2024-04-01T19:00:00.000Z,AUD/JPY,BUY,2024-04-01T19:02:00.000Z,2830,9.999999999999432
2024-04-01T19:15:00.000Z,EUR/USD,BUY,2024-04-01T19:17:00.000Z,2830,9.999999999998899
2024-04-01T19:15:00.000Z,AUD/USD,BUY,2024-04-01T19:17:00.000Z,2830,10.000000000000009
2024-04-02T00:30:00.000Z,EUR/JPY,BUY,2024-04-02T00:32:00.000Z,2830,12.000000000000455
2024-04-02T00:45:00.000Z,EUR/USD,BUY,2024-04-02T00:47:00.000Z,2830,10.099999999999554
2024-04-02T09:00:00.000Z,AUD/USD,SELL,2024-04-02T09:02:00.000Z,2830,-2.9000000000001247
2024-04-02T10:00:00.000Z,AUD/JPY,SELL,2024-04-02T10:02:00.000Z,2830,9.999999999999432
2024-04-02T10:00:00.000Z,AUD/USD,SELL,2024-04-02T10:02:00.000Z,2830,1.60000000000049
2024-04-02T14:00:00.000Z,EUR/JPY,SELL,2024-04-02T14:02:00.000Z,2830,9.999999999999432
2024-04-02T14:45:00.000Z,AUD/USD,SELL,2024-04-02T14:47:00.000Z,2830,10.000000000000009
2024-04-02T15:00:00.000Z,EUR/JPY,SELL,2024-04-02T15:02:00.000Z,2830,9.999999999999432
2024-04-02T15:00:00.000Z,EUR/USD,SELL,2024-04-02T15:02:00.000Z,2830,-54.69999999999864
2024-04-03T03:30:00.000Z,EUR/USD,SELL,2024-04-03T03:32:00.000Z,2830,9.999999999998899
2024-04-03T05:00:00.000Z,AUD/JPY,SELL,2024-04-03T05:02:00.000Z,2830,9.999999999999432
2024-04-03T07:45:00.000Z,USD/JPY,SELL,2024-04-03T07:47:00.000Z,2830,9.999999999999432
2024-04-03T11:30:00.000Z,EUR/JPY,SELL,2024-04-03T11:32:00.000Z,2830,-118.69999999999834
2024-04-03T12:30:00.000Z,AUD/JPY,SELL,2024-04-03T12:32:00.000Z,2830,-124.09999999999997
2024-04-03T12:45:00.000Z,USD/JPY,SELL,2024-04-03T12:47:00.000Z,2830,9.999999999999432
2024-04-03T12:45:00.000Z,EUR/JPY,SELL,2024-04-03T12:47:00.000Z,2830,-115.69999999999823
2024-04-03T14:00:00.000Z,AUD/JPY,SELL,2024-04-03T14:02:00.000Z,2830,-102.40000000000009
2024-04-03T14:15:00.000Z,USD/JPY,SELL,2024-04-03T14:17:00.000Z,2830,12.79999999999859
2024-04-03T19:15:00.000Z,EUR/JPY,SELL,2024-04-03T19:17:00.000Z,2830,9.999999999999432
2024-04-03T19:15:00.000Z,AUD/JPY,SELL,2024-04-03T19:17:00.000Z,2830,-14.299999999998647
2024-04-03T19:15:00.000Z,EUR/USD,SELL,2024-04-03T19:17:00.000Z,2830,-12.400000000001299
2024-04-03T19:15:00.000Z,AUD/USD,SELL,2024-04-03T19:17:00.000Z,2830,-28.099999999999792
2024-04-03T21:15:00.000Z,EUR/JPY,SELL,2024-04-03T21:17:00.000Z,2830,9.999999999999432
2024-04-04T01:15:00.000Z,EUR/USD,SELL,2024-04-04T01:17:00.000Z,2830,2.2999999999995246
2024-04-04T02:15:00.000Z,AUD/JPY,SELL,2024-04-04T02:17:00.000Z,2830,9.999999999999432
2024-04-04T02:15:00.000Z,AUD/USD,SELL,2024-04-04T02:17:00.000Z,2830,5.899999999999794
2024-04-04T03:15:00.000Z,EUR/JPY,SELL,2024-04-04T03:17:00.000Z,2830,9.999999999999432
2024-04-04T05:45:00.000Z,EUR/JPY,SELL,2024-04-04T05:47:00.000Z,2830,10.099999999999909
2024-04-04T06:00:00.000Z,AUD/JPY,SELL,2024-04-04T06:02:00.000Z,2830,11.400000000000432
2024-04-04T06:00:00.000Z,AUD/USD,SELL,2024-04-04T06:02:00.000Z,2830,11.200000000000099
2024-04-04T07:00:00.000Z,AUD/JPY,SELL,2024-04-04T07:02:00.000Z,2830,11.999999999999034
2024-04-04T07:00:00.000Z,AUD/USD,SELL,2024-04-04T07:02:00.000Z,2830,10.900000000000354
2024-04-04T08:00:00.000Z,AUD/JPY,SELL,2024-04-04T08:02:00.000Z,2830,9.999999999999432
2024-04-04T08:00:00.000Z,AUD/USD,SELL,2024-04-04T08:02:00.000Z,2830,10.000000000000009
2024-04-04T08:15:00.000Z,EUR/USD,SELL,2024-04-04T08:17:00.000Z,2830,9.999999999998899
2024-04-04T08:45:00.000Z,EUR/USD,SELL,2024-04-04T08:47:00.000Z,2830,9.999999999998899
2024-04-04T09:15:00.000Z,EUR/JPY,SELL,2024-04-04T09:17:00.000Z,2830,10.599999999999454
2024-04-04T09:15:00.000Z,EUR/USD,SELL,2024-04-04T09:17:00.000Z,2830,9.999999999998899
2024-04-04T10:00:00.000Z,EUR/JPY,SELL,2024-04-04T10:02:00.000Z,2830,9.999999999999432
2024-04-04T11:45:00.000Z,AUD/JPY,SELL,2024-04-04T11:47:00.000Z,2830,9.999999999999432
2024-04-04T11:45:00.000Z,AUD/USD,SELL,2024-04-04T11:47:00.000Z,2830,10.000000000000009
2024-04-04T13:15:00.000Z,AUD/JPY,SELL,2024-04-04T13:17:00.000Z,2830,14.400000000000546
2024-04-04T13:15:00.000Z,AUD/USD,SELL,2024-04-04T13:17:00.000Z,2830,13.099999999999223
2024-04-04T14:00:00.000Z,USD/JPY,BUY,2024-04-04T14:02:00.000Z,2830,15.000000000000568
2024-04-04T14:00:00.000Z,EUR/USD,SELL,2024-04-04T14:02:00.000Z,2830,13.899999999997803
2024-04-04T19:00:00.000Z,EUR/USD,BUY,2024-04-04T19:02:00.000Z,2830,-13.099999999999223
2024-04-04T20:15:00.000Z,USD/JPY,BUY,2024-04-04T20:17:00.000Z,2830,10.099999999997067
2024-04-04T20:30:00.000Z,AUD/USD,BUY,2024-04-04T20:32:00.000Z,2830,-6.300000000000194
2024-04-04T20:45:00.000Z,USD/JPY,BUY,2024-04-04T20:47:00.000Z,2830,9.999999999999432
2024-04-04T20:45:00.000Z,EUR/USD,BUY,2024-04-04T20:47:00.000Z,2830,9.999999999998899
2024-04-04T21:00:00.000Z,EUR/JPY,BUY,2024-04-04T21:10:00.000Z,2830,9.999999999999432
2024-04-04T21:00:00.000Z,AUD/JPY,BUY,2024-04-04T21:10:00.000Z,2830,9.999999999999432
2024-04-04T21:45:00.000Z,EUR/JPY,BUY,2024-04-04T21:47:00.000Z,2830,9.999999999999432
2024-04-04T22:45:00.000Z,EUR/JPY,BUY,2024-04-04T22:47:00.000Z,2830,9.999999999999432
2024-04-04T22:45:00.000Z,AUD/JPY,BUY,2024-04-04T22:47:00.000Z,2830,9.999999999999432
2024-04-05T01:30:00.000Z,USD/JPY,BUY,2024-04-05T01:32:00.000Z,2830,0
2024-04-05T02:15:00.000Z,EUR/JPY,BUY,2024-04-05T02:17:00.000Z,2830,13.599999999999568
2024-04-05T03:00:00.000Z,EUR/USD,BUY,2024-04-05T03:02:00.000Z,2830,9.999999999998899
2024-04-05T03:30:00.000Z,AUD/JPY,BUY,2024-04-05T03:32:00.000Z,2830,0
2024-04-05T03:45:00.000Z,AUD/USD,BUY,2024-04-05T03:47:00.000Z,2830,10.599999999999499
2024-04-05T08:15:00.000Z,EUR/JPY,SELL,2024-04-05T08:17:00.000Z,2830,13.599999999999568
2024-04-05T09:00:00.000Z,EUR/JPY,SELL,2024-04-05T09:02:00.000Z,2830,9.999999999999432
2024-04-05T09:00:00.000Z,EUR/USD,SELL,2024-04-05T09:02:00.000Z,2830,9.999999999998899
2024-04-05T10:00:00.000Z,AUD/JPY,SELL,2024-04-05T10:02:00.000Z,2830,9.999999999999432
2024-04-05T13:30:00.000Z,USD/JPY,SELL,2024-04-05T13:32:00.000Z,2830,13.300000000000978
2024-04-05T13:30:00.000Z,EUR/USD,BUY,2024-04-05T13:32:00.000Z,2830,12.299999999998423
2024-04-05T13:30:00.000Z,AUD/USD,BUY,2024-04-05T13:32:00.000Z,2830,12.199999999999989
2024-04-08T02:15:00.000Z,USD/JPY,SELL,2024-04-08T02:17:00.000Z,2831,-10.900000000000887
2024-04-08T03:15:00.000Z,EUR/JPY,SELL,2024-04-08T03:17:00.000Z,2831,9.999999999999432
2024-04-08T03:15:00.000Z,AUD/JPY,SELL,2024-04-08T03:17:00.000Z,2831,-42.60000000000019
2024-04-08T14:15:00.000Z,EUR/JPY,SELL,2024-04-08T14:17:00.000Z,2831,-41.100000000000136
2024-04-08T14:15:00.000Z,AUD/JPY,SELL,2024-04-08T14:17:00.000Z,2831,-58.99999999999892
2024-04-08T14:15:00.000Z,EUR/USD,SELL,2024-04-08T14:17:00.000Z,2831,-35.00000000000058
2024-04-08T14:15:00.000Z,AUD/USD,SELL,2024-04-08T14:17:00.000Z,2831,-43.8000000000005
2024-04-08T15:30:00.000Z,EUR/USD,SELL,2024-04-08T15:32:00.000Z,2831,-0.700000000000145
2024-04-08T15:45:00.000Z,EUR/JPY,SELL,2024-04-08T15:47:00.000Z,2831,9.999999999999432
2024-04-08T18:45:00.000Z,EUR/USD,SELL,2024-04-08T18:47:00.000Z,2831,9.999999999998899
2024-04-08T21:00:00.000Z,EUR/JPY,SELL,2024-04-08T21:10:00.000Z,2831,9.999999999999432
2024-04-09T10:00:00.000Z,USD/JPY,BUY,2024-04-09T10:02:00.000Z,2831,3.700000000000614
2024-04-09T10:45:00.000Z,AUD/JPY,SELL,2024-04-09T10:47:00.000Z,2831,10.899999999999466
2024-04-09T10:45:00.000Z,EUR/USD,SELL,2024-04-09T10:47:00.000Z,2831,11.299999999998533
2024-04-09T11:30:00.000Z,EUR/USD,SELL,2024-04-09T11:32:00.000Z,2831,9.999999999998899
2024-04-09T11:45:00.000Z,AUD/USD,SELL,2024-04-09T11:47:00.000Z,2831,-3.1000000000003247
2024-04-09T14:00:00.000Z,EUR/USD,SELL,2024-04-09T14:02:00.000Z,2831,11.900000000000244
2024-04-09T14:30:00.000Z,AUD/JPY,SELL,2024-04-09T14:32:00.000Z,2831,0
2024-04-09T14:30:00.000Z,AUD/USD,SELL,2024-04-09T14:32:00.000Z,2831,10.000000000000009
2024-04-09T15:00:00.000Z,USD/JPY,BUY,2024-04-09T15:02:00.000Z,2831,9.999999999999432
2024-04-09T15:00:00.000Z,EUR/JPY,BUY,2024-04-09T15:02:00.000Z,2831,9.999999999999432
2024-04-10T08:45:00.000Z,EUR/JPY,SELL,2024-04-10T08:47:00.000Z,2831,12.699999999998113
2024-04-10T09:00:00.000Z,USD/JPY,SELL,2024-04-10T09:02:00.000Z,2831,-139.69999999999914
2024-04-10T09:15:00.000Z,EUR/JPY,SELL,2024-04-10T09:17:00.000Z,2831,10.3999999999985
2024-04-10T10:15:00.000Z,EUR/JPY,SELL,2024-04-10T10:17:00.000Z,2831,9.999999999999432
2024-04-10T14:15:00.000Z,EUR/JPY,BUY,2024-04-10T14:17:00.000Z,2831,9.999999999999432
2024-04-10T16:45:00.000Z,EUR/JPY,BUY,2024-04-10T16:47:00.000Z,2831,9.999999999999432
2024-04-10T17:30:00.000Z,AUD/JPY,BUY,2024-04-10T17:32:00.000Z,2831,12.899999999999068
2024-04-10T17:30:00.000Z,EUR/USD,BUY,2024-04-10T17:32:00.000Z,2831,9.999999999998899
2024-04-10T17:30:00.000Z,AUD/USD,BUY,2024-04-10T17:32:00.000Z,2831,10.000000000000009
2024-04-10T17:45:00.000Z,USD/JPY,SELL,2024-04-10T17:47:00.000Z,2831,-33.19999999999936
2024-04-10T18:00:00.000Z,EUR/USD,BUY,2024-04-10T18:02:00.000Z,2831,-22.199999999998887
2024-04-10T18:00:00.000Z,AUD/USD,BUY,2024-04-10T18:02:00.000Z,2831,10.000000000000009
2024-04-10T19:15:00.000Z,USD/JPY,SELL,2024-04-10T19:17:00.000Z,2831,9.999999999999432
2024-04-10T21:15:00.000Z,USD/JPY,SELL,2024-04-10T21:17:00.000Z,2831,11.7999999999995
2024-04-11T06:45:00.000Z,AUD/JPY,SELL,2024-04-11T06:47:00.000Z,2831,-2.9000000000010573
2024-04-11T07:15:00.000Z,USD/JPY,SELL,2024-04-11T07:17:00.000Z,2831,13.999999999998636
2024-04-11T07:15:00.000Z,EUR/USD,BUY,2024-04-11T07:17:00.000Z,2831,9.999999999998899
2024-04-11T07:45:00.000Z,AUD/JPY,SELL,2024-04-11T07:47:00.000Z,2831,10.899999999999466
2024-04-11T08:45:00.000Z,USD/JPY,SELL,2024-04-11T08:47:00.000Z,2831,14.19999999999959
2024-04-11T09:00:00.000Z,EUR/JPY,SELL,2024-04-11T09:02:00.000Z,2831,10.200000000000387
2024-04-11T09:00:00.000Z,AUD/JPY,SELL,2024-04-11T09:02:00.000Z,2831,11.399999999999011
2024-04-11T09:30:00.000Z,USD/JPY,SELL,2024-04-11T09:32:00.000Z,2831,9.999999999999432
2024-04-11T13:45:00.000Z,AUD/JPY,SELL,2024-04-11T13:47:00.000Z,2831,10.69999999999851
2024-04-11T13:45:00.000Z,AUD/USD,SELL,2024-04-11T13:47:00.000Z,2831,10.099999999999554
2024-04-11T19:00:00.000Z,AUD/JPY,SELL,2024-04-11T19:02:00.000Z,2831,9.999999999999432
2024-04-12T01:15:00.000Z,USD/JPY,BUY,2024-04-12T01:17:00.000Z,2831,10.599999999999454
2024-04-12T01:15:00.000Z,EUR/JPY,BUY,2024-04-12T01:17:00.000Z,2831,9.999999999999432
2024-04-12T05:30:00.000Z,AUD/USD,BUY,2024-04-12T05:32:00.000Z,2831,-67.19999999999948
2024-04-12T05:45:00.000Z,EUR/USD,BUY,2024-04-12T05:47:00.000Z,2831,-75.7999999999992
2024-04-12T07:15:00.000Z,AUD/JPY,BUY,2024-04-12T07:17:00.000Z,2831,-86.19999999999948
2024-04-12T07:45:00.000Z,AUD/JPY,BUY,2024-04-12T07:47:00.000Z,2831,9.999999999999432
2024-04-12T08:00:00.000Z,AUD/USD,BUY,2024-04-12T08:02:00.000Z,2831,-58.89999999999951
2024-04-12T10:00:00.000Z,AUD/JPY,BUY,2024-04-12T10:02:00.000Z,2831,-71.49999999999892
2024-04-12T11:30:00.000Z,EUR/USD,BUY,2024-04-12T11:32:00.000Z,2831,-19.699999999998052
2024-04-12T11:45:00.000Z,AUD/JPY,BUY,2024-04-12T11:47:00.000Z,2831,-56.69999999999931
2024-04-12T11:45:00.000Z,AUD/USD,BUY,2024-04-12T11:47:00.000Z,2831,-37.39999999999965
2024-04-12T13:30:00.000Z,USD/JPY,BUY,2024-04-12T13:32:00.000Z,2831,9.999999999999432
2024-04-12T13:45:00.000Z,EUR/JPY,BUY,2024-04-12T13:47:00.000Z,2831,9.999999999999432
2024-04-12T14:00:00.000Z,EUR/USD,BUY,2024-04-12T14:02:00.000Z,2831,-1.1999999999989797
2024-04-12T14:30:00.000Z,EUR/JPY,BUY,2024-04-12T14:32:00.000Z,2831,9.999999999999432
2024-04-12T15:15:00.000Z,AUD/JPY,BUY,2024-04-12T15:17:00.000Z,2831,2.3000000000010346
2024-04-12T15:15:00.000Z,EUR/USD,BUY,2024-04-12T15:17:00.000Z,2831,0
2024-04-12T15:30:00.000Z,AUD/USD,BUY,2024-04-12T15:32:00.000Z,2831,-13.699999999999823
2024-04-12T18:00:00.000Z,AUD/USD,BUY,2024-04-12T18:02:00.000Z,2831,-4.699999999999704
2024-04-12T19:30:00.000Z,AUD/USD,BUY,2024-04-12T19:32:00.000Z,2831,0.8000000000008001
2024-04-15T01:30:00.000Z,USD/JPY,SELL,2024-04-15T01:32:00.000Z,2832,-81.49999999999977
2024-04-15T06:30:00.000Z,USD/JPY,SELL,2024-04-15T06:32:00.000Z,2832,9.999999999999432
2024-04-15T06:45:00.000Z,EUR/JPY,SELL,2024-04-15T06:47:00.000Z,2832,9.999999999999432
2024-04-15T06:45:00.000Z,AUD/JPY,SELL,2024-04-15T06:47:00.000Z,2832,9.999999999999432
2024-04-15T06:45:00.000Z,EUR/USD,SELL,2024-04-15T06:47:00.000Z,2832,9.999999999998899
2024-04-15T07:45:00.000Z,USD/JPY,SELL,2024-04-15T07:47:00.000Z,2832,10.999999999998522
2024-04-15T07:45:00.000Z,EUR/JPY,SELL,2024-04-15T07:47:00.000Z,2832,9.999999999999432
2024-04-15T13:30:00.000Z,EUR/JPY,SELL,2024-04-15T13:32:00.000Z,2832,9.999999999999432
2024-04-15T13:30:00.000Z,AUD/JPY,SELL,2024-04-15T13:32:00.000Z,2832,9.999999999999432
2024-04-15T14:45:00.000Z,USD/JPY,SELL,2024-04-15T14:47:00.000Z,2832,19.39999999999884
2024-04-15T14:45:00.000Z,EUR/USD,BUY,2024-04-15T14:47:00.000Z,2832,15.699999999998493
2024-04-15T14:45:00.000Z,AUD/USD,BUY,2024-04-15T14:47:00.000Z,2832,13.700000000000934
2024-04-15T15:15:00.000Z,AUD/USD,BUY,2024-04-15T15:17:00.000Z,2832,10.800000000000809
2024-04-15T18:45:00.000Z,AUD/JPY,BUY,2024-04-15T18:47:00.000Z,2832,-26.500000000000057
2024-04-15T18:45:00.000Z,AUD/USD,BUY,2024-04-15T18:47:00.000Z,2832,-34.19999999999978
2024-04-15T19:45:00.000Z,AUD/JPY,BUY,2024-04-15T19:47:00.000Z,2832,-21.19999999999891
2024-04-15T20:00:00.000Z,AUD/USD,BUY,2024-04-15T20:02:00.000Z,2832,-38.099999999999795
2024-04-15T21:00:00.000Z,AUD/USD,BUY,2024-04-15T21:10:00.000Z,2832,-42.000000000000924
2024-04-16T02:00:00.000Z,AUD/JPY,BUY,2024-04-16T02:02:00.000Z,2832,9.999999999999432
2024-04-16T02:00:00.000Z,EUR/USD,BUY,2024-04-16T02:02:00.000Z,2832,9.999999999998899
2024-04-16T03:00:00.000Z,AUD/JPY,BUY,2024-04-16T03:02:00.000Z,2832,10.299999999999443
2024-04-16T03:00:00.000Z,EUR/USD,BUY,2024-04-16T03:02:00.000Z,2832,10.499999999997733
2024-04-16T03:00:00.000Z,AUD/USD,BUY,2024-04-16T03:02:00.000Z,2832,10.399999999999299
2024-04-16T03:30:00.000Z,AUD/JPY,BUY,2024-04-16T03:32:00.000Z,2832,11.499999999999488
2024-04-16T03:30:00.000Z,AUD/USD,BUY,2024-04-16T03:32:00.000Z,2832,11.600000000000499
2024-04-16T07:00:00.000Z,USD/JPY,SELL,2024-04-16T07:02:00.000Z,2832,9.999999999999432
2024-04-16T09:30:00.000Z,EUR/JPY,SELL,2024-04-16T09:32:00.000Z,2832,9.999999999999432
2024-04-16T11:45:00.000Z,USD/JPY,SELL,2024-04-16T11:47:00.000Z,2832,9.999999999999432
2024-04-16T13:00:00.000Z,EUR/JPY,SELL,2024-04-16T13:02:00.000Z,2832,10.099999999999909
2024-04-16T13:00:00.000Z,EUR/USD,SELL,2024-04-16T13:02:00.000Z,2832,9.999999999998899
2024-04-17T06:30:00.000Z,EUR/JPY,BUY,2024-04-17T06:32:00.000Z,2832,0
2024-04-17T17:15:00.000Z,AUD/JPY,BUY,2024-04-17T17:17:00.000Z,2832,0
2024-04-17T17:30:00.000Z,USD/JPY,BUY,2024-04-17T17:32:00.000Z,2832,9.999999999999432
2024-04-17T18:30:00.000Z,USD/JPY,BUY,2024-04-17T18:32:00.000Z,2832,9.999999999999432
2024-04-17T19:00:00.000Z,EUR/USD,SELL,2024-04-17T19:02:00.000Z,2832,9.999999999998899
2024-04-18T02:30:00.000Z,USD/JPY,BUY,2024-04-18T02:32:00.000Z,2832,12.000000000000455
2024-04-18T06:45:00.000Z,EUR/USD,SELL,2024-04-18T06:47:00.000Z,2832,0
2024-04-18T14:15:00.000Z,EUR/USD,BUY,2024-04-18T14:17:00.000Z,2832,10.399999999999299
2024-04-19T00:45:00.000Z,EUR/JPY,BUY,2024-04-19T00:47:00.000Z,2832,9.999999999999432
2024-04-19T02:00:00.000Z,USD/JPY,BUY,2024-04-19T02:02:00.000Z,2832,21.100000000001273
2024-04-19T02:30:00.000Z,EUR/USD,BUY,2024-04-19T02:32:00.000Z,2832,9.999999999998899
2024-04-19T03:00:00.000Z,USD/JPY,BUY,2024-04-19T03:02:00.000Z,2832,0
2024-04-19T03:15:00.000Z,EUR/JPY,BUY,2024-04-19T03:17:00.000Z,2832,11.999999999997613
2024-04-19T03:15:00.000Z,AUD/JPY,BUY,2024-04-19T03:17:00.000Z,2832,13.89999999999958
2024-04-19T03:15:00.000Z,AUD/USD,BUY,2024-04-19T03:17:00.000Z,2832,11.900000000000244
2024-04-19T08:15:00.000Z,EUR/USD,SELL,2024-04-19T08:17:00.000Z,2832,-10.600000000000609
2024-04-19T13:00:00.000Z,EUR/JPY,SELL,2024-04-19T13:02:00.000Z,2832,13.2000000000005
2024-04-19T13:00:00.000Z,EUR/USD,SELL,2024-04-19T13:02:00.000Z,2832,10.699999999996823
2024-04-22T00:45:00.000Z,AUD/JPY,SELL,2024-04-22T00:47:00.000Z,2833,13.400000000000034
2024-04-22T00:45:00.000Z,AUD/USD,SELL,2024-04-22T00:47:00.000Z,2833,11.700000000000044
2024-04-22T01:30:00.000Z,AUD/JPY,SELL,2024-04-22T01:32:00.000Z,2833,12.000000000000455
2024-04-22T02:30:00.000Z,AUD/USD,SELL,2024-04-22T02:32:00.000Z,2833,-12.099999999999334
2024-04-22T02:45:00.000Z,AUD/JPY,SELL,2024-04-22T02:47:00.000Z,2833,9.999999999999432
2024-04-22T11:45:00.000Z,EUR/JPY,BUY,2024-04-22T11:47:00.000Z,2833,9.999999999999432
2024-04-22T12:15:00.000Z,EUR/USD,BUY,2024-04-22T12:17:00.000Z,2833,9.999999999998899
2024-04-22T13:45:00.000Z,EUR/JPY,BUY,2024-04-22T13:47:00.000Z,2833,11.7999999999995
2024-04-22T13:45:00.000Z,EUR/USD,BUY,2024-04-22T13:47:00.000Z,2833,10.999999999998789
2024-04-22T19:00:00.000Z,AUD/JPY,SELL,2024-04-22T19:02:00.000Z,2833,9.999999999999432
2024-04-23T01:30:00.000Z,AUD/USD,SELL,2024-04-23T01:32:00.000Z,2833,10.899999999999244
2024-04-23T06:45:00.000Z,EUR/JPY,BUY,2024-04-23T06:47:00.000Z,2833,9.999999999999432
2024-04-23T06:45:00.000Z,EUR/USD,BUY,2024-04-23T06:47:00.000Z,2833,10.499999999999954
2024-04-23T09:00:00.000Z,EUR/JPY,SELL,2024-04-23T09:02:00.000Z,2833,9.999999999999432
2024-04-23T09:00:00.000Z,EUR/USD,SELL,2024-04-23T09:02:00.000Z,2833,9.999999999998899
2024-04-23T14:15:00.000Z,USD/JPY,BUY,2024-04-23T14:17:00.000Z,2833,9.999999999999432
2024-04-23T14:15:00.000Z,EUR/USD,SELL,2024-04-23T14:17:00.000Z,2833,12.099999999999334
2024-04-23T15:00:00.000Z,EUR/JPY,SELL,2024-04-23T15:02:00.000Z,2833,9.999999999999432
2024-04-23T15:00:00.000Z,AUD/JPY,SELL,2024-04-23T15:02:00.000Z,2833,-36.7999999999995
2024-04-23T15:00:00.000Z,EUR/USD,SELL,2024-04-23T15:02:00.000Z,2833,9.999999999998899
2024-04-23T15:00:00.000Z,AUD/USD,SELL,2024-04-23T15:02:00.000Z,2833,-17.69999999999938
2024-04-23T17:15:00.000Z,AUD/JPY,SELL,2024-04-23T17:17:00.000Z,2833,-37.09999999999951
2024-04-23T17:45:00.000Z,AUD/USD,SELL,2024-04-23T17:47:00.000Z,2833,-10.200000000000209
2024-04-24T03:15:00.000Z,AUD/JPY,SELL,2024-04-24T03:17:00.000Z,2833,9.999999999999432
2024-04-24T03:15:00.000Z,AUD/USD,SELL,2024-04-24T03:17:00.000Z,2833,10.000000000000009
2024-04-24T04:30:00.000Z,AUD/JPY,SELL,2024-04-24T04:32:00.000Z,2833,9.999999999999432
2024-04-24T06:30:00.000Z,USD/JPY,SELL,2024-04-24T06:32:00.000Z,2833,9.999999999999432
2024-04-24T06:30:00.000Z,EUR/USD,BUY,2024-04-24T06:32:00.000Z,2833,10.999999999998789
2024-04-24T07:30:00.000Z,EUR/JPY,BUY,2024-04-24T07:32:00.000Z,2833,12.599999999997635
2024-04-24T08:00:00.000Z,EUR/JPY,BUY,2024-04-24T08:02:00.000Z,2833,9.999999999999432
2024-04-24T09:00:00.000Z,EUR/JPY,BUY,2024-04-24T09:02:00.000Z,2833,9.999999999999432
2024-04-24T09:15:00.000Z,EUR/USD,BUY,2024-04-24T09:17:00.000Z,2833,9.999999999998899
2024-04-24T12:45:00.000Z,USD/JPY,SELL,2024-04-24T12:47:00.000Z,2833,9.999999999999432
2024-04-24T18:15:00.000Z,USD/JPY,SELL,2024-04-24T18:17:00.000Z,2833,-29.20000000000016
2024-04-24T18:15:00.000Z,EUR/JPY,SELL,2024-04-24T18:17:00.000Z,2833,-86.89999999999998
2024-04-24T19:00:00.000Z,USD/JPY,SELL,2024-04-24T19:02:00.000Z,2833,-31.000000000000227
2024-04-24T20:15:00.000Z,EUR/JPY,SELL,2024-04-24T20:17:00.000Z,2833,9.999999999999432
2024-04-24T21:15:00.000Z,USD/JPY,SELL,2024-04-24T21:17:00.000Z,2833,-43.80000000000166
2024-04-25T01:15:00.000Z,AUD/JPY,SELL,2024-04-25T01:17:00.000Z,2833,11.999999999999034
2024-04-25T01:30:00.000Z,USD/JPY,SELL,2024-04-25T01:32:00.000Z,2833,-18.500000000000227
2024-04-25T02:00:00.000Z,USD/JPY,SELL,2024-04-25T02:02:00.000Z,2833,-22.49999999999943
2024-04-25T02:00:00.000Z,EUR/JPY,SELL,2024-04-25T02:02:00.000Z,2833,10.099999999999909
2024-04-25T03:15:00.000Z,AUD/JPY,SELL,2024-04-25T03:17:00.000Z,2833,9.999999999999432
2024-04-25T03:30:00.000Z,USD/JPY,SELL,2024-04-25T03:32:00.000Z,2833,10.899999999998045
2024-04-25T04:00:00.000Z,USD/JPY,SELL,2024-04-25T04:02:00.000Z,2833,9.999999999999432
2024-04-25T06:15:00.000Z,USD/JPY,SELL,2024-04-25T06:17:00.000Z,2833,13.299999999998136
2024-04-25T07:15:00.000Z,USD/JPY,SELL,2024-04-25T07:17:00.000Z,2833,9.999999999999432
2024-04-25T07:15:00.000Z,EUR/JPY,SELL,2024-04-25T07:17:00.000Z,2833,9.999999999999432
2024-04-25T07:15:00.000Z,EUR/USD,SELL,2024-04-25T07:17:00.000Z,2833,9.999999999998899
2024-04-25T07:15:00.000Z,AUD/USD,SELL,2024-04-25T07:17:00.000Z,2833,10.000000000000009
2024-04-25T07:30:00.000Z,AUD/JPY,SELL,2024-04-25T07:32:00.000Z,2833,10.999999999999943
2024-04-25T10:00:00.000Z,EUR/JPY,SELL,2024-04-25T10:02:00.000Z,2833,9.999999999999432
2024-04-25T10:00:00.000Z,AUD/USD,SELL,2024-04-25T10:02:00.000Z,2833,10.000000000000009
2024-04-25T10:15:00.000Z,AUD/JPY,SELL,2024-04-25T10:17:00.000Z,2833,9.999999999999432
2024-04-25T11:45:00.000Z,AUD/USD,SELL,2024-04-25T11:47:00.000Z,2833,10.000000000000009
2024-04-25T13:00:00.000Z,EUR/JPY,BUY,2024-04-25T13:02:00.000Z,2833,9.999999999999432
2024-04-25T13:30:00.000Z,EUR/JPY,BUY,2024-04-25T13:32:00.000Z,2833,9.999999999999432
2024-04-25T13:45:00.000Z,AUD/JPY,BUY,2024-04-25T13:47:00.000Z,2833,10.899999999999466
2024-04-25T13:45:00.000Z,EUR/USD,BUY,2024-04-25T13:47:00.000Z,2833,10.200000000000209
2024-04-25T13:45:00.000Z,AUD/USD,BUY,2024-04-25T13:47:00.000Z,2833,11.400000000000299
2024-04-26T02:30:00.000Z,AUD/JPY,SELL,2024-04-26T02:32:00.000Z,2833,-189.40000000000055
2024-04-26T02:30:00.000Z,AUD/USD,SELL,2024-04-26T02:32:00.000Z,2833,10.000000000000009
2024-04-26T04:00:00.000Z,USD/JPY,SELL,2024-04-26T04:02:00.000Z,2833,14.100000000001955
2024-04-26T04:00:00.000Z,EUR/JPY,SELL,2024-04-26T04:02:00.000Z,2833,12.399999999999523
2024-04-26T04:00:00.000Z,AUD/JPY,SELL,2024-04-26T04:02:00.000Z,2833,10.999999999999943
2024-04-26T06:00:00.000Z,USD/JPY,SELL,2024-04-26T06:02:00.000Z,2833,9.999999999999432
2024-04-26T06:00:00.000Z,EUR/JPY,SELL,2024-04-26T06:02:00.000Z,2833,11.299999999999955
2024-04-26T07:00:00.000Z,EUR/USD,SELL,2024-04-26T07:02:00.000Z,2833,9.999999999998899
2024-04-26T07:15:00.000Z,AUD/USD,SELL,2024-04-26T07:17:00.000Z,2833,10.000000000000009
2024-04-26T08:15:00.000Z,USD/JPY,SELL,2024-04-26T08:17:00.000Z,2833,-207.90000000000077
2024-04-26T08:15:00.000Z,EUR/JPY,SELL,2024-04-26T08:17:00.000Z,2833,9.999999999999432
2024-04-26T09:00:00.000Z,EUR/JPY,SELL,2024-04-26T09:02:00.000Z,2833,10.400000000001342
2024-04-26T09:00:00.000Z,AUD/JPY,SELL,2024-04-26T09:02:00.000Z,2833,12.000000000000455
2024-04-26T09:00:00.000Z,EUR/USD,SELL,2024-04-26T09:02:00.000Z,2833,9.999999999998899
2024-04-26T09:00:00.000Z,AUD/USD,SELL,2024-04-26T09:02:00.000Z,2833,10.000000000000009
2024-04-26T13:00:00.000Z,AUD/JPY,SELL,2024-04-26T13:02:00.000Z,2833,-81.3999999999993
2024-04-26T15:45:00.000Z,EUR/USD,BUY,2024-04-26T15:47:00.000Z,2833,10.599999999998388
2024-04-26T17:00:00.000Z,EUR/JPY,SELL,2024-04-26T17:02:00.000Z,2833,-77.40000000000009
2024-04-26T17:30:00.000Z,EUR/JPY,SELL,2024-04-26T17:32:00.000Z,2833,-65.99999999999966
2024-04-26T19:30:00.000Z,EUR/JPY,SELL,2024-04-26T19:32:00.000Z,2833,-56.70000000000073
2024-04-26T20:15:00.000Z,EUR/JPY,SELL,2024-04-26T20:17:00.000Z,2833,-48.099999999999454
2024-04-28T23:00:00.000Z,USD/JPY,SELL,2024-04-28T23:02:00.000Z,2834,12.399999999999523
2024-04-28T23:30:00.000Z,USD/JPY,SELL,2024-04-28T23:32:00.000Z,2834,10.999999999998522
2024-04-28T23:45:00.000Z,EUR/JPY,SELL,2024-04-28T23:47:00.000Z,2834,9.999999999999432
2024-04-28T23:45:00.000Z,AUD/JPY,SELL,2024-04-28T23:47:00.000Z,2834,9.999999999999432
2024-04-29T00:15:00.000Z,EUR/JPY,SELL,2024-04-29T00:17:00.000Z,2834,13.2000000000005
2024-04-29T00:15:00.000Z,AUD/JPY,SELL,2024-04-29T00:17:00.000Z,2834,11.7999999999995
2024-04-29T01:00:00.000Z,EUR/JPY,SELL,2024-04-29T01:02:00.000Z,2834,12.600000000000477
2024-04-29T01:15:00.000Z,AUD/USD,SELL,2024-04-29T01:17:00.000Z,2834,-11.999999999999789
2024-04-29T03:00:00.000Z,EUR/USD,SELL,2024-04-29T03:02:00.000Z,2834,9.999999999998899
2024-04-29T03:15:00.000Z,AUD/USD,SELL,2024-04-29T03:17:00.000Z,2834,10.300000000000864
2024-04-29T04:15:00.000Z,USD/JPY,SELL,2024-04-29T04:17:00.000Z,2834,0
2024-04-29T04:15:00.000Z,EUR/JPY,SELL,2024-04-29T04:17:00.000Z,2834,0
2024-04-29T04:15:00.000Z,AUD/JPY,SELL,2024-04-29T04:17:00.000Z,2834,0
2024-04-29T05:00:00.000Z,EUR/JPY,BUY,2024-04-29T05:02:00.000Z,2834,9.999999999999432
2024-04-29T05:00:00.000Z,AUD/JPY,BUY,2024-04-29T05:02:00.000Z,2834,9.999999999999432
2024-04-29T05:00:00.000Z,AUD/USD,SELL,2024-04-29T05:02:00.000Z,2834,10.400000000000409
2024-04-29T05:30:00.000Z,USD/JPY,BUY,2024-04-29T05:32:00.000Z,2834,36.7999999999995
2024-04-29T05:30:00.000Z,EUR/JPY,BUY,2024-04-29T05:32:00.000Z,2834,38.299999999998136
2024-04-29T05:30:00.000Z,AUD/JPY,BUY,2024-04-29T05:32:00.000Z,2834,25.799999999999557
2024-04-29T05:45:00.000Z,EUR/USD,SELL,2024-04-29T05:47:00.000Z,2834,9.999999999998899
2024-04-29T07:45:00.000Z,EUR/JPY,BUY,2024-04-29T07:47:00.000Z,2834,9.999999999999432
2024-04-29T07:45:00.000Z,AUD/JPY,BUY,2024-04-29T07:47:00.000Z,2834,9.999999999999432
2024-04-29T17:00:00.000Z,USD/JPY,BUY,2024-04-29T17:02:00.000Z,2834,15.000000000000568
2024-04-30T01:15:00.000Z,USD/JPY,SELL,2024-04-30T01:17:00.000Z,2834,9.999999999999432
2024-04-30T03:00:00.000Z,EUR/USD,BUY,2024-04-30T03:02:00.000Z,2834,10.199999999997988
2024-04-30T03:00:00.000Z,AUD/USD,BUY,2024-04-30T03:02:00.000Z,2834,-71.39999999999924
2024-04-30T04:30:00.000Z,AUD/USD,BUY,2024-04-30T04:32:00.000Z,2834,-63.90000000000006
2024-04-30T06:00:00.000Z,EUR/USD,BUY,2024-04-30T06:02:00.000Z,2834,10.399999999997078
2024-04-30T06:45:00.000Z,EUR/USD,BUY,2024-04-30T06:47:00.000Z,2834,9.999999999998899
2024-04-30T07:00:00.000Z,AUD/USD,BUY,2024-04-30T07:02:00.000Z,2834,10.000000000000009
2024-04-30T10:00:00.000Z,EUR/JPY,SELL,2024-04-30T10:02:00.000Z,2834,9.999999999999432
2024-04-30T10:00:00.000Z,EUR/USD,SELL,2024-04-30T10:02:00.000Z,2834,9.999999999998899
2024-04-30T10:45:00.000Z,EUR/USD,SELL,2024-04-30T10:47:00.000Z,2834,0
2024-04-30T13:15:00.000Z,AUD/USD,BUY,2024-04-30T13:17:00.000Z,2834,-20.799999999999706
2024-04-30T13:30:00.000Z,EUR/JPY,SELL,2024-04-30T13:32:00.000Z,2834,14.099999999999113
2024-04-30T13:45:00.000Z,AUD/USD,BUY,2024-04-30T13:47:00.000Z,2834,-16.1
2024-04-30T14:00:00.000Z,EUR/JPY,SELL,2024-04-30T14:02:00.000Z,2834,9.999999999999432
2024-04-30T14:15:00.000Z,USD/JPY,SELL,2024-04-30T14:17:00.000Z,2834,-13.300000000000978
2024-04-30T14:15:00.000Z,AUD/USD,BUY,2024-04-30T14:17:00.000Z,2834,-3.6999999999998145
2024-04-30T16:00:00.000Z,AUD/USD,BUY,2024-04-30T16:02:00.000Z,2834,2.80000000000058
2024-04-30T16:45:00.000Z,USD/JPY,SELL,2024-04-30T16:47:00.000Z,2834,9.999999999999432
2024-04-30T17:00:00.000Z,AUD/USD,BUY,2024-04-30T17:02:00.000Z,2834,10.000000000000009
2024-04-30T18:00:00.000Z,USD/JPY,SELL,2024-04-30T18:02:00.000Z,2834,9.999999999999432
2024-04-30T20:00:00.000Z,USD/JPY,SELL,2024-04-30T20:02:00.000Z,2834,9.999999999999432
2024-04-30T21:15:00.000Z,USD/JPY,SELL,2024-04-30T21:17:00.000Z,2834,9.999999999999432
2024-04-30T21:15:00.000Z,EUR/USD,BUY,2024-04-30T21:17:00.000Z,2834,9.999999999998899
2024-04-30T21:15:00.000Z,AUD/USD,BUY,2024-04-30T21:17:00.000Z,2834,10.000000000000009
2024-05-01T01:00:00.000Z,EUR/USD,BUY,2024-05-01T01:02:00.000Z,2834,9.999999999998899
2024-05-01T01:15:00.000Z,AUD/USD,BUY,2024-05-01T01:17:00.000Z,2834,10.000000000000009
2024-05-01T02:30:00.000Z,EUR/USD,BUY,2024-05-01T02:32:00.000Z,2834,10.899999999998133
2024-05-01T04:30:00.000Z,EUR/USD,BUY,2024-05-01T04:32:00.000Z,2834,9.999999999998899
2024-05-01T05:45:00.000Z,EUR/USD,BUY,2024-05-01T05:47:00.000Z,2834,9.999999999998899
2024-05-01T08:45:00.000Z,EUR/JPY,SELL,2024-05-01T08:47:00.000Z,2834,9.999999999999432
2024-05-01T09:15:00.000Z,EUR/JPY,SELL,2024-05-01T09:17:00.000Z,2834,10.699999999999932
2024-05-01T10:00:00.000Z,EUR/JPY,SELL,2024-05-01T10:02:00.000Z,2834,9.999999999999432
2024-05-01T10:00:00.000Z,EUR/USD,SELL,2024-05-01T10:02:00.000Z,2834,-33.29999999999833
2024-05-01T13:30:00.000Z,EUR/USD,SELL,2024-05-01T13:32:00.000Z,2834,-15.899999999999803
2024-05-01T14:30:00.000Z,USD/JPY,BUY,2024-05-01T14:32:00.000Z,2834,12.600000000000477
2024-05-01T14:45:00.000Z,EUR/USD,SELL,2024-05-01T14:47:00.000Z,2834,9.999999999998899
2024-05-01T14:45:00.000Z,AUD/USD,SELL,2024-05-01T14:47:00.000Z,2834,-41.30000000000078
2024-05-01T19:15:00.000Z,USD/JPY,BUY,2024-05-01T19:17:00.000Z,2834,-406.8000000000012
2024-05-01T19:15:00.000Z,EUR/USD,SELL,2024-05-01T19:17:00.000Z,2834,9.999999999998899
2024-05-01T19:30:00.000Z,AUD/JPY,SELL,2024-05-01T19:32:00.000Z,2834,0
2024-05-01T19:30:00.000Z,AUD/USD,SELL,2024-05-01T19:32:00.000Z,2834,-49.700000000000294
2024-05-01T21:30:00.000Z,USD/JPY,BUY,2024-05-01T21:32:00.000Z,2834,9.999999999999432
2024-05-01T21:30:00.000Z,AUD/JPY,BUY,2024-05-01T21:32:00.000Z,2834,9.999999999999432
2024-05-01T21:45:00.000Z,EUR/JPY,BUY,2024-05-01T21:47:00.000Z,2834,9.999999999999432
2024-05-01T22:15:00.000Z,USD/JPY,BUY,2024-05-01T22:17:00.000Z,2834,16.699999999997317
2024-05-01T22:15:00.000Z,EUR/JPY,BUY,2024-05-01T22:17:00.000Z,2834,18.599999999997863
2024-05-01T22:15:00.000Z,AUD/JPY,BUY,2024-05-01T22:17:00.000Z,2834,15.200000000000102
2024-05-02T06:45:00.000Z,AUD/USD,SELL,2024-05-02T06:47:00.000Z,2834,10.000000000000009
2024-05-02T09:15:00.000Z,EUR/JPY,BUY,2024-05-02T09:17:00.000Z,2834,-167.0000000000016
2024-05-02T11:15:00.000Z,AUD/JPY,BUY,2024-05-02T11:17:00.000Z,2834,-32.00000000000074
2024-05-02T12:30:00.000Z,AUD/JPY,BUY,2024-05-02T12:32:00.000Z,2834,-22.100000000000364
2024-05-02T13:15:00.000Z,USD/JPY,BUY,2024-05-02T13:17:00.000Z,2834,-228.5000000000025
2024-05-02T13:15:00.000Z,EUR/JPY,BUY,2024-05-02T13:17:00.000Z,2834,-100.7000000000005
2024-05-02T13:15:00.000Z,AUD/JPY,BUY,2024-05-02T13:17:00.000Z,2834,9.999999999999432
2024-05-02T14:15:00.000Z,USD/JPY,BUY,2024-05-02T14:17:00.000Z,2834,-166.70000000000016
2024-05-02T14:30:00.000Z,AUD/JPY,BUY,2024-05-02T14:32:00.000Z,2834,9.999999999999432
2024-05-02T14:30:00.000Z,EUR/USD,BUY,2024-05-02T14:32:00.000Z,2834,9.999999999998899
2024-05-02T16:00:00.000Z,AUD/JPY,BUY,2024-05-02T16:02:00.000Z,2834,9.999999999999432
2024-05-02T16:45:00.000Z,EUR/JPY,BUY,2024-05-02T16:47:00.000Z,2834,10.999999999998522
2024-05-02T17:00:00.000Z,USD/JPY,BUY,2024-05-02T17:02:00.000Z,2834,-85.49999999999898
2024-05-02T19:15:00.000Z,EUR/JPY,BUY,2024-05-02T19:17:00.000Z,2834,9.999999999999432
2024-05-02T19:15:00.000Z,EUR/USD,SELL,2024-05-02T19:17:00.000Z,2834,-38.399999999998435
2024-05-02T19:45:00.000Z,AUD/USD,SELL,2024-05-02T19:47:00.000Z,2834,-48.799999999999955
2024-05-02T20:15:00.000Z,USD/JPY,BUY,2024-05-02T20:17:00.000Z,2834,-60.09999999999991
2024-05-03T02:30:00.000Z,EUR/USD,SELL,2024-05-03T02:32:00.000Z,2834,-32.600000000000406
2024-05-03T13:15:00.000Z,USD/JPY,BUY,2024-05-03T13:17:00.000Z,2834,9.999999999999432
2024-05-03T13:45:00.000Z,AUD/JPY,SELL,2024-05-03T13:47:00.000Z,2834,9.999999999999432
2024-05-03T13:45:00.000Z,EUR/USD,SELL,2024-05-03T13:47:00.000Z,2834,9.999999999998899
2024-05-03T14:15:00.000Z,AUD/USD,SELL,2024-05-03T14:17:00.000Z,2834,2.1999999999999797
2024-05-05T23:15:00.000Z,EUR/JPY,SELL,2024-05-05T23:17:00.000Z,2835,-109.39999999999941
2024-05-06T01:00:00.000Z,USD/JPY,SELL,2024-05-06T01:02:00.000Z,2835,-49.69999999999857
2024-05-06T01:00:00.000Z,EUR/JPY,SELL,2024-05-06T01:02:00.000Z,2835,-65.59999999999775
2024-05-06T02:30:00.000Z,USD/JPY,SELL,2024-05-06T02:32:00.000Z,2835,11.599999999998545
2024-05-06T04:30:00.000Z,USD/JPY,SELL,2024-05-06T04:32:00.000Z,2835,10.299999999998022
2024-05-06T04:30:00.000Z,AUD/JPY,SELL,2024-05-06T04:32:00.000Z,2835,-34.00000000000034
2024-05-06T05:30:00.000Z,EUR/JPY,SELL,2024-05-06T05:32:00.000Z,2835,10.599999999999454
2024-05-06T05:30:00.000Z,AUD/JPY,SELL,2024-05-06T05:32:00.000Z,2835,-36.19999999999948
2024-05-06T13:00:00.000Z,AUD/USD,SELL,2024-05-06T13:02:00.000Z,2835,10.000000000000009
2024-05-06T13:15:00.000Z,EUR/USD,SELL,2024-05-06T13:17:00.000Z,2835,9.999999999998899
2024-05-07T00:30:00.000Z,USD/JPY,SELL,2024-05-07T00:32:00.000Z,2835,13.2000000000005
2024-05-07T00:30:00.000Z,EUR/JPY,SELL,2024-05-07T00:32:00.000Z,2835,12.699999999998113
2024-05-07T00:45:00.000Z,AUD/JPY,SELL,2024-05-07T00:47:00.000Z,2835,9.999999999999432
2024-05-07T01:30:00.000Z,AUD/USD,SELL,2024-05-07T01:32:00.000Z,2835,0
2024-05-07T02:00:00.000Z,EUR/JPY,SELL,2024-05-07T02:02:00.000Z,2835,11.299999999999955
2024-05-07T02:00:00.000Z,AUD/JPY,SELL,2024-05-07T02:02:00.000Z,2835,10.3999999999985
2024-05-07T02:45:00.000Z,USD/JPY,SELL,2024-05-07T02:47:00.000Z,2835,9.999999999999432
2024-05-07T02:45:00.000Z,EUR/JPY,SELL,2024-05-07T02:47:00.000Z,2835,9.999999999999432
2024-05-07T02:45:00.000Z,AUD/JPY,SELL,2024-05-07T02:47:00.000Z,2835,12.099999999999511
2024-05-07T03:30:00.000Z,USD/JPY,SELL,2024-05-07T03:32:00.000Z,2835,10.999999999998522
2024-05-07T03:30:00.000Z,EUR/JPY,SELL,2024-05-07T03:32:00.000Z,2835,13.299999999998136
2024-05-07T04:15:00.000Z,EUR/JPY,SELL,2024-05-07T04:17:00.000Z,2835,9.999999999999432
2024-05-07T04:15:00.000Z,AUD/JPY,SELL,2024-05-07T04:17:00.000Z,2835,9.999999999999432
2024-05-07T05:00:00.000Z,AUD/USD,BUY,2024-05-07T05:02:00.000Z,2835,10.000000000000009
2024-05-07T06:45:00.000Z,AUD/USD,BUY,2024-05-07T06:47:00.000Z,2835,10.000000000000009
2024-05-07T08:30:00.000Z,EUR/JPY,BUY,2024-05-07T08:32:00.000Z,2835,0
2024-05-07T14:00:00.000Z,EUR/USD,SELL,2024-05-07T14:02:00.000Z,2835,9.999999999998899
2024-05-07T19:00:00.000Z,AUD/USD,BUY,2024-05-07T19:02:00.000Z,2835,-17.000000000000348
2024-05-07T23:45:00.000Z,AUD/USD,BUY,2024-05-07T23:47:00.000Z,2835,-10.900000000000354
2024-05-08T00:30:00.000Z,AUD/USD,BUY,2024-05-08T00:32:00.000Z,2835,-18.200000000000436
2024-05-08T02:00:00.000Z,EUR/JPY,SELL,2024-05-08T02:02:00.000Z,2835,-56.800000000001205
2024-05-08T03:00:00.000Z,EUR/JPY,SELL,2024-05-08T03:02:00.000Z,2835,-55.19999999999925
2024-05-08T03:00:00.000Z,EUR/USD,BUY,2024-05-08T03:02:00.000Z,2835,10.099999999999554
2024-05-08T03:15:00.000Z,USD/JPY,SELL,2024-05-08T03:17:00.000Z,2835,-42.30000000000018
2024-05-08T03:45:00.000Z,AUD/USD,BUY,2024-05-08T03:47:00.000Z,2835,10.100000000000664
2024-05-08T08:45:00.000Z,USD/JPY,SELL,2024-05-08T08:47:00.000Z,2835,13.599999999996726
2024-05-08T09:30:00.000Z,USD/JPY,SELL,2024-05-08T09:32:00.000Z,2835,9.999999999999432
2024-05-08T09:30:00.000Z,EUR/JPY,SELL,2024-05-08T09:32:00.000Z,2835,11.099999999999
2024-05-08T09:30:00.000Z,AUD/USD,BUY,2024-05-08T09:32:00.000Z,2835,10.000000000000009
2024-05-08T12:30:00.000Z,AUD/USD,BUY,2024-05-08T12:32:00.000Z,2835,10.600000000000609
2024-05-08T13:00:00.000Z,USD/JPY,SELL,2024-05-08T13:02:00.000Z,2835,9.999999999999432
2024-05-08T13:15:00.000Z,EUR/JPY,SELL,2024-05-08T13:17:00.000Z,2835,9.999999999999432
2024-05-08T14:15:00.000Z,EUR/JPY,SELL,2024-05-08T14:17:00.000Z,2835,10.799999999997567
2024-05-08T15:15:00.000Z,AUD/JPY,SELL,2024-05-08T15:17:00.000Z,2835,9.999999999999432
2024-05-09T00:30:00.000Z,EUR/JPY,BUY,2024-05-09T00:32:00.000Z,2835,9.999999999999432
2024-05-09T00:30:00.000Z,AUD/JPY,BUY,2024-05-09T00:32:00.000Z,2835,9.999999999999432
2024-05-09T07:15:00.000Z,EUR/USD,BUY,2024-05-09T07:17:00.000Z,2835,10.199999999997988
2024-05-09T08:00:00.000Z,EUR/USD,BUY,2024-05-09T08:02:00.000Z,2835,10.499999999997733
2024-05-09T09:45:00.000Z,EUR/USD,BUY,2024-05-09T09:47:00.000Z,2835,10.999999999998789
2024-05-09T10:00:00.000Z,AUD/JPY,SELL,2024-05-09T10:02:00.000Z,2835,-41.799999999999216
2024-05-09T10:30:00.000Z,AUD/JPY,SELL,2024-05-09T10:32:00.000Z,2835,-42.69999999999925
2024-05-09T10:45:00.000Z,USD/JPY,SELL,2024-05-09T10:47:00.000Z,2835,10.3999999999985
2024-05-09T11:30:00.000Z,USD/JPY,SELL,2024-05-09T11:32:00.000Z,2835,9.999999999999432
2024-05-09T12:30:00.000Z,AUD/JPY,SELL,2024-05-09T12:32:00.000Z,2835,-22.400000000000375
2024-05-09T13:00:00.000Z,USD/JPY,BUY,2024-05-09T13:02:00.000Z,2835,9.999999999999432
2024-05-09T13:15:00.000Z,AUD/JPY,SELL,2024-05-09T13:17:00.000Z,2835,-25.799999999999557
2024-05-09T13:15:00.000Z,EUR/USD,SELL,2024-05-09T13:17:00.000Z,2835,-20.299999999999763
2024-05-09T13:15:00.000Z,AUD/USD,SELL,2024-05-09T13:17:00.000Z,2835,-18.199999999999328
2024-05-09T15:30:00.000Z,AUD/USD,SELL,2024-05-09T15:32:00.000Z,2835,10.000000000000009
2024-05-09T15:45:00.000Z,EUR/USD,SELL,2024-05-09T15:47:00.000Z,2835,10.099999999999554
2024-05-09T16:00:00.000Z,EUR/JPY,SELL,2024-05-09T16:02:00.000Z,2835,13.79999999999768
2024-05-09T16:00:00.000Z,AUD/JPY,SELL,2024-05-09T16:02:00.000Z,2835,-11.899999999999977
2024-05-09T17:45:00.000Z,EUR/USD,SELL,2024-05-09T17:47:00.000Z,2835,9.999999999998899
2024-05-09T17:45:00.000Z,AUD/USD,SELL,2024-05-09T17:47:00.000Z,2835,10.000000000000009
2024-05-09T20:00:00.000Z,EUR/USD,SELL,2024-05-09T20:02:00.000Z,2835,9.999999999998899
2024-05-09T21:15:00.000Z,AUD/JPY,SELL,2024-05-09T21:17:00.000Z,2835,9.999999999999432
2024-05-09T21:15:00.000Z,AUD/USD,SELL,2024-05-09T21:17:00.000Z,2835,10.000000000000009
2024-05-09T22:30:00.000Z,EUR/USD,SELL,2024-05-09T22:32:00.000Z,2835,9.999999999998899
2024-05-09T22:30:00.000Z,AUD/USD,SELL,2024-05-09T22:32:00.000Z,2835,10.000000000000009
2024-05-10T03:00:00.000Z,AUD/USD,BUY,2024-05-10T03:02:00.000Z,2835,10.000000000000009
2024-05-13T02:15:00.000Z,AUD/JPY,BUY,2024-05-13T02:17:00.000Z,2836,9.999999999999432
2024-05-13T02:15:00.000Z,AUD/USD,BUY,2024-05-13T02:17:00.000Z,2836,10.000000000000009
2024-05-13T09:30:00.000Z,AUD/JPY,SELL,2024-05-13T09:32:00.000Z,2836,-27.599999999999625
2024-05-13T09:30:00.000Z,EUR/USD,SELL,2024-05-13T09:32:00.000Z,2836,-5.1000000000001044
2024-05-13T12:45:00.000Z,EUR/JPY,SELL,2024-05-13T12:47:00.000Z,2836,-99.20000000000186
2024-05-13T13:30:00.000Z,AUD/JPY,SELL,2024-05-13T13:32:00.000Z,2836,-35.80000000000041
2024-05-13T13:45:00.000Z,AUD/USD,SELL,2024-05-13T13:47:00.000Z,2836,10.000000000000009
2024-05-13T14:15:00.000Z,EUR/USD,SELL,2024-05-13T14:17:00.000Z,2836,11.999999999998678
2024-05-13T15:00:00.000Z,EUR/USD,SELL,2024-05-13T15:02:00.000Z,2836,-20.200000000001328
2024-05-13T17:15:00.000Z,EUR/JPY,SELL,2024-05-13T17:17:00.000Z,2836,-75.50000000000239
2024-05-13T18:30:00.000Z,USD/JPY,SELL,2024-05-13T18:32:00.000Z,2836,-24.500000000000455
2024-05-14T01:00:00.000Z,USD/JPY,SELL,2024-05-14T01:02:00.000Z,2836,-9.000000000000341
2024-05-14T01:00:00.000Z,EUR/JPY,SELL,2024-05-14T01:02:00.000Z,2836,-54.299999999997794
2024-05-14T01:30:00.000Z,EUR/JPY,SELL,2024-05-14T01:32:00.000Z,2836,9.999999999999432
2024-05-14T02:00:00.000Z,USD/JPY,SELL,2024-05-14T02:02:00.000Z,2836,13.699999999997203
2024-05-14T02:45:00.000Z,USD/JPY,SELL,2024-05-14T02:47:00.000Z,2836,9.999999999999432
2024-05-14T08:30:00.000Z,EUR/USD,BUY,2024-05-14T08:32:00.000Z,2836,9.999999999998899
2024-05-14T13:15:00.000Z,AUD/JPY,SELL,2024-05-14T13:17:00.000Z,2836,9.999999999999432
2024-05-14T13:30:00.000Z,EUR/JPY,SELL,2024-05-14T13:32:00.000Z,2836,10.200000000000387
2024-05-14T13:30:00.000Z,AUD/USD,SELL,2024-05-14T13:32:00.000Z,2836,-33.29999999999944
2024-05-14T13:45:00.000Z,EUR/USD,SELL,2024-05-14T13:47:00.000Z,2836,-30.09999999999957
2024-05-14T14:00:00.000Z,EUR/JPY,SELL,2024-05-14T14:02:00.000Z,2836,15.799999999998704
2024-05-14T14:15:00.000Z,EUR/USD,SELL,2024-05-14T14:17:00.000Z,2836,-24.199999999998667
2024-05-14T14:30:00.000Z,EUR/JPY,SELL,2024-05-14T14:32:00.000Z,2836,9.999999999999432
2024-05-14T15:30:00.000Z,EUR/JPY,SELL,2024-05-14T15:32:00.000Z,2836,11.499999999998067
2024-05-15T00:45:00.000Z,AUD/JPY,SELL,2024-05-15T00:47:00.000Z,2836,9.999999999999432
2024-05-15T04:15:00.000Z,AUD/JPY,SELL,2024-05-15T04:17:00.000Z,2836,0
2024-05-15T04:15:00.000Z,EUR/USD,SELL,2024-05-15T04:17:00.000Z,2836,-60.100000000000705
2024-05-15T04:45:00.000Z,AUD/USD,SELL,2024-05-15T04:47:00.000Z,2836,10.499999999999954
2024-05-15T05:30:00.000Z,USD/JPY,BUY,2024-05-15T05:32:00.000Z,2836,9.999999999999432
2024-05-15T08:00:00.000Z,USD/JPY,BUY,2024-05-15T08:02:00.000Z,2836,-172.10000000000036
2024-05-15T09:45:00.000Z,USD/JPY,BUY,2024-05-15T09:47:00.000Z,2836,-112.60000000000048
2024-05-15T10:00:00.000Z,EUR/JPY,BUY,2024-05-15T10:02:00.000Z,2836,9.999999999999432
2024-05-15T10:00:00.000Z,AUD/JPY,BUY,2024-05-15T10:02:00.000Z,2836,9.999999999999432
2024-05-15T11:45:00.000Z,USD/JPY,BUY,2024-05-15T11:47:00.000Z,2836,9.999999999999432
2024-05-15T11:45:00.000Z,AUD/JPY,BUY,2024-05-15T11:47:00.000Z,2836,9.999999999999432
2024-05-15T12:00:00.000Z,EUR/JPY,BUY,2024-05-15T12:02:00.000Z,2836,9.999999999999432
2024-05-15T12:45:00.000Z,EUR/JPY,BUY,2024-05-15T12:47:00.000Z,2836,17.40000000000066
2024-05-15T12:45:00.000Z,AUD/JPY,BUY,2024-05-15T12:47:00.000Z,2836,12.099999999999511
2024-05-15T13:00:00.000Z,AUD/USD,SELL,2024-05-15T13:02:00.000Z,2836,10.000000000000009
2024-05-15T13:30:00.000Z,USD/JPY,BUY,2024-05-15T13:32:00.000Z,2836,-0.6000000000000227
2024-05-15T13:30:00.000Z,EUR/USD,SELL,2024-05-15T13:32:00.000Z,2836,9.999999999998899
2024-05-15T16:00:00.000Z,USD/JPY,BUY,2024-05-15T16:02:00.000Z,2836,9.999999999999432
2024-05-15T22:30:00.000Z,EUR/USD,SELL,2024-05-15T22:32:00.000Z,2836,9.999999999998899
2024-05-15T23:00:00.000Z,USD/JPY,BUY,2024-05-15T23:02:00.000Z,2836,9.999999999999432
2024-05-16T00:00:00.000Z,AUD/JPY,BUY,2024-05-16T00:02:00.000Z,2836,9.999999999999432
2024-05-16T00:15:00.000Z,USD/JPY,BUY,2024-05-16T00:17:00.000Z,2836,9.999999999999432
2024-05-16T00:15:00.000Z,EUR/JPY,BUY,2024-05-16T00:17:00.000Z,2836,9.999999999999432
2024-05-16T01:15:00.000Z,EUR/USD,SELL,2024-05-16T01:17:00.000Z,2836,12.499999999999734
2024-05-16T01:15:00.000Z,AUD/USD,SELL,2024-05-16T01:17:00.000Z,2836,11.800000000000699
2024-05-16T02:00:00.000Z,USD/JPY,BUY,2024-05-16T02:02:00.000Z,2836,9.999999999999432
2024-05-16T02:00:00.000Z,EUR/JPY,BUY,2024-05-16T02:02:00.000Z,2836,9.999999999999432
2024-05-16T03:00:00.000Z,AUD/JPY,BUY,2024-05-16T03:02:00.000Z,2836,10.499999999998977
2024-05-16T05:30:00.000Z,AUD/JPY,BUY,2024-05-16T05:32:00.000Z,2836,9.999999999999432
2024-05-16T08:45:00.000Z,USD/JPY,SELL,2024-05-16T08:47:00.000Z,2836,-125.20000000000095
2024-05-16T08:45:00.000Z,EUR/USD,BUY,2024-05-16T08:47:00.000Z,2836,-27.500000000000302
2024-05-16T13:30:00.000Z,AUD/JPY,SELL,2024-05-16T13:32:00.000Z,2836,-34.600000000000364
2024-05-16T14:00:00.000Z,AUD/USD,BUY,2024-05-16T14:02:00.000Z,2836,10.000000000000009
2024-05-16T14:30:00.000Z,USD/JPY,SELL,2024-05-16T14:32:00.000Z,2836,9.999999999999432
2024-05-16T15:15:00.000Z,EUR/JPY,SELL,2024-05-16T15:17:00.000Z,2836,-24.200000000001864
2024-05-16T15:15:00.000Z,AUD/JPY,SELL,2024-05-16T15:17:00.000Z,2836,-31.30000000000024
2024-05-16T16:15:00.000Z,AUD/JPY,SELL,2024-05-16T16:17:00.000Z,2836,-29.20000000000016
2024-05-16T16:45:00.000Z,EUR/JPY,SELL,2024-05-16T16:47:00.000Z,2836,-26.300000000000523
2024-05-17T01:45:00.000Z,USD/JPY,SELL,2024-05-17T01:47:00.000Z,2836,14.300000000000068
2024-05-17T01:45:00.000Z,EUR/JPY,SELL,2024-05-17T01:47:00.000Z,2836,14.900000000000091
2024-05-17T02:45:00.000Z,EUR/JPY,SELL,2024-05-17T02:47:00.000Z,2836,10.599999999999454
2024-05-17T03:00:00.000Z,AUD/USD,BUY,2024-05-17T03:02:00.000Z,2836,10.000000000000009
2024-05-17T03:15:00.000Z,USD/JPY,SELL,2024-05-17T03:17:00.000Z,2836,11.299999999999955
2024-05-17T03:45:00.000Z,EUR/JPY,SELL,2024-05-17T03:47:00.000Z,2836,10.899999999998045
2024-05-17T11:15:00.000Z,EUR/USD,BUY,2024-05-17T11:17:00.000Z,2836,10.499999999999954
2024-05-17T15:15:00.000Z,EUR/USD,SELL,2024-05-17T15:17:00.000Z,2836,-3.1999999999987594
2024-05-17T15:15:00.000Z,AUD/USD,SELL,2024-05-17T15:17:00.000Z,2836,-12.800000000000589
2024-05-17T15:45:00.000Z,USD/JPY,BUY,2024-05-17T15:47:00.000Z,2836,12.600000000000477
2024-05-17T18:00:00.000Z,AUD/USD,SELL,2024-05-17T18:02:00.000Z,2836,-3.5000000000007248
2024-05-17T18:15:00.000Z,AUD/JPY,SELL,2024-05-17T18:17:00.000Z,2836,-11.200000000000898
2024-05-17T19:45:00.000Z,AUD/JPY,SELL,2024-05-17T19:47:00.000Z,2836,-0.9000000000000341
2024-05-17T19:45:00.000Z,AUD/USD,SELL,2024-05-17T19:47:00.000Z,2836,0
2024-05-17T20:45:00.000Z,AUD/JPY,SELL,2024-05-17T20:47:00.000Z,2836,0
2024-05-20T00:00:00.000Z,AUD/JPY,SELL,2024-05-20T00:02:00.000Z,2837,9.999999999999432
2024-05-20T00:00:00.000Z,AUD/USD,SELL,2024-05-20T00:02:00.000Z,2837,10.000000000000009
2024-05-20T00:45:00.000Z,AUD/JPY,SELL,2024-05-20T00:47:00.000Z,2837,11.699999999999022
2024-05-20T01:30:00.000Z,AUD/JPY,SELL,2024-05-20T01:32:00.000Z,2837,9.999999999999432
2024-05-20T07:45:00.000Z,EUR/JPY,BUY,2024-05-20T07:47:00.000Z,2837,10.099999999999909
2024-05-20T07:45:00.000Z,AUD/JPY,BUY,2024-05-20T07:47:00.000Z,2837,10.499999999998977
2024-05-20T12:45:00.000Z,AUD/JPY,BUY,2024-05-20T12:47:00.000Z,2837,9.999999999999432
2024-05-20T13:00:00.000Z,EUR/USD,BUY,2024-05-20T13:02:00.000Z,2837,9.999999999998899
2024-05-20T13:30:00.000Z,AUD/USD,BUY,2024-05-20T13:32:00.000Z,2837,10.000000000000009
2024-05-20T14:00:00.000Z,USD/JPY,SELL,2024-05-20T14:02:00.000Z,2837,9.999999999999432
2024-05-20T19:45:00.000Z,USD/JPY,SELL,2024-05-20T19:47:00.000Z,2837,10.499999999998977
2024-05-20T21:00:00.000Z,USD/JPY,SELL,2024-05-20T21:10:00.000Z,2837,9.999999999999432
2024-05-21T00:15:00.000Z,EUR/JPY,SELL,2024-05-21T00:17:00.000Z,2837,10.200000000000387
2024-05-21T00:30:00.000Z,AUD/JPY,SELL,2024-05-21T00:32:00.000Z,2837,9.999999999999432
2024-05-21T00:45:00.000Z,USD/JPY,SELL,2024-05-21T00:47:00.000Z,2837,11.699999999999022
2024-05-21T01:45:00.000Z,EUR/JPY,SELL,2024-05-21T01:47:00.000Z,2837,10.099999999999909
2024-05-21T02:15:00.000Z,USD/JPY,SELL,2024-05-21T02:17:00.000Z,2837,10.80000000000041
2024-05-21T02:45:00.000Z,USD/JPY,SELL,2024-05-21T02:47:00.000Z,2837,9.999999999999432
2024-05-21T02:45:00.000Z,AUD/USD,BUY,2024-05-21T02:47:00.000Z,2837,10.000000000000009
2024-05-21T04:30:00.000Z,USD/JPY,SELL,2024-05-21T04:32:00.000Z,2837,9.999999999999432
2024-05-21T14:15:00.000Z,EUR/JPY,BUY,2024-05-21T14:17:00.000Z,2837,17.199999999999704
2024-05-22T02:30:00.000Z,AUD/JPY,SELL,2024-05-22T02:32:00.000Z,2837,11.099999999999
2024-05-22T02:30:00.000Z,AUD/USD,SELL,2024-05-22T02:32:00.000Z,2837,10.000000000000009
2024-05-22T06:45:00.000Z,EUR/JPY,SELL,2024-05-22T06:47:00.000Z,2837,13.49999999999909
2024-05-22T11:45:00.000Z,EUR/JPY,BUY,2024-05-22T11:47:00.000Z,2837,11.299999999999955
2024-05-22T12:30:00.000Z,EUR/USD,BUY,2024-05-22T12:32:00.000Z,2837,10.399999999997078
2024-05-22T14:45:00.000Z,AUD/JPY,BUY,2024-05-22T14:47:00.000Z,2837,9.999999999999432
2024-05-22T19:00:00.000Z,AUD/JPY,BUY,2024-05-22T19:02:00.000Z,2837,9.999999999999432
2024-05-22T20:00:00.000Z,AUD/USD,BUY,2024-05-22T20:02:00.000Z,2837,10.000000000000009
2024-05-22T21:15:00.000Z,USD/JPY,SELL,2024-05-22T21:17:00.000Z,2837,9.999999999999432
2024-05-23T07:45:00.000Z,EUR/JPY,BUY,2024-05-23T07:47:00.000Z,2837,10.80000000000041
2024-05-23T07:45:00.000Z,EUR/USD,BUY,2024-05-23T07:47:00.000Z,2837,11.799999999997368
2024-05-23T10:15:00.000Z,AUD/JPY,SELL,2024-05-23T10:17:00.000Z,2837,9.999999999999432
2024-05-23T10:15:00.000Z,AUD/USD,SELL,2024-05-23T10:17:00.000Z,2837,10.000000000000009
2024-05-23T11:15:00.000Z,AUD/JPY,SELL,2024-05-23T11:17:00.000Z,2837,11.099999999999
2024-05-23T11:15:00.000Z,AUD/USD,SELL,2024-05-23T11:17:00.000Z,2837,10.000000000000009
2024-05-23T12:45:00.000Z,AUD/USD,SELL,2024-05-23T12:47:00.000Z,2837,10.000000000000009
2024-05-23T13:30:00.000Z,AUD/USD,SELL,2024-05-23T13:32:00.000Z,2837,10.000000000000009
2024-05-23T13:45:00.000Z,AUD/JPY,SELL,2024-05-23T13:47:00.000Z,2837,9.999999999999432
2024-05-23T13:45:00.000Z,EUR/USD,SELL,2024-05-23T13:47:00.000Z,2837,0
2024-05-23T14:00:00.000Z,EUR/JPY,SELL,2024-05-23T14:02:00.000Z,2837,9.999999999999432
2024-05-23T14:15:00.000Z,USD/JPY,SELL,2024-05-23T14:17:00.000Z,2837,12.79999999999859
2024-05-23T19:15:00.000Z,EUR/JPY,BUY,2024-05-23T19:17:00.000Z,2837,10.099999999999909
2024-05-23T19:30:00.000Z,EUR/USD,BUY,2024-05-23T19:32:00.000Z,2837,9.999999999998899
2024-05-23T19:45:00.000Z,AUD/JPY,BUY,2024-05-23T19:47:00.000Z,2837,13.299999999999557
2024-05-23T19:45:00.000Z,AUD/USD,BUY,2024-05-23T19:47:00.000Z,2837,11.400000000000299
2024-05-23T20:30:00.000Z,AUD/JPY,BUY,2024-05-23T20:32:00.000Z,2837,9.999999999999432
2024-05-24T00:30:00.000Z,AUD/JPY,BUY,2024-05-24T00:32:00.000Z,2837,11.7999999999995
2024-05-24T00:45:00.000Z,AUD/USD,BUY,2024-05-24T00:47:00.000Z,2837,10.000000000000009
2024-05-24T07:00:00.000Z,EUR/USD,SELL,2024-05-24T07:02:00.000Z,2837,-35.89999999999982
2024-05-24T08:15:00.000Z,EUR/USD,SELL,2024-05-24T08:17:00.000Z,2837,-27.399999999999647
2024-05-24T09:45:00.000Z,EUR/USD,SELL,2024-05-24T09:47:00.000Z,2837,-21.700000000000053
2024-05-24T11:00:00.000Z,AUD/USD,SELL,2024-05-24T11:02:00.000Z,2837,-14.300000000000423
2024-05-24T11:15:00.000Z,EUR/JPY,SELL,2024-05-24T11:17:00.000Z,2837,-19.700000000000273
2024-05-24T11:15:00.000Z,EUR/USD,SELL,2024-05-24T11:17:00.000Z,2837,-15.100000000001224
2024-05-24T13:45:00.000Z,EUR/JPY,SELL,2024-05-24T13:47:00.000Z,2837,9.999999999999432
2024-05-24T13:45:00.000Z,EUR/USD,SELL,2024-05-24T13:47:00.000Z,2837,-3.5000000000007248
2024-05-24T15:30:00.000Z,AUD/JPY,SELL,2024-05-24T15:32:00.000Z,2837,11.199999999998056
2024-05-24T15:30:00.000Z,AUD/USD,SELL,2024-05-24T15:32:00.000Z,2837,1.2000000000000899
2024-05-27T07:45:00.000Z,AUD/JPY,SELL,2024-05-27T07:47:00.000Z,2838,-35.599999999999454
2024-05-27T08:00:00.000Z,EUR/JPY,SELL,2024-05-27T08:02:00.000Z,2838,9.999999999999432
2024-05-27T10:15:00.000Z,EUR/JPY,SELL,2024-05-27T10:17:00.000Z,2838,9.999999999999432
2024-05-27T10:15:00.000Z,AUD/JPY,SELL,2024-05-27T10:17:00.000Z,2838,-24.099999999999966
2024-05-27T10:15:00.000Z,EUR/USD,SELL,2024-05-27T10:17:00.000Z,2838,10.199999999997988
2024-05-27T10:30:00.000Z,AUD/USD,SELL,2024-05-27T10:32:00.000Z,2838,-12.800000000000589
2024-05-27T11:15:00.000Z,AUD/JPY,SELL,2024-05-27T11:17:00.000Z,2838,-28.79999999999967
2024-05-27T11:15:00.000Z,AUD/USD,SELL,2024-05-27T11:17:00.000Z,2838,-19.899999999999363
2024-05-27T14:15:00.000Z,AUD/JPY,SELL,2024-05-27T14:17:00.000Z,2838,-6.799999999999784
2024-05-27T14:15:00.000Z,AUD/USD,SELL,2024-05-27T14:17:00.000Z,2838,-0.20000000000020002
2024-05-27T15:00:00.000Z,AUD/JPY,SELL,2024-05-27T15:02:00.000Z,2838,-13.600000000000989
2024-05-27T15:00:00.000Z,AUD/USD,SELL,2024-05-27T15:02:00.000Z,2838,-3.4000000000000696
2024-05-28T02:45:00.000Z,AUD/USD,SELL,2024-05-28T02:47:00.000Z,2838,10.600000000000609
2024-05-28T04:45:00.000Z,AUD/USD,SELL,2024-05-28T04:47:00.000Z,2838,10.000000000000009
2024-05-28T05:00:00.000Z,EUR/USD,SELL,2024-05-28T05:02:00.000Z,2838,9.999999999998899
2024-05-28T11:30:00.000Z,EUR/USD,SELL,2024-05-28T11:32:00.000Z,2838,10.499999999997733
2024-05-28T19:00:00.000Z,EUR/USD,BUY,2024-05-28T19:02:00.000Z,2838,-52.60000000000042
2024-05-28T19:15:00.000Z,USD/JPY,SELL,2024-05-28T19:17:00.000Z,2838,9.999999999999432
2024-05-28T21:00:00.000Z,USD/JPY,SELL,2024-05-28T21:10:00.000Z,2838,9.999999999999432
2024-05-29T01:00:00.000Z,EUR/USD,BUY,2024-05-29T01:02:00.000Z,2838,-54.69999999999864
2024-05-29T01:00:00.000Z,AUD/USD,BUY,2024-05-29T01:02:00.000Z,2838,10.200000000000209
2024-05-29T01:30:00.000Z,USD/JPY,SELL,2024-05-29T01:32:00.000Z,2838,12.699999999998113
2024-05-29T06:45:00.000Z,USD/JPY,BUY,2024-05-29T06:47:00.000Z,2838,12.20000000000141
2024-05-29T06:45:00.000Z,EUR/JPY,BUY,2024-05-29T06:47:00.000Z,2838,11.899999999999977
2024-05-29T09:15:00.000Z,EUR/JPY,BUY,2024-05-29T09:17:00.000Z,2838,10.400000000001342
2024-05-29T10:30:00.000Z,AUD/USD,BUY,2024-05-29T10:32:00.000Z,2838,-22.999999999999687
2024-05-29T11:00:00.000Z,AUD/USD,BUY,2024-05-29T11:02:00.000Z,2838,-18.999999999999016
2024-05-29T12:15:00.000Z,AUD/JPY,BUY,2024-05-29T12:17:00.000Z,2838,9.999999999999432
2024-05-29T12:15:00.000Z,AUD/USD,BUY,2024-05-29T12:17:00.000Z,2838,-14.699999999999713
2024-05-29T13:15:00.000Z,AUD/JPY,BUY,2024-05-29T13:17:00.000Z,2838,12.299999999999045
2024-05-29T14:00:00.000Z,AUD/USD,BUY,2024-05-29T14:02:00.000Z,2838,10.899999999999244
2024-05-29T15:00:00.000Z,AUD/USD,BUY,2024-05-29T15:02:00.000Z,2838,10.100000000000664
2024-05-29T15:30:00.000Z,AUD/USD,BUY,2024-05-29T15:32:00.000Z,2838,12.199999999999989
2024-05-29T16:30:00.000Z,EUR/USD,BUY,2024-05-29T16:32:00.000Z,2838,9.999999999998899
2024-05-29T16:30:00.000Z,AUD/USD,BUY,2024-05-29T16:32:00.000Z,2838,11.200000000000099
2024-05-29T20:00:00.000Z,EUR/USD,BUY,2024-05-29T20:02:00.000Z,2838,9.999999999998899
2024-05-29T21:00:00.000Z,USD/JPY,SELL,2024-05-29T21:10:00.000Z,2838,9.999999999999432
2024-05-29T21:00:00.000Z,EUR/USD,BUY,2024-05-29T21:10:00.000Z,2838,9.999999999998899
2024-05-30T00:45:00.000Z,EUR/JPY,BUY,2024-05-30T00:47:00.000Z,2838,-39.30000000000007
2024-05-30T01:00:00.000Z,EUR/USD,BUY,2024-05-30T01:02:00.000Z,2838,9.999999999998899
2024-05-30T01:15:00.000Z,EUR/JPY,BUY,2024-05-30T01:17:00.000Z,2838,-25.600000000000023
2024-05-30T03:45:00.000Z,EUR/JPY,BUY,2024-05-30T03:47:00.000Z,2838,9.999999999999432
2024-05-30T05:00:00.000Z,AUD/JPY,BUY,2024-05-30T05:02:00.000Z,2838,11.10000000000042
2024-05-30T07:30:00.000Z,USD/JPY,BUY,2024-05-30T07:32:00.000Z,2838,11.899999999999977
2024-05-30T07:30:00.000Z,EUR/JPY,BUY,2024-05-30T07:32:00.000Z,2838,11.099999999999
2024-05-30T07:30:00.000Z,AUD/JPY,BUY,2024-05-30T07:32:00.000Z,2838,9.999999999999432
2024-05-30T09:45:00.000Z,EUR/USD,SELL,2024-05-30T09:47:00.000Z,2838,-31.49999999999986
2024-05-30T13:30:00.000Z,USD/JPY,BUY,2024-05-30T13:32:00.000Z,2838,10.80000000000041
2024-05-30T13:30:00.000Z,AUD/USD,SELL,2024-05-30T13:32:00.000Z,2838,-25.600000000000065
2024-05-30T14:45:00.000Z,AUD/USD,SELL,2024-05-30T14:47:00.000Z,2838,-11.100000000000554
2024-05-30T15:15:00.000Z,AUD/USD,SELL,2024-05-30T15:17:00.000Z,2838,10.799999999999699
2024-05-30T15:45:00.000Z,EUR/USD,SELL,2024-05-30T15:47:00.000Z,2838,10.699999999999044
2024-05-30T15:45:00.000Z,AUD/USD,SELL,2024-05-30T15:47:00.000Z,2838,11.099999999999444
2024-05-31T02:30:00.000Z,EUR/JPY,BUY,2024-05-31T02:32:00.000Z,2838,9.999999999999432
2024-05-31T03:30:00.000Z,EUR/USD,BUY,2024-05-31T03:32:00.000Z,2838,9.999999999998899
2024-05-31T09:00:00.000Z,EUR/USD,SELL,2024-05-31T09:02:00.000Z,2838,-10.900000000000354
2024-05-31T09:15:00.000Z,AUD/JPY,SELL,2024-05-31T09:17:00.000Z,2838,9.999999999999432
2024-05-31T10:15:00.000Z,USD/JPY,SELL,2024-05-31T10:17:00.000Z,2838,9.999999999999432
2024-05-31T11:15:00.000Z,EUR/JPY,SELL,2024-05-31T11:17:00.000Z,2838,9.999999999999432
2024-05-31T11:30:00.000Z,AUD/JPY,SELL,2024-05-31T11:32:00.000Z,2838,9.999999999999432
2024-05-31T11:30:00.000Z,AUD/USD,SELL,2024-05-31T11:32:00.000Z,2838,10.000000000000009
2024-05-31T13:15:00.000Z,EUR/JPY,SELL,2024-05-31T13:17:00.000Z,2838,10.499999999998977
2024-05-31T13:30:00.000Z,AUD/USD,SELL,2024-05-31T13:32:00.000Z,2838,10.000000000000009
2024-05-31T14:00:00.000Z,EUR/USD,SELL,2024-05-31T14:02:00.000Z,2838,9.999999999998899
2024-05-31T14:00:00.000Z,AUD/USD,SELL,2024-05-31T14:02:00.000Z,2838,10.000000000000009
2024-05-31T14:30:00.000Z,EUR/USD,SELL,2024-05-31T14:32:00.000Z,2838,0
2024-05-31T14:45:00.000Z,USD/JPY,BUY,2024-05-31T14:47:00.000Z,2838,9.999999999999432
2024-06-03T04:15:00.000Z,USD/JPY,SELL,2024-06-03T04:17:00.000Z,2839,9.999999999999432
2024-06-03T05:00:00.000Z,EUR/JPY,SELL,2024-06-03T05:02:00.000Z,2839,10.499999999998977
2024-06-03T06:45:00.000Z,AUD/USD,BUY,2024-06-03T06:47:00.000Z,2839,11.300000000000754
2024-06-03T07:45:00.000Z,AUD/USD,BUY,2024-06-03T07:47:00.000Z,2839,11.299999999999644
2024-06-03T08:15:00.000Z,AUD/JPY,BUY,2024-06-03T08:17:00.000Z,2839,9.999999999999432
2024-06-03T08:15:00.000Z,AUD/USD,BUY,2024-06-03T08:17:00.000Z,2839,10.399999999999299
2024-06-03T08:30:00.000Z,EUR/JPY,BUY,2024-06-03T08:32:00.000Z,2839,9.999999999999432
2024-06-03T09:00:00.000Z,EUR/JPY,BUY,2024-06-03T09:02:00.000Z,2839,13.399999999998613
2024-06-03T11:15:00.000Z,EUR/JPY,BUY,2024-06-03T11:17:00.000Z,2839,9.999999999999432
2024-06-03T11:45:00.000Z,USD/JPY,BUY,2024-06-03T11:47:00.000Z,2839,9.999999999999432
2024-06-03T11:45:00.000Z,EUR/JPY,BUY,2024-06-03T11:47:00.000Z,2839,10.999999999998522
2024-06-03T14:00:00.000Z,AUD/USD,SELL,2024-06-03T14:02:00.000Z,2839,21.30000000000076
2024-06-03T15:00:00.000Z,EUR/USD,SELL,2024-06-03T15:02:00.000Z,2839,13.099999999999223
2024-06-03T15:00:00.000Z,AUD/USD,SELL,2024-06-03T15:02:00.000Z,2839,10.000000000000009
2024-06-03T16:30:00.000Z,EUR/USD,SELL,2024-06-03T16:32:00.000Z,2839,9.999999999998899
2024-06-03T17:30:00.000Z,AUD/JPY,BUY,2024-06-03T17:32:00.000Z,2839,-123.49999999999994
2024-06-03T17:45:00.000Z,USD/JPY,BUY,2024-06-03T17:47:00.000Z,2839,9.999999999999432
2024-06-03T21:15:00.000Z,AUD/USD,SELL,2024-06-03T21:17:00.000Z,2839,10.000000000000009
2024-06-03T22:30:00.000Z,AUD/USD,SELL,2024-06-03T22:32:00.000Z,2839,10.000000000000009
2024-06-03T23:45:00.000Z,EUR/USD,SELL,2024-06-03T23:47:00.000Z,2839,10.099999999997333
2024-06-04T00:30:00.000Z,AUD/USD,SELL,2024-06-04T00:32:00.000Z,2839,10.400000000000409
2024-06-04T01:15:00.000Z,EUR/JPY,SELL,2024-06-04T01:17:00.000Z,2839,11.099999999999
2024-06-04T01:15:00.000Z,EUR/USD,SELL,2024-06-04T01:17:00.000Z,2839,9.999999999998899
2024-06-04T02:00:00.000Z,EUR/JPY,SELL,2024-06-04T02:02:00.000Z,2839,0
2024-06-04T06:30:00.000Z,USD/JPY,BUY,2024-06-04T06:32:00.000Z,2839,-17.40000000000066
2024-06-04T06:45:00.000Z,EUR/JPY,BUY,2024-06-04T06:47:00.000Z,2839,-55.699999999998795
2024-06-04T07:15:00.000Z,AUD/USD,BUY,2024-06-04T07:17:00.000Z,2839,-10.599999999999499
2024-06-04T08:00:00.000Z,EUR/USD,BUY,2024-06-04T08:02:00.000Z,2839,-14.099999999999113
2024-06-04T08:00:00.000Z,AUD/USD,BUY,2024-06-04T08:02:00.000Z,2839,-0.9999999999998899
2024-06-04T09:45:00.000Z,EUR/USD,BUY,2024-06-04T09:47:00.000Z,2839,-1.1999999999989797
2024-06-04T11:15:00.000Z,USD/JPY,BUY,2024-06-04T11:17:00.000Z,2839,12.399999999999523
2024-06-04T11:15:00.000Z,EUR/JPY,BUY,2024-06-04T11:17:00.000Z,2839,10.499999999998977
2024-06-04T11:15:00.000Z,AUD/JPY,BUY,2024-06-04T11:17:00.000Z,2839,9.999999999999432
2024-06-04T11:15:00.000Z,AUD/USD,BUY,2024-06-04T11:17:00.000Z,2839,10.000000000000009
2024-06-04T11:30:00.000Z,EUR/USD,BUY,2024-06-04T11:32:00.000Z,2839,9.999999999998899
2024-06-04T12:15:00.000Z,EUR/USD,BUY,2024-06-04T12:17:00.000Z,2839,10.299999999998644
2024-06-04T12:30:00.000Z,AUD/JPY,BUY,2024-06-04T12:32:00.000Z,2839,10.200000000000387
2024-06-04T12:45:00.000Z,EUR/JPY,BUY,2024-06-04T12:47:00.000Z,2839,9.999999999999432
2024-06-05T00:45:00.000Z,USD/JPY,SELL,2024-06-05T00:47:00.000Z,2839,-45.000000000001705
2024-06-05T01:00:00.000Z,AUD/JPY,SELL,2024-06-05T01:02:00.000Z,2839,-44.69999999999885
2024-06-05T01:30:00.000Z,USD/JPY,SELL,2024-06-05T01:32:00.000Z,2839,-15.600000000000591
2024-06-05T01:30:00.000Z,EUR/JPY,SELL,2024-06-05T01:32:00.000Z,2839,-29.400000000001114
2024-06-05T01:30:00.000Z,AUD/JPY,SELL,2024-06-05T01:32:00.000Z,2839,-58.899999999999864
2024-06-05T03:00:00.000Z,AUD/USD,SELL,2024-06-05T03:02:00.000Z,2839,10.000000000000009
2024-06-05T03:15:00.000Z,USD/JPY,SELL,2024-06-05T03:17:00.000Z,2839,-22.100000000000364
2024-06-05T03:15:00.000Z,EUR/JPY,SELL,2024-06-05T03:17:00.000Z,2839,-41.200000000000614
2024-06-05T03:30:00.000Z,AUD/JPY,SELL,2024-06-05T03:32:00.000Z,2839,-24.499999999999034
2024-06-05T05:30:00.000Z,EUR/JPY,SELL,2024-06-05T05:32:00.000Z,2839,-33.799999999999386
2024-06-05T05:30:00.000Z,AUD/JPY,SELL,2024-06-05T05:32:00.000Z,2839,-17.70000000000067
2024-06-05T06:30:00.000Z,AUD/JPY,SELL,2024-06-05T06:32:00.000Z,2839,-23.60000000000042
2024-06-05T07:15:00.000Z,AUD/JPY,SELL,2024-06-05T07:17:00.000Z,2839,12.199999999998568
2024-06-05T09:00:00.000Z,AUD/JPY,SELL,2024-06-05T09:02:00.000Z,2839,10.299999999999443
2024-06-05T09:45:00.000Z,USD/JPY,SELL,2024-06-05T09:47:00.000Z,2839,9.999999999999432
2024-06-05T09:45:00.000Z,EUR/JPY,SELL,2024-06-05T09:47:00.000Z,2839,9.999999999999432
2024-06-05T14:30:00.000Z,AUD/USD,BUY,2024-06-05T14:32:00.000Z,2839,10.000000000000009
2024-06-05T23:30:00.000Z,USD/JPY,BUY,2024-06-05T23:32:00.000Z,2839,14.6000000000015
2024-06-06T01:45:00.000Z,USD/JPY,BUY,2024-06-06T01:47:00.000Z,2839,10.499999999998977
2024-06-06T02:30:00.000Z,AUD/USD,SELL,2024-06-06T02:32:00.000Z,2839,10.700000000000154
2024-06-06T03:00:00.000Z,EUR/USD,SELL,2024-06-06T03:02:00.000Z,2839,9.999999999998899
2024-06-06T03:45:00.000Z,EUR/USD,SELL,2024-06-06T03:47:00.000Z,2839,9.999999999998899
2024-06-06T08:30:00.000Z,AUD/USD,BUY,2024-06-06T08:32:00.000Z,2839,10.900000000000354
2024-06-06T08:45:00.000Z,USD/JPY,SELL,2024-06-06T08:47:00.000Z,2839,9.999999999999432
2024-06-06T12:30:00.000Z,AUD/USD,BUY,2024-06-06T12:32:00.000Z,2839,10.000000000000009
2024-06-06T13:30:00.000Z,EUR/JPY,SELL,2024-06-06T13:32:00.000Z,2839,9.999999999999432
2024-06-06T20:00:00.000Z,USD/JPY,BUY,2024-06-06T20:02:00.000Z,2839,9.999999999999432
2024-06-07T06:45:00.000Z,USD/JPY,BUY,2024-06-07T06:47:00.000Z,2839,9.999999999999432
2024-06-07T06:45:00.000Z,EUR/JPY,BUY,2024-06-07T06:47:00.000Z,2839,10.3999999999985
2024-06-07T06:45:00.000Z,AUD/JPY,BUY,2024-06-07T06:47:00.000Z,2839,10.099999999999909
2024-06-07T15:15:00.000Z,USD/JPY,SELL,2024-06-07T15:17:00.000Z,2839,10.80000000000041
2024-06-07T16:30:00.000Z,AUD/JPY,BUY,2024-06-07T16:32:00.000Z,2839,-7.600000000000762
2024-06-07T16:30:00.000Z,AUD/USD,BUY,2024-06-07T16:32:00.000Z,2839,-13.800000000000479
2024-06-07T17:30:00.000Z,AUD/USD,BUY,2024-06-07T17:32:00.000Z,2839,-7.500000000000284
2024-06-07T18:30:00.000Z,EUR/USD,BUY,2024-06-07T18:32:00.000Z,2839,-5.999999999999339
2024-06-07T18:30:00.000Z,AUD/USD,BUY,2024-06-07T18:32:00.000Z,2839,-8.599999999999719
2024-06-07T19:45:00.000Z,EUR/USD,BUY,2024-06-07T19:47:00.000Z,2839,-3.4999999999985043
2024-06-09T22:45:00.000Z,USD/JPY,SELL,2024-06-09T22:47:00.000Z,2840,9.999999999999432
2024-06-09T23:15:00.000Z,EUR/USD,BUY,2024-06-09T23:17:00.000Z,2840,-14.899999999999913
2024-06-10T04:30:00.000Z,USD/JPY,SELL,2024-06-10T04:32:00.000Z,2840,9.999999999999432
2024-06-10T05:15:00.000Z,AUD/JPY,SELL,2024-06-10T05:17:00.000Z,2840,9.999999999999432
2024-06-10T06:00:00.000Z,EUR/USD,BUY,2024-06-10T06:02:00.000Z,2840,10.499999999999954
2024-06-10T06:30:00.000Z,EUR/USD,BUY,2024-06-10T06:32:00.000Z,2840,12.699999999998823
2024-06-10T10:45:00.000Z,EUR/JPY,BUY,2024-06-10T10:47:00.000Z,2840,9.999999999999432
2024-06-10T11:15:00.000Z,EUR/USD,BUY,2024-06-10T11:17:00.000Z,2840,9.999999999998899
2024-06-10T16:15:00.000Z,AUD/JPY,SELL,2024-06-10T16:17:00.000Z,2840,9.999999999999432
2024-06-10T16:15:00.000Z,AUD/USD,SELL,2024-06-10T16:17:00.000Z,2840,10.000000000000009
2024-06-10T19:30:00.000Z,EUR/JPY,SELL,2024-06-10T19:32:00.000Z,2840,9.999999999999432
2024-06-11T00:45:00.000Z,USD/JPY,SELL,2024-06-11T00:47:00.000Z,2840,11.600000000001387
2024-06-11T01:15:00.000Z,USD/JPY,SELL,2024-06-11T01:17:00.000Z,2840,10.499999999998977
2024-06-11T01:15:00.000Z,EUR/JPY,SELL,2024-06-11T01:17:00.000Z,2840,9.999999999999432
2024-06-11T01:45:00.000Z,AUD/USD,BUY,2024-06-11T01:47:00.000Z,2840,10.000000000000009
2024-06-11T03:00:00.000Z,AUD/USD,BUY,2024-06-11T03:02:00.000Z,2840,10.299999999999754
2024-06-11T03:15:00.000Z,USD/JPY,SELL,2024-06-11T03:17:00.000Z,2840,9.999999999999432
2024-06-11T03:45:00.000Z,EUR/JPY,SELL,2024-06-11T03:47:00.000Z,2840,9.999999999999432
2024-06-11T05:00:00.000Z,EUR/JPY,SELL,2024-06-11T05:02:00.000Z,2840,10.699999999999932
2024-06-11T05:30:00.000Z,EUR/JPY,SELL,2024-06-11T05:32:00.000Z,2840,10.80000000000041
2024-06-11T07:15:00.000Z,AUD/JPY,SELL,2024-06-11T07:17:00.000Z,2840,11.599999999999966
2024-06-11T09:00:00.000Z,USD/JPY,SELL,2024-06-11T09:02:00.000Z,2840,9.999999999999432
2024-06-11T09:15:00.000Z,EUR/JPY,BUY,2024-06-11T09:17:00.000Z,2840,0.7000000000005002
2024-06-11T09:15:00.000Z,EUR/USD,BUY,2024-06-11T09:17:00.000Z,2840,-0.1999999999990898
2024-06-11T09:45:00.000Z,EUR/USD,BUY,2024-06-11T09:47:00.000Z,2840,1.7000000000000348
2024-06-11T11:30:00.000Z,AUD/JPY,BUY,2024-06-11T11:32:00.000Z,2840,13.500000000000512
2024-06-11T11:30:00.000Z,EUR/USD,BUY,2024-06-11T11:32:00.000Z,2840,11.999999999998678
2024-06-11T12:15:00.000Z,EUR/USD,BUY,2024-06-11T12:17:00.000Z,2840,9.999999999998899
2024-06-11T13:15:00.000Z,USD/JPY,BUY,2024-06-11T13:17:00.000Z,2840,9.999999999999432
2024-06-11T13:45:00.000Z,EUR/JPY,BUY,2024-06-11T13:47:00.000Z,2840,14.099999999999113
2024-06-12T06:00:00.000Z,AUD/JPY,SELL,2024-06-12T06:02:00.000Z,2840,9.999999999999432
2024-06-12T08:45:00.000Z,EUR/JPY,SELL,2024-06-12T08:47:00.000Z,2840,9.999999999999432
2024-06-12T08:45:00.000Z,EUR/USD,SELL,2024-06-12T08:47:00.000Z,2840,-55.400000000001
2024-06-12T11:30:00.000Z,EUR/JPY,SELL,2024-06-12T11:32:00.000Z,2840,9.999999999999432
2024-06-12T11:30:00.000Z,EUR/USD,SELL,2024-06-12T11:32:00.000Z,2840,-27.800000000000047
2024-06-12T12:15:00.000Z,EUR/JPY,SELL,2024-06-12T12:17:00.000Z,2840,9.999999999999432
2024-06-12T13:15:00.000Z,AUD/JPY,SELL,2024-06-12T13:17:00.000Z,2840,12.899999999999068
2024-06-12T17:15:00.000Z,USD/JPY,BUY,2024-06-12T17:17:00.000Z,2840,10.80000000000041
2024-06-12T17:15:00.000Z,EUR/USD,SELL,2024-06-12T17:17:00.000Z,2840,10.999999999998789
2024-06-12T17:30:00.000Z,AUD/USD,SELL,2024-06-12T17:32:00.000Z,2840,10.000000000000009
2024-06-12T20:45:00.000Z,EUR/JPY,SELL,2024-06-12T20:47:00.000Z,2840,9.999999999999432
2024-06-13T02:15:00.000Z,AUD/USD,BUY,2024-06-13T02:17:00.000Z,2840,10.000000000000009
2024-06-13T06:00:00.000Z,USD/JPY,SELL,2024-06-13T06:02:00.000Z,2840,9.999999999999432
2024-06-13T06:00:00.000Z,EUR/JPY,SELL,2024-06-13T06:02:00.000Z,2840,11.999999999997613
2024-06-13T06:15:00.000Z,AUD/USD,BUY,2024-06-13T06:17:00.000Z,2840,10.000000000000009
2024-06-13T06:45:00.000Z,USD/JPY,SELL,2024-06-13T06:47:00.000Z,2840,12.299999999999045
2024-06-13T08:15:00.000Z,EUR/JPY,SELL,2024-06-13T08:17:00.000Z,2840,9.999999999999432
2024-06-13T08:30:00.000Z,USD/JPY,SELL,2024-06-13T08:32:00.000Z,2840,10.69999999999709
2024-06-13T12:15:00.000Z,EUR/USD,BUY,2024-06-13T12:17:00.000Z,2840,10.399999999999299
2024-06-13T13:00:00.000Z,USD/JPY,BUY,2024-06-13T13:02:00.000Z,2840,9.999999999999432
2024-06-13T15:00:00.000Z,EUR/USD,BUY,2024-06-13T15:02:00.000Z,2840,-81.99999999999984
2024-06-13T15:30:00.000Z,AUD/JPY,BUY,2024-06-13T15:32:00.000Z,2840,9.999999999999432
2024-06-13T17:00:00.000Z,AUD/JPY,BUY,2024-06-13T17:02:00.000Z,2840,9.999999999999432
2024-06-13T18:00:00.000Z,EUR/JPY,BUY,2024-06-13T18:02:00.000Z,2840,9.999999999999432
2024-06-13T19:15:00.000Z,EUR/USD,BUY,2024-06-13T19:17:00.000Z,2840,-38.200000000001566
2024-06-13T21:15:00.000Z,EUR/USD,BUY,2024-06-13T21:17:00.000Z,2840,-41.50000000000098
2024-06-14T00:30:00.000Z,AUD/JPY,BUY,2024-06-14T00:32:00.000Z,2840,9.999999999999432
2024-06-14T00:30:00.000Z,AUD/USD,BUY,2024-06-14T00:32:00.000Z,2840,10.999999999999899
2024-06-14T01:15:00.000Z,AUD/USD,BUY,2024-06-14T01:17:00.000Z,2840,10.000000000000009
2024-06-14T02:15:00.000Z,USD/JPY,SELL,2024-06-14T02:17:00.000Z,2840,10.999999999998522
2024-06-14T05:00:00.000Z,AUD/JPY,SELL,2024-06-14T05:02:00.000Z,2840,12.699999999999534
2024-06-14T06:15:00.000Z,AUD/JPY,SELL,2024-06-14T06:17:00.000Z,2840,9.999999999999432
2024-06-14T06:30:00.000Z,EUR/JPY,SELL,2024-06-14T06:32:00.000Z,2840,0
2024-06-14T06:45:00.000Z,USD/JPY,SELL,2024-06-14T06:47:00.000Z,2840,25.899999999998613
2024-06-14T07:00:00.000Z,EUR/USD,BUY,2024-06-14T07:02:00.000Z,2840,-26.800000000000157
2024-06-14T09:30:00.000Z,AUD/JPY,BUY,2024-06-14T09:32:00.000Z,2840,6.399999999999295
2024-06-14T10:00:00.000Z,USD/JPY,BUY,2024-06-14T10:02:00.000Z,2840,17.499999999998295
2024-06-14T10:30:00.000Z,EUR/JPY,BUY,2024-06-14T10:32:00.000Z,2840,9.999999999999432
2024-06-14T10:30:00.000Z,AUD/JPY,BUY,2024-06-14T10:32:00.000Z,2840,9.999999999999432
2024-06-14T10:30:00.000Z,EUR/USD,BUY,2024-06-14T10:32:00.000Z,2840,11.399999999999189
2024-06-14T14:15:00.000Z,EUR/USD,BUY,2024-06-14T14:17:00.000Z,2840,11.200000000000099
2024-06-16T23:45:00.000Z,USD/JPY,SELL,2024-06-16T23:47:00.000Z,2841,9.999999999999432
2024-06-16T23:45:00.000Z,EUR/JPY,SELL,2024-06-16T23:47:00.000Z,2841,9.999999999999432
2024-06-17T06:30:00.000Z,EUR/JPY,BUY,2024-06-17T06:32:00.000Z,2841,9.999999999999432
2024-06-17T06:30:00.000Z,AUD/JPY,BUY,2024-06-17T06:32:00.000Z,2841,0
2024-06-17T06:30:00.000Z,EUR/USD,BUY,2024-06-17T06:32:00.000Z,2841,10.099999999997333
2024-06-17T12:30:00.000Z,USD/JPY,SELL,2024-06-17T12:32:00.000Z,2841,16.99999999999875
2024-06-17T13:00:00.000Z,USD/JPY,SELL,2024-06-17T13:02:00.000Z,2841,9.999999999999432
2024-06-17T14:30:00.000Z,USD/JPY,SELL,2024-06-17T14:32:00.000Z,2841,10.69999999999709
2024-06-17T19:15:00.000Z,EUR/USD,SELL,2024-06-17T19:17:00.000Z,2841,9.999999999998899
2024-06-18T03:45:00.000Z,EUR/USD,BUY,2024-06-18T03:47:00.000Z,2841,9.999999999998899
2024-06-18T05:45:00.000Z,EUR/USD,BUY,2024-06-18T05:47:00.000Z,2841,10.899999999998133
2024-06-18T06:15:00.000Z,AUD/JPY,SELL,2024-06-18T06:17:00.000Z,2841,-75.79999999999956
2024-06-18T07:45:00.000Z,EUR/JPY,SELL,2024-06-18T07:47:00.000Z,2841,9.999999999999432
2024-06-18T07:45:00.000Z,AUD/JPY,SELL,2024-06-18T07:47:00.000Z,2841,12.300000000000466
2024-06-18T08:30:00.000Z,EUR/JPY,SELL,2024-06-18T08:32:00.000Z,2841,9.999999999999432
2024-06-18T09:15:00.000Z,USD/JPY,SELL,2024-06-18T09:17:00.000Z,2841,9.999999999999432
2024-06-18T13:00:00.000Z,USD/JPY,BUY,2024-06-18T13:02:00.000Z,2841,10.300000000000864
2024-06-18T14:45:00.000Z,EUR/JPY,SELL,2024-06-18T14:47:00.000Z,2841,10.900000000000887
2024-06-18T14:45:00.000Z,AUD/JPY,SELL,2024-06-18T14:47:00.000Z,2841,12.099999999999511
2024-06-18T14:45:00.000Z,EUR/USD,SELL,2024-06-18T14:47:00.000Z,2841,9.999999999998899
2024-06-18T14:45:00.000Z,AUD/USD,SELL,2024-06-18T14:47:00.000Z,2841,-22.49999999999974
2024-06-19T00:45:00.000Z,AUD/JPY,SELL,2024-06-19T00:47:00.000Z,2841,-27.499999999999147
2024-06-19T01:30:00.000Z,AUD/USD,SELL,2024-06-19T01:32:00.000Z,2841,-11.400000000000299
2024-06-19T02:15:00.000Z,AUD/USD,SELL,2024-06-19T02:17:00.000Z,2841,-4.6000000000001595
2024-06-19T03:00:00.000Z,AUD/USD,SELL,2024-06-19T03:02:00.000Z,2841,-4.00000000000067
2024-06-19T03:30:00.000Z,AUD/JPY,SELL,2024-06-19T03:32:00.000Z,2841,-31.60000000000025
2024-06-19T07:15:00.000Z,EUR/JPY,BUY,2024-06-19T07:17:00.000Z,2841,17.499999999998295
2024-06-19T19:15:00.000Z,USD/JPY,SELL,2024-06-19T19:17:00.000Z,2841,-86.19999999999948
2024-06-19T21:15:00.000Z,USD/JPY,SELL,2024-06-19T21:17:00.000Z,2841,-94.20000000000073
2024-06-19T21:15:00.000Z,AUD/JPY,SELL,2024-06-19T21:17:00.000Z,2841,-41.99999999999875
2024-06-20T05:45:00.000Z,USD/JPY,SELL,2024-06-20T05:47:00.000Z,2841,-76.20000000000005
2024-06-20T06:30:00.000Z,EUR/USD,BUY,2024-06-20T06:32:00.000Z,2841,-17.599999999999838
2024-06-20T09:15:00.000Z,EUR/USD,BUY,2024-06-20T09:17:00.000Z,2841,-38.399999999998435
2024-06-20T10:15:00.000Z,USD/JPY,SELL,2024-06-20T10:17:00.000Z,2841,11.50000000000091
2024-06-20T14:15:00.000Z,AUD/JPY,SELL,2024-06-20T14:17:00.000Z,2841,11.799999999998079
2024-06-20T15:00:00.000Z,EUR/JPY,SELL,2024-06-20T15:02:00.000Z,2841,10.200000000000387
2024-06-20T15:00:00.000Z,AUD/JPY,SELL,2024-06-20T15:02:00.000Z,2841,9.999999999999432
2024-06-20T15:30:00.000Z,USD/JPY,SELL,2024-06-20T15:32:00.000Z,2841,-83.10000000000173
2024-06-20T17:30:00.000Z,USD/JPY,SELL,2024-06-20T17:32:00.000Z,2841,10.599999999999454
2024-06-20T18:15:00.000Z,USD/JPY,SELL,2024-06-20T18:17:00.000Z,2841,9.999999999999432
2024-06-21T01:15:00.000Z,USD/JPY,SELL,2024-06-21T01:17:00.000Z,2841,12.20000000000141
2024-06-21T01:15:00.000Z,EUR/JPY,SELL,2024-06-21T01:17:00.000Z,2841,15.499999999997272
2024-06-21T03:15:00.000Z,EUR/USD,SELL,2024-06-21T03:17:00.000Z,2841,9.999999999998899
2024-06-21T05:45:00.000Z,EUR/USD,SELL,2024-06-21T05:47:00.000Z,2841,9.999999999998899
2024-06-21T08:15:00.000Z,EUR/JPY,BUY,2024-06-21T08:17:00.000Z,2841,13.999999999998636
2024-06-21T08:15:00.000Z,AUD/JPY,BUY,2024-06-21T08:17:00.000Z,2841,9.999999999999432
2024-06-21T08:15:00.000Z,EUR/USD,BUY,2024-06-21T08:17:00.000Z,2841,1.0999999999983245
2024-06-21T08:15:00.000Z,AUD/USD,BUY,2024-06-21T08:17:00.000Z,2841,10.000000000000009
2024-06-21T08:45:00.000Z,USD/JPY,BUY,2024-06-21T08:47:00.000Z,2841,9.999999999999432
2024-06-21T08:45:00.000Z,EUR/JPY,BUY,2024-06-21T08:47:00.000Z,2841,14.300000000000068
2024-06-21T08:45:00.000Z,AUD/JPY,BUY,2024-06-21T08:47:00.000Z,2841,12.000000000000455
2024-06-21T08:45:00.000Z,EUR/USD,BUY,2024-06-21T08:47:00.000Z,2841,-3.1000000000003247
2024-06-21T15:15:00.000Z,AUD/USD,BUY,2024-06-21T15:17:00.000Z,2841,2.4999999999997247
2024-06-21T15:30:00.000Z,EUR/JPY,SELL,2024-06-21T15:32:00.000Z,2841,-48.69999999999948
2024-06-21T16:00:00.000Z,USD/JPY,SELL,2024-06-21T16:02:00.000Z,2841,-41.80000000000064
2024-06-21T16:00:00.000Z,AUD/USD,BUY,2024-06-21T16:02:00.000Z,2841,0.20000000000020002
2024-06-21T16:15:00.000Z,EUR/JPY,SELL,2024-06-21T16:17:00.000Z,2841,-48.19999999999993
2024-06-21T17:45:00.000Z,USD/JPY,SELL,2024-06-21T17:47:00.000Z,2841,-33.19999999999936
2024-06-21T17:45:00.000Z,EUR/JPY,SELL,2024-06-21T17:47:00.000Z,2841,-36.000000000001364
2024-06-21T18:45:00.000Z,EUR/JPY,SELL,2024-06-21T18:47:00.000Z,2841,-27.40000000000009
2024-06-23T22:15:00.000Z,USD/JPY,SELL,2024-06-23T22:17:00.000Z,2842,9.999999999999432
2024-06-23T22:15:00.000Z,EUR/JPY,SELL,2024-06-23T22:17:00.000Z,2842,9.999999999999432
2024-06-24T00:30:00.000Z,USD/JPY,SELL,2024-06-24T00:32:00.000Z,2842,12.199999999998568
2024-06-24T07:00:00.000Z,EUR/USD,SELL,2024-06-24T07:02:00.000Z,2842,-23.700000000002053
2024-06-24T07:30:00.000Z,EUR/USD,SELL,2024-06-24T07:32:00.000Z,2842,-23.900000000001143
2024-06-24T09:00:00.000Z,EUR/JPY,SELL,2024-06-24T09:02:00.000Z,2842,9.999999999999432
2024-06-24T09:00:00.000Z,EUR/USD,SELL,2024-06-24T09:02:00.000Z,2842,-19.899999999999363
2024-06-24T09:00:00.000Z,AUD/USD,SELL,2024-06-24T09:02:00.000Z,2842,10.699999999999044
2024-06-24T09:15:00.000Z,AUD/JPY,SELL,2024-06-24T09:17:00.000Z,2842,9.999999999999432
2024-06-24T10:00:00.000Z,EUR/USD,SELL,2024-06-24T10:02:00.000Z,2842,-2.4000000000001798
2024-06-24T10:30:00.000Z,USD/JPY,BUY,2024-06-24T10:32:00.000Z,2842,13.300000000000978
2024-06-24T11:30:00.000Z,EUR/USD,SELL,2024-06-24T11:32:00.000Z,2842,11.599999999998278
2024-06-24T12:15:00.000Z,EUR/USD,SELL,2024-06-24T12:17:00.000Z,2842,9.999999999998899
2024-06-24T14:15:00.000Z,EUR/USD,SELL,2024-06-24T14:17:00.000Z,2842,9.999999999998899
2024-06-24T14:30:00.000Z,AUD/USD,SELL,2024-06-24T14:32:00.000Z,2842,11.299999999999644
2024-06-25T01:30:00.000Z,USD/JPY,BUY,2024-06-25T01:32:00.000Z,2842,9.999999999999432
2024-06-25T01:30:00.000Z,EUR/JPY,BUY,2024-06-25T01:32:00.000Z,2842,9.999999999999432
2024-06-25T05:45:00.000Z,EUR/USD,SELL,2024-06-25T05:47:00.000Z,2842,9.999999999998899
2024-06-25T07:15:00.000Z,AUD/USD,SELL,2024-06-25T07:17:00.000Z,2842,12.400000000000189
2024-06-25T07:45:00.000Z,EUR/USD,BUY,2024-06-25T07:47:00.000Z,2842,9.999999999998899
2024-06-25T12:00:00.000Z,AUD/JPY,BUY,2024-06-25T12:02:00.000Z,2842,9.999999999999432
2024-06-25T12:00:00.000Z,AUD/USD,BUY,2024-06-25T12:02:00.000Z,2842,10.000000000000009
2024-06-25T12:15:00.000Z,EUR/USD,BUY,2024-06-25T12:17:00.000Z,2842,-25.200000000000777
2024-06-25T13:15:00.000Z,EUR/USD,BUY,2024-06-25T13:17:00.000Z,2842,-36.09999999999891
2024-06-25T13:45:00.000Z,USD/JPY,SELL,2024-06-25T13:47:00.000Z,2842,-88.80000000000052
2024-06-25T14:45:00.000Z,EUR/USD,BUY,2024-06-25T14:47:00.000Z,2842,10.099999999999554
2024-06-25T14:45:00.000Z,AUD/USD,BUY,2024-06-25T14:47:00.000Z,2842,12.400000000000189
2024-06-25T15:45:00.000Z,USD/JPY,SELL,2024-06-25T15:47:00.000Z,2842,9.999999999999432
2024-06-26T02:00:00.000Z,USD/JPY,SELL,2024-06-26T02:02:00.000Z,2842,-68.69999999999834
2024-06-26T02:00:00.000Z,EUR/JPY,SELL,2024-06-26T02:02:00.000Z,2842,10.899999999998045
2024-06-26T02:30:00.000Z,EUR/JPY,SELL,2024-06-26T02:32:00.000Z,2842,11.199999999999477
2024-06-26T03:00:00.000Z,AUD/USD,SELL,2024-06-26T03:02:00.000Z,2842,10.000000000000009
2024-06-26T04:00:00.000Z,AUD/JPY,SELL,2024-06-26T04:02:00.000Z,2842,-19.899999999999807
2024-06-26T04:00:00.000Z,AUD/USD,SELL,2024-06-26T04:02:00.000Z,2842,10.000000000000009
2024-06-26T05:00:00.000Z,AUD/JPY,SELL,2024-06-26T05:02:00.000Z,2842,12.699999999999534
2024-06-26T06:45:00.000Z,AUD/JPY,SELL,2024-06-26T06:47:00.000Z,2842,9.999999999999432
2024-06-26T06:45:00.000Z,AUD/USD,SELL,2024-06-26T06:47:00.000Z,2842,10.099999999999554
2024-06-26T08:00:00.000Z,EUR/USD,BUY,2024-06-26T08:02:00.000Z,2842,-2.5999999999992696
2024-06-26T10:45:00.000Z,EUR/USD,BUY,2024-06-26T10:47:00.000Z,2842,9.999999999998899
2024-06-26T11:45:00.000Z,EUR/USD,BUY,2024-06-26T11:47:00.000Z,2842,9.999999999998899
2024-06-26T11:45:00.000Z,AUD/USD,BUY,2024-06-26T11:47:00.000Z,2842,10.999999999999899
2024-06-26T13:15:00.000Z,USD/JPY,SELL,2024-06-26T13:17:00.000Z,2842,-12.5
2024-06-26T13:45:00.000Z,EUR/USD,BUY,2024-06-26T13:47:00.000Z,2842,10.199999999997988
2024-06-26T13:45:00.000Z,AUD/USD,BUY,2024-06-26T13:47:00.000Z,2842,10.000000000000009
2024-06-26T14:15:00.000Z,USD/JPY,SELL,2024-06-26T14:17:00.000Z,2842,9.999999999999432
2024-06-26T16:30:00.000Z,USD/JPY,SELL,2024-06-26T16:32:00.000Z,2842,12.09999999999809
2024-06-27T04:30:00.000Z,USD/JPY,BUY,2024-06-27T04:32:00.000Z,2842,10.200000000000387
2024-06-27T04:45:00.000Z,AUD/USD,SELL,2024-06-27T04:47:00.000Z,2842,10.799999999999699
2024-06-27T06:45:00.000Z,AUD/USD,SELL,2024-06-27T06:47:00.000Z,2842,10.000000000000009
2024-06-27T14:00:00.000Z,EUR/USD,SELL,2024-06-27T14:02:00.000Z,2842,13.999999999998458
2024-06-27T15:00:00.000Z,EUR/JPY,SELL,2024-06-27T15:02:00.000Z,2842,9.999999999999432
2024-06-27T20:15:00.000Z,USD/JPY,SELL,2024-06-27T20:17:00.000Z,2842,9.999999999999432
2024-06-28T01:15:00.000Z,USD/JPY,SELL,2024-06-28T01:17:00.000Z,2842,9.999999999999432
2024-06-28T01:15:00.000Z,EUR/JPY,SELL,2024-06-28T01:17:00.000Z,2842,9.999999999999432
2024-06-28T01:45:00.000Z,USD/JPY,SELL,2024-06-28T01:47:00.000Z,2842,9.999999999999432
2024-06-28T02:00:00.000Z,EUR/USD,BUY,2024-06-28T02:02:00.000Z,2842,10.799999999999699
2024-06-28T02:15:00.000Z,AUD/USD,BUY,2024-06-28T02:17:00.000Z,2842,10.000000000000009
2024-06-28T04:45:00.000Z,EUR/USD,BUY,2024-06-28T04:47:00.000Z,2842,9.999999999998899
2024-06-28T11:30:00.000Z,USD/JPY,BUY,2024-06-28T11:32:00.000Z,2842,9.999999999999432
2024-06-28T11:30:00.000Z,AUD/USD,SELL,2024-06-28T11:32:00.000Z,2842,-16.800000000000146
2024-06-28T13:30:00.000Z,USD/JPY,BUY,2024-06-28T13:32:00.000Z,2842,15.500000000000114
2024-06-28T13:30:00.000Z,AUD/JPY,SELL,2024-06-28T13:32:00.000Z,2842,-36.49999999999949
2024-06-28T13:30:00.000Z,AUD/USD,SELL,2024-06-28T13:32:00.000Z,2842,-1.2999999999996348
2024-06-28T14:00:00.000Z,USD/JPY,BUY,2024-06-28T14:02:00.000Z,2842,16.899999999998272
2024-06-28T14:00:00.000Z,EUR/JPY,BUY,2024-06-28T14:02:00.000Z,2842,17.69999999999925
2024-06-28T14:00:00.000Z,AUD/USD,SELL,2024-06-28T14:02:00.000Z,2842,-3.6999999999998145
2024-06-28T15:30:00.000Z,AUD/JPY,SELL,2024-06-28T15:32:00.000Z,2842,12.099999999999511
2024-06-30T22:45:00.000Z,EUR/JPY,SELL,2024-06-30T22:47:00.000Z,2843,-72.39999999999895
2024-06-30T23:30:00.000Z,EUR/USD,SELL,2024-06-30T23:32:00.000Z,2843,10.099999999997333
2024-07-01T00:15:00.000Z,EUR/JPY,SELL,2024-07-01T00:17:00.000Z,2843,-58.899999999999864
2024-07-01T01:45:00.000Z,EUR/JPY,SELL,2024-07-01T01:47:00.000Z,2843,-53.299999999998704
2024-07-01T01:45:00.000Z,EUR/USD,SELL,2024-07-01T01:47:00.000Z,2843,10.299999999998644
2024-07-01T05:30:00.000Z,EUR/JPY,SELL,2024-07-01T05:32:00.000Z,2843,10.899999999998045
2024-07-01T06:00:00.000Z,EUR/JPY,SELL,2024-07-01T06:02:00.000Z,2843,18.199999999998795
2024-07-01T06:45:00.000Z,EUR/JPY,SELL,2024-07-01T06:47:00.000Z,2843,9.999999999999432
2024-07-01T06:45:00.000Z,EUR/USD,SELL,2024-07-01T06:47:00.000Z,2843,9.999999999998899
2024-07-01T13:00:00.000Z,AUD/USD,BUY,2024-07-01T13:02:00.000Z,2843,10.000000000000009
2024-07-01T13:45:00.000Z,USD/JPY,SELL,2024-07-01T13:47:00.000Z,2843,9.999999999999432
2024-07-01T13:45:00.000Z,EUR/JPY,SELL,2024-07-01T13:47:00.000Z,2843,10.999999999998522
2024-07-01T16:00:00.000Z,USD/JPY,SELL,2024-07-01T16:02:00.000Z,2843,13.800000000000523
2024-07-01T16:00:00.000Z,EUR/USD,BUY,2024-07-01T16:02:00.000Z,2843,10.899999999998133
2024-07-02T03:45:00.000Z,AUD/USD,BUY,2024-07-02T03:47:00.000Z,2843,10.600000000000609
2024-07-02T08:00:00.000Z,EUR/JPY,BUY,2024-07-02T08:02:00.000Z,2843,9.999999999999432
2024-07-02T08:00:00.000Z,EUR/USD,BUY,2024-07-02T08:02:00.000Z,2843,9.999999999998899
2024-07-02T14:00:00.000Z,USD/JPY,BUY,2024-07-02T14:02:00.000Z,2843,9.999999999999432
2024-07-02T14:15:00.000Z,EUR/USD,SELL,2024-07-02T14:17:00.000Z,2843,-85.50000000000057
2024-07-02T14:15:00.000Z,AUD/USD,SELL,2024-07-02T14:17:00.000Z,2843,-74.69999999999976
2024-07-03T01:15:00.000Z,EUR/JPY,SELL,2024-07-03T01:17:00.000Z,2843,-56.49999999999977
2024-07-03T02:30:00.000Z,AUD/JPY,SELL,2024-07-03T02:32:00.000Z,2843,-50.499999999999545
2024-07-03T04:00:00.000Z,AUD/JPY,SELL,2024-07-03T04:02:00.000Z,2843,-50.199999999999534
2024-07-03T05:00:00.000Z,AUD/JPY,SELL,2024-07-03T05:02:00.000Z,2843,-46.80000000000035
2024-07-03T06:45:00.000Z,USD/JPY,SELL,2024-07-03T06:47:00.000Z,2843,9.999999999999432
2024-07-03T06:45:00.000Z,EUR/JPY,SELL,2024-07-03T06:47:00.000Z,2843,-46.299999999999386
2024-07-03T08:00:00.000Z,AUD/JPY,SELL,2024-07-03T08:02:00.000Z,2843,-30.20000000000067
2024-07-03T08:30:00.000Z,EUR/JPY,SELL,2024-07-03T08:32:00.000Z,2843,11.099999999999
2024-07-03T09:00:00.000Z,EUR/USD,SELL,2024-07-03T09:02:00.000Z,2843,-43.799999999998285
2024-07-03T09:15:00.000Z,EUR/JPY,SELL,2024-07-03T09:17:00.000Z,2843,9.999999999999432
2024-07-03T10:00:00.000Z,EUR/JPY,SELL,2024-07-03T10:02:00.000Z,2843,9.999999999999432
2024-07-03T13:00:00.000Z,EUR/USD,SELL,2024-07-03T13:02:00.000Z,2843,-22.299999999999542
2024-07-03T14:15:00.000Z,EUR/JPY,SELL,2024-07-03T14:17:00.000Z,2843,9.999999999999432
2024-07-03T14:30:00.000Z,USD/JPY,BUY,2024-07-03T14:32:00.000Z,2843,18.199999999998795
2024-07-03T15:30:00.000Z,EUR/USD,SELL,2024-07-03T15:32:00.000Z,2843,10.699999999999044
2024-07-03T15:30:00.000Z,AUD/USD,SELL,2024-07-03T15:32:00.000Z,2843,10.000000000000009
2024-07-03T16:45:00.000Z,AUD/JPY,SELL,2024-07-03T16:47:00.000Z,2843,11.099999999999
2024-07-03T17:15:00.000Z,AUD/JPY,SELL,2024-07-03T17:17:00.000Z,2843,-3.100000000000591
2024-07-04T01:15:00.000Z,AUD/USD,SELL,2024-07-04T01:17:00.000Z,2843,-24.30000000000043
2024-07-04T01:30:00.000Z,USD/JPY,BUY,2024-07-04T01:32:00.000Z,2843,11.100000000001842
2024-07-04T02:00:00.000Z,AUD/USD,SELL,2024-07-04T02:02:00.000Z,2843,-18.299999999999983
2024-07-04T08:30:00.000Z,AUD/USD,SELL,2024-07-04T08:32:00.000Z,2843,-12.599999999999278
2024-07-04T08:45:00.000Z,EUR/USD,SELL,2024-07-04T08:47:00.000Z,2843,-30.49999999999997
2024-07-04T11:30:00.000Z,USD/JPY,BUY,2024-07-04T11:32:00.000Z,2843,11.499999999998067
2024-07-04T11:30:00.000Z,EUR/JPY,BUY,2024-07-04T11:32:00.000Z,2843,9.999999999999432
2024-07-04T16:00:00.000Z,EUR/USD,SELL,2024-07-04T16:02:00.000Z,2843,-17.199999999999438
2024-07-05T01:00:00.000Z,EUR/USD,SELL,2024-07-05T01:02:00.000Z,2843,9.999999999998899
2024-07-05T01:00:00.000Z,AUD/USD,SELL,2024-07-05T01:02:00.000Z,2843,10.999999999999899
2024-07-05T01:30:00.000Z,USD/JPY,BUY,2024-07-05T01:32:00.000Z,2843,15.000000000000568
2024-07-05T01:30:00.000Z,AUD/USD,SELL,2024-07-05T01:32:00.000Z,2843,12.100000000000444
2024-07-05T03:45:00.000Z,EUR/USD,SELL,2024-07-05T03:47:00.000Z,2843,9.999999999998899
2024-07-05T04:30:00.000Z,AUD/JPY,BUY,2024-07-05T04:32:00.000Z,2843,9.999999999999432
2024-07-05T05:00:00.000Z,EUR/JPY,BUY,2024-07-05T05:02:00.000Z,2843,9.999999999999432
2024-07-05T05:15:00.000Z,USD/JPY,BUY,2024-07-05T05:17:00.000Z,2843,9.999999999999432
2024-07-05T05:15:00.000Z,AUD/JPY,BUY,2024-07-05T05:17:00.000Z,2843,9.999999999999432
2024-07-05T08:15:00.000Z,EUR/USD,SELL,2024-07-05T08:17:00.000Z,2843,9.999999999998899
2024-07-05T13:45:00.000Z,AUD/JPY,SELL,2024-07-05T13:47:00.000Z,2843,9.999999999999432
2024-07-05T14:15:00.000Z,USD/JPY,SELL,2024-07-05T14:17:00.000Z,2843,9.999999999999432
2024-07-08T01:15:00.000Z,AUD/JPY,BUY,2024-07-08T01:17:00.000Z,2844,9.999999999999432
2024-07-08T03:00:00.000Z,USD/JPY,BUY,2024-07-08T03:02:00.000Z,2844,0
2024-07-08T03:15:00.000Z,EUR/JPY,BUY,2024-07-08T03:17:00.000Z,2844,9.999999999999432
2024-07-08T06:45:00.000Z,EUR/USD,BUY,2024-07-08T06:47:00.000Z,2844,10.499999999999954
2024-07-08T08:30:00.000Z,EUR/JPY,SELL,2024-07-08T08:32:00.000Z,2844,11.499999999998067
2024-07-08T09:30:00.000Z,USD/JPY,SELL,2024-07-08T09:32:00.000Z,2844,12.5
2024-07-08T10:00:00.000Z,EUR/JPY,SELL,2024-07-08T10:02:00.000Z,2844,0
2024-07-09T00:30:00.000Z,AUD/JPY,SELL,2024-07-09T00:32:00.000Z,2844,9.999999999999432
2024-07-09T00:30:00.000Z,AUD/USD,SELL,2024-07-09T00:32:00.000Z,2844,10.000000000000009
2024-07-09T01:45:00.000Z,EUR/JPY,SELL,2024-07-09T01:47:00.000Z,2844,10.900000000000887
2024-07-09T02:45:00.000Z,USD/JPY,SELL,2024-07-09T02:47:00.000Z,2844,9.999999999999432
2024-07-09T15:45:00.000Z,USD/JPY,SELL,2024-07-09T15:47:00.000Z,2844,9.999999999999432
2024-07-09T16:15:00.000Z,AUD/JPY,SELL,2024-07-09T16:17:00.000Z,2844,-40.89999999999918
2024-07-10T02:15:00.000Z,USD/JPY,SELL,2024-07-10T02:17:00.000Z,2844,9.999999999999432
2024-07-10T02:15:00.000Z,EUR/JPY,SELL,2024-07-10T02:17:00.000Z,2844,-53.999999999999204
2024-07-10T03:00:00.000Z,EUR/JPY,SELL,2024-07-10T03:02:00.000Z,2844,-46.999999999999886
2024-07-10T15:00:00.000Z,AUD/JPY,SELL,2024-07-10T15:02:00.000Z,2844,9.999999999999432
2024-07-10T15:45:00.000Z,USD/JPY,SELL,2024-07-10T15:47:00.000Z,2844,9.999999999999432
2024-07-10T15:45:00.000Z,AUD/JPY,SELL,2024-07-10T15:47:00.000Z,2844,9.999999999999432
2024-07-10T16:00:00.000Z,EUR/JPY,SELL,2024-07-10T16:02:00.000Z,2844,9.999999999999432
2024-07-10T16:15:00.000Z,USD/JPY,SELL,2024-07-10T16:17:00.000Z,2844,11.299999999999955
2024-07-10T19:15:00.000Z,EUR/JPY,SELL,2024-07-10T19:17:00.000Z,2844,9.999999999999432
2024-07-10T19:45:00.000Z,EUR/JPY,SELL,2024-07-10T19:47:00.000Z,2844,11.499999999998067
2024-07-10T20:15:00.000Z,EUR/JPY,SELL,2024-07-10T20:17:00.000Z,2844,9.999999999999432
2024-07-10T23:45:00.000Z,EUR/USD,SELL,2024-07-10T23:47:00.000Z,2844,-35.30000000000033
2024-07-11T01:00:00.000Z,USD/JPY,BUY,2024-07-11T01:02:00.000Z,2844,9.999999999999432
2024-07-11T02:30:00.000Z,EUR/USD,SELL,2024-07-11T02:32:00.000Z,2844,-25.699999999999612
2024-07-11T03:00:00.000Z,AUD/JPY,SELL,2024-07-11T03:02:00.000Z,2844,9.999999999999432
2024-07-11T03:00:00.000Z,AUD/USD,SELL,2024-07-11T03:02:00.000Z,2844,-5.499999999999394
2024-07-11T04:00:00.000Z,EUR/JPY,SELL,2024-07-11T04:02:00.000Z,2844,9.999999999999432
2024-07-11T04:00:00.000Z,AUD/JPY,SELL,2024-07-11T04:02:00.000Z,2844,10.199999999998965
2024-07-11T09:30:00.000Z,EUR/USD,SELL,2024-07-11T09:32:00.000Z,2844,-36.50000000000153
2024-07-11T10:30:00.000Z,EUR/USD,SELL,2024-07-11T10:32:00.000Z,2844,-41.80000000000072
2024-07-11T13:30:00.000Z,EUR/USD,SELL,2024-07-11T13:32:00.000Z,2844,9.999999999998899
2024-07-11T13:30:00.000Z,AUD/USD,SELL,2024-07-11T13:32:00.000Z,2844,10.000000000000009
2024-07-11T17:45:00.000Z,USD/JPY,BUY,2024-07-11T17:47:00.000Z,2844,9.999999999999432
2024-07-11T18:15:00.000Z,EUR/JPY,BUY,2024-07-11T18:17:00.000Z,2844,9.999999999999432
2024-07-11T18:15:00.000Z,AUD/JPY,BUY,2024-07-11T18:17:00.000Z,2844,9.999999999999432
2024-07-11T20:15:00.000Z,AUD/JPY,BUY,2024-07-11T20:17:00.000Z,2844,9.999999999999432
2024-07-11T23:30:00.000Z,EUR/JPY,SELL,2024-07-11T23:32:00.000Z,2844,117.30000000000018
2024-07-11T23:45:00.000Z,USD/JPY,BUY,2024-07-11T23:47:00.000Z,2844,-109.00000000000034
2024-07-11T23:45:00.000Z,EUR/JPY,BUY,2024-07-11T23:47:00.000Z,2844,48.40000000000089
2024-07-11T23:45:00.000Z,AUD/JPY,BUY,2024-07-11T23:47:00.000Z,2844,32.099999999999795
2024-07-12T09:30:00.000Z,EUR/USD,SELL,2024-07-12T09:32:00.000Z,2844,-27.200000000000557
2024-07-12T11:45:00.000Z,EUR/USD,SELL,2024-07-12T11:47:00.000Z,2844,9.999999999998899
2024-07-12T12:30:00.000Z,EUR/USD,SELL,2024-07-12T12:32:00.000Z,2844,-24.200000000000887
2024-07-12T12:45:00.000Z,USD/JPY,BUY,2024-07-12T12:47:00.000Z,2844,-97.59999999999991
2024-07-12T12:45:00.000Z,EUR/JPY,BUY,2024-07-12T12:47:00.000Z,2844,-77.50000000000057
2024-07-12T12:45:00.000Z,AUD/JPY,BUY,2024-07-12T12:47:00.000Z,2844,-52.199999999999136
2024-07-12T13:30:00.000Z,USD/JPY,BUY,2024-07-12T13:32:00.000Z,2844,13.399999999998613
2024-07-12T13:30:00.000Z,EUR/JPY,BUY,2024-07-12T13:32:00.000Z,2844,10.699999999999932
2024-07-12T13:30:00.000Z,AUD/JPY,BUY,2024-07-12T13:32:00.000Z,2844,9.999999999999432
2024-07-12T15:45:00.000Z,EUR/USD,SELL,2024-07-12T15:47:00.000Z,2844,-6.00000000000156
2024-07-12T15:45:00.000Z,AUD/USD,SELL,2024-07-12T15:47:00.000Z,2844,4.3999999999999595
2024-07-14T22:30:00.000Z,AUD/USD,BUY,2024-07-14T22:32:00.000Z,2845,10.000000000000009
2024-07-15T00:00:00.000Z,EUR/USD,BUY,2024-07-15T00:02:00.000Z,2845,10.099999999999554
2024-07-15T09:00:00.000Z,AUD/USD,SELL,2024-07-15T09:02:00.000Z,2845,10.900000000000354
2024-07-15T09:15:00.000Z,EUR/USD,SELL,2024-07-15T09:17:00.000Z,2845,11.299999999998533
2024-07-15T10:45:00.000Z,EUR/JPY,SELL,2024-07-15T10:47:00.000Z,2845,9.999999999999432
2024-07-15T10:45:00.000Z,EUR/USD,SELL,2024-07-15T10:47:00.000Z,2845,9.999999999998899
2024-07-15T17:00:00.000Z,USD/JPY,BUY,2024-07-15T17:02:00.000Z,2845,0
2024-07-15T17:00:00.000Z,EUR/JPY,BUY,2024-07-15T17:02:00.000Z,2845,9.999999999999432
2024-07-15T17:00:00.000Z,AUD/JPY,BUY,2024-07-15T17:02:00.000Z,2845,11.899999999998556
2024-07-15T18:00:00.000Z,AUD/USD,BUY,2024-07-15T18:02:00.000Z,2845,-26.999999999999247
2024-07-16T02:00:00.000Z,AUD/USD,BUY,2024-07-16T02:02:00.000Z,2845,-10.000000000000009
2024-07-16T03:15:00.000Z,AUD/USD,BUY,2024-07-16T03:17:00.000Z,2845,-9.100000000000774
2024-07-16T04:00:00.000Z,USD/JPY,SELL,2024-07-16T04:02:00.000Z,2845,9.999999999999432
2024-07-16T04:45:00.000Z,USD/JPY,SELL,2024-07-16T04:47:00.000Z,2845,9.999999999999432
2024-07-16T04:45:00.000Z,EUR/JPY,SELL,2024-07-16T04:47:00.000Z,2845,9.999999999999432
2024-07-16T05:45:00.000Z,USD/JPY,SELL,2024-07-16T05:47:00.000Z,2845,10.299999999998022
2024-07-16T05:45:00.000Z,AUD/USD,BUY,2024-07-16T05:47:00.000Z,2845,-2.9999999999996696
2024-07-16T06:30:00.000Z,AUD/USD,BUY,2024-07-16T06:32:00.000Z,2845,-7.500000000000284
2024-07-16T13:30:00.000Z,EUR/USD,BUY,2024-07-16T13:32:00.000Z,2845,9.999999999998899
2024-07-16T13:45:00.000Z,AUD/USD,BUY,2024-07-16T13:47:00.000Z,2845,10.000000000000009
2024-07-16T14:00:00.000Z,AUD/JPY,BUY,2024-07-16T14:02:00.000Z,2845,9.999999999999432
2024-07-17T05:15:00.000Z,USD/JPY,BUY,2024-07-17T05:17:00.000Z,2845,-185.89999999999804
2024-07-17T06:45:00.000Z,AUD/JPY,BUY,2024-07-17T06:47:00.000Z,2845,-109.00000000000034
2024-07-17T10:00:00.000Z,EUR/JPY,BUY,2024-07-17T10:02:00.000Z,2845,9.999999999999432
2024-07-17T10:30:00.000Z,EUR/JPY,BUY,2024-07-17T10:32:00.000Z,2845,9.999999999999432
2024-07-17T10:45:00.000Z,USD/JPY,BUY,2024-07-17T10:47:00.000Z,2845,9.999999999999432
2024-07-17T10:45:00.000Z,EUR/USD,SELL,2024-07-17T10:47:00.000Z,2845,9.999999999998899
2024-07-17T11:00:00.000Z,AUD/JPY,BUY,2024-07-17T11:02:00.000Z,2845,-31.60000000000025
2024-07-17T12:00:00.000Z,AUD/JPY,BUY,2024-07-17T12:02:00.000Z,2845,11.299999999999955
2024-07-17T14:45:00.000Z,AUD/JPY,BUY,2024-07-17T14:47:00.000Z,2845,9.999999999999432
2024-07-17T15:15:00.000Z,AUD/JPY,BUY,2024-07-17T15:17:00.000Z,2845,9.999999999999432
2024-07-17T16:30:00.000Z,AUD/JPY,BUY,2024-07-17T16:32:00.000Z,2845,9.999999999999432
2024-07-17T17:00:00.000Z,AUD/JPY,BUY,2024-07-17T17:02:00.000Z,2845,10.699999999999932
2024-07-17T17:30:00.000Z,AUD/JPY,BUY,2024-07-17T17:32:00.000Z,2845,10.499999999998977
2024-07-17T19:15:00.000Z,AUD/JPY,BUY,2024-07-17T19:17:00.000Z,2845,10.599999999999454
2024-07-18T00:00:00.000Z,USD/JPY,BUY,2024-07-18T00:02:00.000Z,2845,19.299999999998363
2024-07-18T00:00:00.000Z,EUR/JPY,BUY,2024-07-18T00:02:00.000Z,2845,20.09999999999934
2024-07-18T00:00:00.000Z,AUD/JPY,BUY,2024-07-18T00:02:00.000Z,2845,16.899999999999693
2024-07-18T14:45:00.000Z,AUD/JPY,SELL,2024-07-18T14:47:00.000Z,2845,9.999999999999432
2024-07-18T14:45:00.000Z,EUR/USD,BUY,2024-07-18T14:47:00.000Z,2845,-21.700000000000053
2024-07-18T15:45:00.000Z,EUR/USD,BUY,2024-07-18T15:47:00.000Z,2845,-25.599999999998957
2024-07-18T16:15:00.000Z,USD/JPY,SELL,2024-07-18T16:17:00.000Z,2845,-46.89999999999941
2024-07-18T19:00:00.000Z,EUR/USD,BUY,2024-07-18T19:02:00.000Z,2845,-18.60000000000195
2024-07-18T19:45:00.000Z,EUR/USD,BUY,2024-07-18T19:47:00.000Z,2845,-19.199999999999218
2024-07-18T20:15:00.000Z,AUD/USD,BUY,2024-07-18T20:17:00.000Z,2845,-24.49999999999952
2024-07-18T22:15:00.000Z,USD/JPY,SELL,2024-07-18T22:17:00.000Z,2845,9.999999999999432
2024-07-19T00:30:00.000Z,AUD/USD,BUY,2024-07-19T00:32:00.000Z,2845,-17.300000000000093
2024-07-19T02:15:00.000Z,EUR/USD,BUY,2024-07-19T02:17:00.000Z,2845,-9.699999999999154
2024-07-19T06:00:00.000Z,AUD/JPY,SELL,2024-07-19T06:02:00.000Z,2845,9.999999999999432
2024-07-19T06:15:00.000Z,EUR/JPY,SELL,2024-07-19T06:17:00.000Z,2845,10.200000000000387
2024-07-19T06:30:00.000Z,USD/JPY,SELL,2024-07-19T06:32:00.000Z,2845,9.999999999999432
2024-07-19T08:45:00.000Z,AUD/JPY,BUY,2024-07-19T08:47:00.000Z,2845,9.999999999999432
2024-07-19T19:00:00.000Z,AUD/USD,BUY,2024-07-19T19:02:00.000Z,2845,-1.2000000000000899
2024-07-21T23:15:00.000Z,AUD/USD,SELL,2024-07-21T23:17:00.000Z,2846,10.000000000000009
2024-07-21T23:45:00.000Z,USD/JPY,BUY,2024-07-21T23:47:00.000Z,2846,-22.90000000000134
2024-07-22T00:00:00.000Z,EUR/USD,SELL,2024-07-22T00:02:00.000Z,2846,0
2024-07-22T00:00:00.000Z,AUD/USD,SELL,2024-07-22T00:02:00.000Z,2846,0
2024-07-22T02:45:00.000Z,AUD/JPY,BUY,2024-07-22T02:47:00.000Z,2846,-115.2000000000001
2024-07-22T02:45:00.000Z,AUD/USD,BUY,2024-07-22T02:47:00.000Z,2846,-32.89999999999904
2024-07-22T05:45:00.000Z,USD/JPY,BUY,2024-07-22T05:47:00.000Z,2846,-71.4999999999975
2024-07-22T06:15:00.000Z,AUD/USD,BUY,2024-07-22T06:17:00.000Z,2846,-34.10000000000024
2024-07-22T07:45:00.000Z,USD/JPY,BUY,2024-07-22T07:47:00.000Z,2846,12.899999999999068
2024-07-22T07:45:00.000Z,EUR/JPY,BUY,2024-07-22T07:47:00.000Z,2846,10.999999999998522
2024-07-22T07:45:00.000Z,AUD/JPY,BUY,2024-07-22T07:47:00.000Z,2846,10.200000000000387
2024-07-22T10:30:00.000Z,AUD/JPY,BUY,2024-07-22T10:32:00.000Z,2846,9.999999999999432
2024-07-22T14:30:00.000Z,AUD/JPY,BUY,2024-07-22T14:32:00.000Z,2846,9.999999999999432
2024-07-22T15:00:00.000Z,AUD/JPY,BUY,2024-07-22T15:02:00.000Z,2846,9.999999999999432
2024-07-22T15:00:00.000Z,AUD/USD,BUY,2024-07-22T15:02:00.000Z,2846,-23.500000000000743
2024-07-23T01:15:00.000Z,USD/JPY,BUY,2024-07-23T01:17:00.000Z,2846,10.599999999999454
2024-07-23T01:15:00.000Z,EUR/JPY,BUY,2024-07-23T01:17:00.000Z,2846,10.499999999998977
2024-07-23T01:15:00.000Z,AUD/JPY,BUY,2024-07-23T01:17:00.000Z,2846,-131.60000000000025
2024-07-23T05:00:00.000Z,USD/JPY,BUY,2024-07-23T05:02:00.000Z,2846,9.999999999999432
2024-07-23T05:15:00.000Z,EUR/JPY,BUY,2024-07-23T05:17:00.000Z,2846,11.099999999999
2024-07-23T05:30:00.000Z,AUD/JPY,BUY,2024-07-23T05:32:00.000Z,2846,-170.09999999999934
2024-07-23T06:15:00.000Z,AUD/JPY,BUY,2024-07-23T06:17:00.000Z,2846,-194.40000000000026
2024-07-23T08:15:00.000Z,USD/JPY,BUY,2024-07-23T08:17:00.000Z,2846,17.69999999999925
2024-07-23T08:45:00.000Z,EUR/USD,BUY,2024-07-23T08:47:00.000Z,2846,-44.599999999999085
2024-07-23T09:00:00.000Z,USD/JPY,BUY,2024-07-23T09:02:00.000Z,2846,9.999999999999432
2024-07-23T10:15:00.000Z,AUD/JPY,BUY,2024-07-23T10:17:00.000Z,2846,9.999999999999432
2024-07-23T11:00:00.000Z,EUR/USD,BUY,2024-07-23T11:02:00.000Z,2846,-19.899999999999363
2024-07-23T11:15:00.000Z,EUR/JPY,BUY,2024-07-23T11:17:00.000Z,2846,-220.5999999999989
2024-07-23T14:15:00.000Z,EUR/USD,BUY,2024-07-23T14:17:00.000Z,2846,9.999999999998899
2024-07-23T15:15:00.000Z,EUR/JPY,BUY,2024-07-23T15:17:00.000Z,2846,-269.7000000000003
2024-07-23T15:15:00.000Z,EUR/USD,BUY,2024-07-23T15:17:00.000Z,2846,9.999999999998899
2024-07-23T18:00:00.000Z,USD/JPY,BUY,2024-07-23T18:02:00.000Z,2846,10.200000000000387
2024-07-23T18:00:00.000Z,EUR/JPY,BUY,2024-07-23T18:02:00.000Z,2846,9.999999999999432
2024-07-23T18:45:00.000Z,AUD/JPY,BUY,2024-07-23T18:47:00.000Z,2846,9.999999999999432
2024-07-23T19:30:00.000Z,EUR/JPY,BUY,2024-07-23T19:32:00.000Z,2846,11.899999999997135
2024-07-23T19:30:00.000Z,AUD/JPY,BUY,2024-07-23T19:32:00.000Z,2846,10.69999999999851
2024-07-23T21:30:00.000Z,AUD/JPY,BUY,2024-07-23T21:32:00.000Z,2846,9.999999999999432
2024-07-24T02:15:00.000Z,USD/JPY,BUY,2024-07-24T02:17:00.000Z,2846,9.999999999999432
2024-07-24T02:15:00.000Z,EUR/JPY,BUY,2024-07-24T02:17:00.000Z,2846,9.999999999999432
2024-07-24T02:15:00.000Z,AUD/JPY,BUY,2024-07-24T02:17:00.000Z,2846,-253.4000000000006
2024-07-24T03:00:00.000Z,EUR/USD,BUY,2024-07-24T03:02:00.000Z,2846,9.999999999998899
2024-07-24T03:00:00.000Z,AUD/USD,BUY,2024-07-24T03:02:00.000Z,2846,-49.2999999999999
2024-07-24T05:30:00.000Z,USD/JPY,BUY,2024-07-24T05:32:00.000Z,2846,9.999999999999432
2024-07-24T05:30:00.000Z,EUR/JPY,BUY,2024-07-24T05:32:00.000Z,2846,9.999999999999432
2024-07-24T05:30:00.000Z,AUD/JPY,BUY,2024-07-24T05:32:00.000Z,2846,9.999999999999432
2024-07-24T05:30:00.000Z,AUD/USD,BUY,2024-07-24T05:32:00.000Z,2846,10.000000000000009
2024-07-24T06:30:00.000Z,USD/JPY,BUY,2024-07-24T06:32:00.000Z,2846,9.999999999999432
2024-07-24T06:30:00.000Z,AUD/JPY,BUY,2024-07-24T06:32:00.000Z,2846,9.999999999999432
2024-07-24T07:15:00.000Z,EUR/JPY,BUY,2024-07-24T07:17:00.000Z,2846,9.999999999999432
2024-07-24T08:15:00.000Z,EUR/USD,BUY,2024-07-24T08:17:00.000Z,2846,11.499999999999844
2024-07-24T13:15:00.000Z,USD/JPY,BUY,2024-07-24T13:17:00.000Z,2846,11.700000000001864
2024-07-24T14:00:00.000Z,EUR/USD,SELL,2024-07-24T14:02:00.000Z,2846,10.699999999999044
2024-07-24T14:15:00.000Z,EUR/JPY,BUY,2024-07-24T14:17:00.000Z,2846,14.399999999997704
2024-07-24T15:15:00.000Z,USD/JPY,BUY,2024-07-24T15:17:00.000Z,2846,10.200000000000387
2024-07-24T15:15:00.000Z,EUR/JPY,BUY,2024-07-24T15:17:00.000Z,2846,9.999999999999432
2024-07-24T15:15:00.000Z,AUD/JPY,BUY,2024-07-24T15:17:00.000Z,2846,-43.899999999999295
2024-07-24T15:45:00.000Z,USD/JPY,BUY,2024-07-24T15:47:00.000Z,2846,10.299999999998022
2024-07-24T19:30:00.000Z,AUD/USD,BUY,2024-07-24T19:32:00.000Z,2846,-31.29999999999966
2024-07-24T22:00:00.000Z,AUD/JPY,BUY,2024-07-24T22:02:00.000Z,2846,-61.599999999999966
2024-07-24T23:15:00.000Z,AUD/JPY,BUY,2024-07-24T23:17:00.000Z,2846,-61.7999999999995
2024-07-25T01:00:00.000Z,USD/JPY,BUY,2024-07-25T01:02:00.000Z,2846,9.999999999999432
2024-07-25T01:00:00.000Z,EUR/JPY,BUY,2024-07-25T01:02:00.000Z,2846,9.999999999999432
2024-07-25T01:15:00.000Z,AUD/USD,BUY,2024-07-25T01:17:00.000Z,2846,-18.000000000000238
2024-07-25T01:45:00.000Z,AUD/USD,BUY,2024-07-25T01:47:00.000Z,2846,-16.199999999999548
2024-07-25T02:00:00.000Z,USD/JPY,BUY,2024-07-25T02:02:00.000Z,2846,19.199999999997885
2024-07-25T02:30:00.000Z,USD/JPY,BUY,2024-07-25T02:32:00.000Z,2846,9.999999999999432
2024-07-25T02:30:00.000Z,EUR/JPY,BUY,2024-07-25T02:32:00.000Z,2846,9.999999999999432
2024-07-25T04:15:00.000Z,USD/JPY,BUY,2024-07-25T04:17:00.000Z,2846,11.499999999998067
2024-07-25T04:30:00.000Z,EUR/JPY,BUY,2024-07-25T04:32:00.000Z,2846,10.999999999998522
2024-07-25T05:15:00.000Z,AUD/JPY,BUY,2024-07-25T05:17:00.000Z,2846,10.299999999999443
2024-07-25T05:15:00.000Z,AUD/USD,BUY,2024-07-25T05:17:00.000Z,2846,10.999999999999899
2024-07-25T06:30:00.000Z,AUD/USD,BUY,2024-07-25T06:32:00.000Z,2846,10.000000000000009
2024-07-25T08:00:00.000Z,AUD/JPY,BUY,2024-07-25T08:02:00.000Z,2846,9.999999999999432
2024-07-25T08:00:00.000Z,AUD/USD,BUY,2024-07-25T08:02:00.000Z,2846,10.000000000000009
2024-07-25T10:15:00.000Z,AUD/USD,BUY,2024-07-25T10:17:00.000Z,2846,10.000000000000009
2024-07-25T11:15:00.000Z,AUD/USD,BUY,2024-07-25T11:17:00.000Z,2846,11.899999999999133
2024-07-25T12:15:00.000Z,AUD/USD,BUY,2024-07-25T12:17:00.000Z,2846,10.000000000000009
2024-07-25T13:45:00.000Z,USD/JPY,SELL,2024-07-25T13:47:00.000Z,2846,9.999999999999432
2024-07-25T14:00:00.000Z,EUR/JPY,SELL,2024-07-25T14:02:00.000Z,2846,9.999999999999432
2024-07-25T14:00:00.000Z,AUD/JPY,SELL,2024-07-25T14:02:00.000Z,2846,9.999999999999432
2024-07-25T17:00:00.000Z,USD/JPY,SELL,2024-07-25T17:02:00.000Z,2846,9.999999999999432
2024-07-25T17:00:00.000Z,EUR/JPY,SELL,2024-07-25T17:02:00.000Z,2846,9.999999999999432
2024-07-25T17:00:00.000Z,AUD/JPY,SELL,2024-07-25T17:02:00.000Z,2846,9.999999999999432
2024-07-26T02:15:00.000Z,AUD/USD,SELL,2024-07-26T02:17:00.000Z,2846,4.3999999999999595
2024-07-26T09:15:00.000Z,AUD/JPY,SELL,2024-07-26T09:17:00.000Z,2846,9.999999999999432
2024-07-26T09:15:00.000Z,AUD/USD,SELL,2024-07-26T09:17:00.000Z,2846,10.000000000000009
2024-07-26T12:00:00.000Z,USD/JPY,SELL,2024-07-26T12:02:00.000Z,2846,9.999999999999432
2024-07-26T12:15:00.000Z,EUR/JPY,SELL,2024-07-26T12:17:00.000Z,2846,11.499999999998067
2024-07-26T12:15:00.000Z,AUD/JPY,SELL,2024-07-26T12:17:00.000Z,2846,10.099999999999909
2024-07-26T15:00:00.000Z,USD/JPY,BUY,2024-07-26T15:02:00.000Z,2846,0
2024-07-26T15:00:00.000Z,EUR/JPY,BUY,2024-07-26T15:02:00.000Z,2846,0
2024-07-26T15:15:00.000Z,AUD/JPY,BUY,2024-07-26T15:17:00.000Z,2846,13.299999999999557
2024-07-29T02:45:00.000Z,USD/JPY,BUY,2024-07-29T02:47:00.000Z,2847,9.999999999999432
2024-07-29T09:45:00.000Z,EUR/USD,BUY,2024-07-29T09:47:00.000Z,2847,-1.100000000000545
2024-07-29T15:00:00.000Z,EUR/USD,BUY,2024-07-29T15:02:00.000Z,2847,9.999999999998899
2024-07-29T15:00:00.000Z,AUD/USD,BUY,2024-07-29T15:02:00.000Z,2847,10.000000000000009
2024-07-29T23:15:00.000Z,AUD/USD,SELL,2024-07-29T23:17:00.000Z,2847,10.000000000000009
2024-07-30T00:30:00.000Z,EUR/JPY,BUY,2024-07-30T00:32:00.000Z,2847,9.999999999999432
2024-07-30T07:30:00.000Z,USD/JPY,SELL,2024-07-30T07:32:00.000Z,2847,10.200000000000387
2024-07-30T07:30:00.000Z,EUR/JPY,SELL,2024-07-30T07:32:00.000Z,2847,9.999999999999432
2024-07-30T07:30:00.000Z,AUD/JPY,SELL,2024-07-30T07:32:00.000Z,2847,9.999999999999432
2024-07-30T13:15:00.000Z,EUR/USD,BUY,2024-07-30T13:17:00.000Z,2847,9.999999999998899
2024-07-30T13:45:00.000Z,AUD/USD,BUY,2024-07-30T13:47:00.000Z,2847,-7.399999999999629
2024-07-30T14:15:00.000Z,AUD/JPY,BUY,2024-07-30T14:17:00.000Z,2847,9.999999999999432
2024-07-30T14:30:00.000Z,EUR/JPY,BUY,2024-07-30T14:32:00.000Z,2847,-422.999999999999
2024-07-30T14:30:00.000Z,AUD/USD,BUY,2024-07-30T14:32:00.000Z,2847,1.7000000000000348
2024-07-30T18:15:00.000Z,AUD/JPY,BUY,2024-07-30T18:17:00.000Z,2847,-175.60000000000002
2024-07-30T18:45:00.000Z,USD/JPY,BUY,2024-07-30T18:47:00.000Z,2847,19.10000000000025
2024-07-30T18:45:00.000Z,EUR/JPY,BUY,2024-07-30T18:47:00.000Z,2847,20.49999999999841
2024-07-30T22:45:00.000Z,USD/JPY,BUY,2024-07-30T22:47:00.000Z,2847,9.999999999999432
2024-07-30T22:45:00.000Z,EUR/JPY,BUY,2024-07-30T22:47:00.000Z,2847,9.999999999999432
2024-07-30T22:45:00.000Z,AUD/JPY,BUY,2024-07-30T22:47:00.000Z,2847,9.999999999999432
2024-07-31T01:00:00.000Z,USD/JPY,BUY,2024-07-31T01:02:00.000Z,2847,12.199999999998568
2024-07-31T01:00:00.000Z,EUR/JPY,BUY,2024-07-31T01:02:00.000Z,2847,11.7999999999995
2024-07-31T01:30:00.000Z,USD/JPY,BUY,2024-07-31T01:32:00.000Z,2847,19.80000000000075
2024-07-31T01:30:00.000Z,EUR/JPY,BUY,2024-07-31T01:32:00.000Z,2847,21.19999999999891
2024-07-31T02:15:00.000Z,AUD/JPY,BUY,2024-07-31T02:17:00.000Z,2847,31.799999999999784
2024-07-31T02:45:00.000Z,AUD/JPY,BUY,2024-07-31T02:47:00.000Z,2847,12.300000000000466
2024-07-31T03:15:00.000Z,AUD/USD,BUY,2024-07-31T03:17:00.000Z,2847,10.000000000000009
2024-07-31T03:45:00.000Z,EUR/USD,SELL,2024-07-31T03:47:00.000Z,2847,9.999999999998899
2024-07-31T06:00:00.000Z,AUD/USD,BUY,2024-07-31T06:02:00.000Z,2847,11.299999999999644
2024-07-31T09:00:00.000Z,USD/JPY,BUY,2024-07-31T09:02:00.000Z,2847,20.300000000000296
2024-07-31T09:00:00.000Z,EUR/JPY,BUY,2024-07-31T09:02:00.000Z,2847,-181.30000000000166
2024-07-31T09:00:00.000Z,AUD/JPY,BUY,2024-07-31T09:02:00.000Z,2847,20.09999999999934
2024-07-31T10:30:00.000Z,USD/JPY,BUY,2024-07-31T10:32:00.000Z,2847,11.599999999998545
2024-07-31T10:30:00.000Z,AUD/JPY,BUY,2024-07-31T10:32:00.000Z,2847,11.099999999999
2024-07-31T12:00:00.000Z,USD/JPY,BUY,2024-07-31T12:02:00.000Z,2847,11.899999999999977
2024-07-31T12:45:00.000Z,USD/JPY,BUY,2024-07-31T12:47:00.000Z,2847,9.999999999999432
2024-07-31T13:45:00.000Z,AUD/USD,SELL,2024-07-31T13:47:00.000Z,2847,12.100000000000444
2024-07-31T14:45:00.000Z,AUD/USD,SELL,2024-07-31T14:47:00.000Z,2847,10.000000000000009
2024-07-31T17:00:00.000Z,EUR/USD,BUY,2024-07-31T17:02:00.000Z,2847,9.999999999998899
2024-08-01T02:00:00.000Z,USD/JPY,BUY,2024-08-01T02:02:00.000Z,2847,15.799999999998704
2024-08-01T02:00:00.000Z,EUR/JPY,BUY,2024-08-01T02:02:00.000Z,2847,18.199999999998795
2024-08-01T02:15:00.000Z,AUD/JPY,BUY,2024-08-01T02:17:00.000Z,2847,10.899999999999466
2024-08-01T10:15:00.000Z,EUR/USD,BUY,2024-08-01T10:17:00.000Z,2847,9.999999999998899
2024-08-01T12:45:00.000Z,AUD/JPY,SELL,2024-08-01T12:47:00.000Z,2847,11.899999999998556
2024-08-01T12:45:00.000Z,AUD/USD,SELL,2024-08-01T12:47:00.000Z,2847,11.799999999999589
2024-08-01T13:15:00.000Z,AUD/JPY,SELL,2024-08-01T13:17:00.000Z,2847,11.299999999998533
2024-08-01T18:00:00.000Z,AUD/USD,BUY,2024-08-01T18:02:00.000Z,2847,10.000000000000009
2024-08-01T19:15:00.000Z,AUD/JPY,BUY,2024-08-01T19:17:00.000Z,2847,10.499999999998977
2024-08-01T19:30:00.000Z,AUD/USD,BUY,2024-08-01T19:32:00.000Z,2847,10.000000000000009
2024-08-01T22:30:00.000Z,USD/JPY,BUY,2024-08-01T22:32:00.000Z,2847,9.999999999999432
2024-08-01T22:30:00.000Z,EUR/JPY,BUY,2024-08-01T22:32:00.000Z,2847,9.999999999999432
2024-08-01T22:30:00.000Z,AUD/JPY,BUY,2024-08-01T22:32:00.000Z,2847,9.999999999999432
2024-08-02T06:30:00.000Z,EUR/USD,SELL,2024-08-02T06:32:00.000Z,2847,9.999999999998899
2024-08-02T10:15:00.000Z,EUR/USD,SELL,2024-08-02T10:17:00.000Z,2847,-94.3000000000005
2024-08-02T13:00:00.000Z,EUR/JPY,BUY,2024-08-02T13:02:00.000Z,2847,9.999999999999432
2024-08-02T13:00:00.000Z,AUD/JPY,BUY,2024-08-02T13:02:00.000Z,2847,9.999999999999432
2024-08-02T13:15:00.000Z,USD/JPY,BUY,2024-08-02T13:17:00.000Z,2847,-144.89999999999839
2024-08-02T13:30:00.000Z,AUD/USD,SELL,2024-08-02T13:32:00.000Z,2847,10.000000000000009
2024-08-02T15:45:00.000Z,USD/JPY,BUY,2024-08-02T15:47:00.000Z,2847,9.999999999999432
2024-08-02T15:45:00.000Z,AUD/JPY,BUY,2024-08-02T15:47:00.000Z,2847,9.999999999999432
2024-08-02T16:15:00.000Z,EUR/USD,SELL,2024-08-02T16:17:00.000Z,2847,-5.300000000001415
2024-08-02T16:45:00.000Z,EUR/USD,SELL,2024-08-02T16:47:00.000Z,2847,-2.9999999999996696
2024-08-04T22:30:00.000Z,USD/JPY,BUY,2024-08-04T22:32:00.000Z,2848,-252.69999999999868
2024-08-05T00:30:00.000Z,EUR/JPY,BUY,2024-08-05T00:32:00.000Z,2848,21.19999999999891
2024-08-05T00:30:00.000Z,AUD/JPY,BUY,2024-08-05T00:32:00.000Z,2848,21.49999999999892
2024-08-05T00:30:00.000Z,AUD/USD,BUY,2024-08-05T00:32:00.000Z,2848,14.499999999999513
2024-08-05T01:30:00.000Z,EUR/JPY,BUY,2024-08-05T01:32:00.000Z,2848,9.999999999999432
2024-08-05T01:30:00.000Z,AUD/JPY,BUY,2024-08-05T01:32:00.000Z,2848,9.999999999999432
2024-08-05T02:00:00.000Z,USD/JPY,BUY,2024-08-05T02:02:00.000Z,2848,9.999999999999432
2024-08-05T02:00:00.000Z,EUR/JPY,BUY,2024-08-05T02:02:00.000Z,2848,9.999999999999432
2024-08-05T05:00:00.000Z,EUR/USD,SELL,2024-08-05T05:02:00.000Z,2848,9.999999999998899
2024-08-05T06:45:00.000Z,USD/JPY,BUY,2024-08-05T06:47:00.000Z,2848,15.199999999998681
2024-08-05T06:45:00.000Z,EUR/JPY,BUY,2024-08-05T06:47:00.000Z,2848,15.299999999999159
2024-08-05T07:15:00.000Z,USD/JPY,BUY,2024-08-05T07:17:00.000Z,2848,9.999999999999432
2024-08-05T07:15:00.000Z,EUR/JPY,BUY,2024-08-05T07:17:00.000Z,2848,9.999999999999432
2024-08-05T07:15:00.000Z,AUD/JPY,BUY,2024-08-05T07:17:00.000Z,2848,9.999999999999432
2024-08-05T07:15:00.000Z,AUD/USD,BUY,2024-08-05T07:17:00.000Z,2848,0
2024-08-05T09:45:00.000Z,USD/JPY,BUY,2024-08-05T09:47:00.000Z,2848,9.999999999999432
2024-08-05T13:45:00.000Z,EUR/USD,SELL,2024-08-05T13:47:00.000Z,2848,11.200000000000099
2024-08-05T16:45:00.000Z,USD/JPY,SELL,2024-08-05T16:47:00.000Z,2848,14.500000000001023
2024-08-05T16:45:00.000Z,EUR/JPY,SELL,2024-08-05T16:47:00.000Z,2848,13.79999999999768
2024-08-05T16:45:00.000Z,AUD/JPY,SELL,2024-08-05T16:47:00.000Z,2848,9.999999999999432
2024-08-06T00:00:00.000Z,AUD/USD,SELL,2024-08-06T00:02:00.000Z,2848,13.099999999999223
2024-08-06T00:30:00.000Z,USD/JPY,SELL,2024-08-06T00:32:00.000Z,2848,14.999999999997726
2024-08-06T00:30:00.000Z,EUR/JPY,SELL,2024-08-06T00:32:00.000Z,2848,12.600000000000477
2024-08-06T00:45:00.000Z,AUD/JPY,SELL,2024-08-06T00:47:00.000Z,2848,18.999999999999773
2024-08-06T01:15:00.000Z,AUD/USD,SELL,2024-08-06T01:17:00.000Z,2848,10.000000000000009
2024-08-06T08:30:00.000Z,EUR/USD,BUY,2024-08-06T08:32:00.000Z,2848,-6.6000000000010495
2024-08-06T12:00:00.000Z,EUR/USD,BUY,2024-08-06T12:02:00.000Z,2848,10.999999999998789
2024-08-06T13:15:00.000Z,EUR/USD,BUY,2024-08-06T13:17:00.000Z,2848,9.999999999998899
2024-08-06T17:15:00.000Z,AUD/USD,SELL,2024-08-06T17:17:00.000Z,2848,10.000000000000009
2024-08-06T19:00:00.000Z,AUD/USD,SELL,2024-08-06T19:02:00.000Z,2848,10.000000000000009
2024-08-07T02:00:00.000Z,AUD/USD,SELL,2024-08-07T02:02:00.000Z,2848,10.000000000000009
2024-08-07T02:45:00.000Z,EUR/JPY,SELL,2024-08-07T02:47:00.000Z,2848,19.900000000001228
2024-08-07T04:45:00.000Z,AUD/USD,SELL,2024-08-07T04:47:00.000Z,2848,10.000000000000009
2024-08-07T05:15:00.000Z,EUR/JPY,SELL,2024-08-07T05:17:00.000Z,2848,20.39999999999793
2024-08-07T05:45:00.000Z,USD/JPY,SELL,2024-08-07T05:47:00.000Z,2848,9.999999999999432
2024-08-07T05:45:00.000Z,AUD/JPY,SELL,2024-08-07T05:47:00.000Z,2848,9.999999999999432
2024-08-07T18:30:00.000Z,AUD/USD,BUY,2024-08-07T18:32:00.000Z,2848,12.799999999999478
2024-08-07T19:15:00.000Z,AUD/USD,BUY,2024-08-07T19:17:00.000Z,2848,10.000000000000009
2024-08-07T22:30:00.000Z,AUD/JPY,BUY,2024-08-07T22:32:00.000Z,2848,9.999999999999432
2024-08-07T22:30:00.000Z,AUD/USD,BUY,2024-08-07T22:32:00.000Z,2848,10.000000000000009
2024-08-08T00:00:00.000Z,USD/JPY,BUY,2024-08-08T00:02:00.000Z,2848,13.899999999998158
2024-08-08T00:00:00.000Z,EUR/JPY,BUY,2024-08-08T00:02:00.000Z,2848,12.999999999999545
2024-08-08T00:00:00.000Z,AUD/JPY,BUY,2024-08-08T00:02:00.000Z,2848,9.999999999999432
2024-08-08T04:45:00.000Z,AUD/USD,SELL,2024-08-08T04:47:00.000Z,2848,10.000000000000009
2024-08-08T13:45:00.000Z,AUD/JPY,SELL,2024-08-08T13:47:00.000Z,2848,17.799999999998306
2024-08-08T14:00:00.000Z,USD/JPY,SELL,2024-08-08T14:02:00.000Z,2848,10.899999999998045
2024-08-08T14:00:00.000Z,EUR/USD,BUY,2024-08-08T14:02:00.000Z,2848,9.999999999998899
2024-08-08T14:45:00.000Z,AUD/JPY,SELL,2024-08-08T14:47:00.000Z,2848,12.699999999999534
2024-08-08T15:15:00.000Z,AUD/JPY,SELL,2024-08-08T15:17:00.000Z,2848,11.999999999999034
2024-08-08T18:00:00.000Z,AUD/USD,SELL,2024-08-08T18:02:00.000Z,2848,10.000000000000009
2024-08-08T18:30:00.000Z,AUD/JPY,SELL,2024-08-08T18:32:00.000Z,2848,13.400000000000034
2024-08-08T18:30:00.000Z,AUD/USD,SELL,2024-08-08T18:32:00.000Z,2848,11.600000000000499
2024-08-08T19:15:00.000Z,AUD/USD,SELL,2024-08-08T19:17:00.000Z,2848,11.299999999999644
2024-08-08T23:45:00.000Z,USD/JPY,SELL,2024-08-08T23:47:00.000Z,2848,12.999999999999545
2024-08-09T00:15:00.000Z,USD/JPY,SELL,2024-08-09T00:17:00.000Z,2848,10.900000000000887
2024-08-09T00:15:00.000Z,EUR/JPY,SELL,2024-08-09T00:17:00.000Z,2848,9.999999999999432
2024-08-09T00:15:00.000Z,AUD/JPY,SELL,2024-08-09T00:17:00.000Z,2848,9.999999999999432
2024-08-09T03:00:00.000Z,AUD/USD,SELL,2024-08-09T03:02:00.000Z,2848,10.000000000000009
2024-08-09T12:00:00.000Z,AUD/JPY,BUY,2024-08-09T12:02:00.000Z,2848,-33.70000000000033
2024-08-09T12:00:00.000Z,AUD/USD,BUY,2024-08-09T12:02:00.000Z,2848,11.300000000000754
2024-08-09T13:00:00.000Z,EUR/JPY,BUY,2024-08-09T13:02:00.000Z,2848,15.100000000001046
2024-08-09T13:00:00.000Z,AUD/JPY,BUY,2024-08-09T13:02:00.000Z,2848,-11.000000000001364
2024-08-09T15:00:00.000Z,USD/JPY,BUY,2024-08-09T15:02:00.000Z,2848,9.999999999999432
2024-08-11T23:45:00.000Z,USD/JPY,SELL,2024-08-11T23:47:00.000Z,2849,9.999999999999432
2024-08-11T23:45:00.000Z,EUR/JPY,SELL,2024-08-11T23:47:00.000Z,2849,9.999999999999432
2024-08-12T04:15:00.000Z,AUD/JPY,SELL,2024-08-12T04:17:00.000Z,2849,9.999999999999432
2024-08-12T06:45:00.000Z,AUD/JPY,SELL,2024-08-12T06:47:00.000Z,2849,13.399999999998613
2024-08-12T08:15:00.000Z,AUD/USD,SELL,2024-08-12T08:17:00.000Z,2849,11.399999999999189
2024-08-12T09:15:00.000Z,AUD/JPY,SELL,2024-08-12T09:17:00.000Z,2849,9.999999999999432
2024-08-12T10:45:00.000Z,AUD/USD,SELL,2024-08-12T10:47:00.000Z,2849,10.000000000000009
2024-08-12T11:45:00.000Z,USD/JPY,SELL,2024-08-12T11:47:00.000Z,2849,13.199999999997658
2024-08-12T11:45:00.000Z,EUR/JPY,SELL,2024-08-12T11:47:00.000Z,2849,12.5
2024-08-12T11:45:00.000Z,AUD/JPY,SELL,2024-08-12T11:47:00.000Z,2849,12.199999999999989
2024-08-12T12:15:00.000Z,EUR/JPY,SELL,2024-08-12T12:17:00.000Z,2849,12.20000000000141
2024-08-12T13:45:00.000Z,AUD/JPY,SELL,2024-08-12T13:47:00.000Z,2849,9.999999999999432
2024-08-12T14:00:00.000Z,USD/JPY,SELL,2024-08-12T14:02:00.000Z,2849,9.999999999999432
2024-08-12T14:00:00.000Z,EUR/JPY,SELL,2024-08-12T14:02:00.000Z,2849,9.999999999999432
2024-08-13T05:00:00.000Z,USD/JPY,SELL,2024-08-13T05:02:00.000Z,2849,11.099999999999
2024-08-13T05:00:00.000Z,AUD/JPY,SELL,2024-08-13T05:02:00.000Z,2849,9.999999999999432
2024-08-13T05:15:00.000Z,EUR/JPY,SELL,2024-08-13T05:17:00.000Z,2849,9.999999999999432
2024-08-13T06:00:00.000Z,EUR/JPY,SELL,2024-08-13T06:02:00.000Z,2849,9.999999999999432
2024-08-13T08:15:00.000Z,AUD/JPY,SELL,2024-08-13T08:17:00.000Z,2849,9.999999999999432
2024-08-13T09:30:00.000Z,EUR/USD,BUY,2024-08-13T09:32:00.000Z,2849,9.999999999998899
2024-08-13T13:45:00.000Z,USD/JPY,BUY,2024-08-13T13:47:00.000Z,2849,9.999999999999432
2024-08-13T15:00:00.000Z,EUR/USD,SELL,2024-08-13T15:02:00.000Z,2849,-79.09999999999862
2024-08-13T20:15:00.000Z,AUD/USD,SELL,2024-08-13T20:17:00.000Z,2849,10.000000000000009
2024-08-13T21:00:00.000Z,EUR/USD,SELL,2024-08-13T21:10:00.000Z,2849,-23.000000000001908
2024-08-13T21:00:00.000Z,AUD/USD,SELL,2024-08-13T21:10:00.000Z,2849,10.000000000000009
2024-08-13T23:30:00.000Z,EUR/USD,SELL,2024-08-13T23:32:00.000Z,2849,-14.300000000000423
2024-08-14T00:45:00.000Z,EUR/JPY,SELL,2024-08-14T00:47:00.000Z,2849,15.500000000000114
2024-08-14T00:45:00.000Z,AUD/JPY,SELL,2024-08-14T00:47:00.000Z,2849,11.299999999998533
2024-08-14T01:15:00.000Z,AUD/JPY,SELL,2024-08-14T01:17:00.000Z,2849,9.999999999999432
2024-08-14T02:30:00.000Z,USD/JPY,BUY,2024-08-14T02:32:00.000Z,2849,12.600000000000477
2024-08-14T02:30:00.000Z,EUR/JPY,BUY,2024-08-14T02:32:00.000Z,2849,11.199999999999477
2024-08-14T03:00:00.000Z,USD/JPY,BUY,2024-08-14T03:02:00.000Z,2849,9.999999999999432
2024-08-14T03:00:00.000Z,EUR/JPY,BUY,2024-08-14T03:02:00.000Z,2849,9.999999999999432
2024-08-14T03:00:00.000Z,AUD/JPY,BUY,2024-08-14T03:02:00.000Z,2849,13.899999999998158
2024-08-14T03:45:00.000Z,AUD/USD,BUY,2024-08-14T03:47:00.000Z,2849,10.000000000000009
2024-08-14T07:30:00.000Z,EUR/USD,SELL,2024-08-14T07:32:00.000Z,2849,-9.699999999999154
2024-08-14T08:15:00.000Z,EUR/JPY,SELL,2024-08-14T08:17:00.000Z,2849,10.899999999998045
2024-08-14T10:45:00.000Z,EUR/USD,SELL,2024-08-14T10:47:00.000Z,2849,11.499999999999844
2024-08-14T12:00:00.000Z,EUR/USD,SELL,2024-08-14T12:02:00.000Z,2849,11.699999999998933
2024-08-14T13:30:00.000Z,EUR/JPY,SELL,2024-08-14T13:32:00.000Z,2849,19.80000000000075
2024-08-14T20:45:00.000Z,USD/JPY,SELL,2024-08-14T20:47:00.000Z,2849,9.999999999999432
2024-08-15T01:45:00.000Z,AUD/USD,BUY,2024-08-15T01:47:00.000Z,2849,11.599999999999389
2024-08-15T13:30:00.000Z,AUD/USD,BUY,2024-08-15T13:32:00.000Z,2849,11.100000000000554
2024-08-15T14:00:00.000Z,EUR/USD,BUY,2024-08-15T14:02:00.000Z,2849,9.999999999998899
2024-08-15T16:15:00.000Z,USD/JPY,SELL,2024-08-15T16:17:00.000Z,2849,9.999999999999432
2024-08-15T16:45:00.000Z,EUR/JPY,SELL,2024-08-15T16:47:00.000Z,2849,14.099999999999113
2024-08-15T16:45:00.000Z,AUD/JPY,SELL,2024-08-15T16:47:00.000Z,2849,13.100000000000023
2024-08-15T18:00:00.000Z,USD/JPY,SELL,2024-08-15T18:02:00.000Z,2849,9.999999999999432
2024-08-15T22:15:00.000Z,USD/JPY,SELL,2024-08-15T22:17:00.000Z,2849,9.999999999999432
2024-08-15T22:15:00.000Z,EUR/JPY,SELL,2024-08-15T22:17:00.000Z,2849,9.999999999999432
2024-08-16T02:30:00.000Z,AUD/USD,SELL,2024-08-16T02:32:00.000Z,2849,-47.40000000000077
2024-08-16T03:15:00.000Z,AUD/USD,SELL,2024-08-16T03:17:00.000Z,2849,-48.200000000000465
2024-08-16T05:45:00.000Z,AUD/USD,SELL,2024-08-16T05:47:00.000Z,2849,-40.900000000000375
2024-08-16T07:00:00.000Z,AUD/USD,SELL,2024-08-16T07:02:00.000Z,2849,10.399999999999299
2024-08-16T13:45:00.000Z,EUR/JPY,BUY,2024-08-16T13:47:00.000Z,2849,9.999999999999432
2024-08-16T13:45:00.000Z,AUD/JPY,BUY,2024-08-16T13:47:00.000Z,2849,13.100000000000023
2024-08-16T14:15:00.000Z,USD/JPY,BUY,2024-08-16T14:17:00.000Z,2849,9.999999999999432
2024-08-16T18:30:00.000Z,EUR/USD,SELL,2024-08-16T18:32:00.000Z,2849,-19.200000000001438
2024-08-16T20:30:00.000Z,USD/JPY,BUY,2024-08-16T20:32:00.000Z,2849,0
2024-08-18T22:30:00.000Z,EUR/USD,SELL,2024-08-18T22:32:00.000Z,2850,-63.90000000000118
2024-08-18T22:30:00.000Z,AUD/USD,SELL,2024-08-18T22:32:00.000Z,2850,-63.99999999999961
2024-08-18T23:45:00.000Z,AUD/USD,SELL,2024-08-18T23:47:00.000Z,2850,-62.39999999999912
2024-08-19T01:00:00.000Z,AUD/JPY,SELL,2024-08-19T01:02:00.000Z,2850,9.999999999999432
2024-08-19T01:00:00.000Z,AUD/USD,SELL,2024-08-19T01:02:00.000Z,2850,-46.39999999999977
2024-08-19T01:30:00.000Z,AUD/USD,SELL,2024-08-19T01:32:00.000Z,2850,-52.299999999999564
2024-08-19T04:15:00.000Z,AUD/JPY,BUY,2024-08-19T04:17:00.000Z,2850,9.999999999999432
2024-08-19T04:30:00.000Z,EUR/USD,SELL,2024-08-19T04:32:00.000Z,2850,-38.599999999999746
2024-08-19T04:45:00.000Z,AUD/USD,SELL,2024-08-19T04:47:00.000Z,2850,-30.49999999999997
2024-08-19T05:00:00.000Z,AUD/JPY,BUY,2024-08-19T05:02:00.000Z,2850,9.999999999999432
2024-08-19T06:30:00.000Z,EUR/USD,SELL,2024-08-19T06:32:00.000Z,2850,10.199999999997988
2024-08-19T07:00:00.000Z,USD/JPY,BUY,2024-08-19T07:02:00.000Z,2850,14.19999999999959
2024-08-19T07:00:00.000Z,EUR/JPY,BUY,2024-08-19T07:02:00.000Z,2850,13.79999999999768
2024-08-19T07:00:00.000Z,AUD/JPY,BUY,2024-08-19T07:02:00.000Z,2850,13.599999999999568
2024-08-19T15:30:00.000Z,EUR/USD,SELL,2024-08-19T15:32:00.000Z,2850,-38.50000000000131
2024-08-19T15:45:00.000Z,AUD/USD,SELL,2024-08-19T15:47:00.000Z,2850,-19.899999999999363
2024-08-19T16:00:00.000Z,EUR/JPY,SELL,2024-08-19T16:02:00.000Z,2850,9.999999999999432
2024-08-19T16:00:00.000Z,AUD/JPY,SELL,2024-08-19T16:02:00.000Z,2850,11.099999999999
2024-08-19T16:30:00.000Z,EUR/USD,SELL,2024-08-19T16:32:00.000Z,2850,-47.000000000001485
2024-08-19T17:30:00.000Z,EUR/USD,SELL,2024-08-19T17:32:00.000Z,2850,-42.29999999999956
2024-08-19T19:45:00.000Z,EUR/JPY,SELL,2024-08-19T19:47:00.000Z,2850,12.09999999999809
2024-08-19T19:45:00.000Z,AUD/JPY,SELL,2024-08-19T19:47:00.000Z,2850,12.199999999999989
2024-08-19T20:30:00.000Z,AUD/JPY,SELL,2024-08-19T20:32:00.000Z,2850,10.299999999999443
2024-08-19T20:30:00.000Z,EUR/USD,SELL,2024-08-19T20:32:00.000Z,2850,9.999999999998899
2024-08-19T20:30:00.000Z,AUD/USD,SELL,2024-08-19T20:32:00.000Z,2850,10.000000000000009
2024-08-19T20:45:00.000Z,EUR/JPY,SELL,2024-08-19T20:47:00.000Z,2850,9.999999999999432
2024-08-19T21:45:00.000Z,EUR/USD,SELL,2024-08-19T21:47:00.000Z,2850,9.999999999998899
2024-08-19T23:45:00.000Z,EUR/JPY,SELL,2024-08-19T23:47:00.000Z,2850,11.199999999999477
2024-08-19T23:45:00.000Z,AUD/JPY,SELL,2024-08-19T23:47:00.000Z,2850,10.599999999999454
2024-08-20T15:00:00.000Z,EUR/USD,SELL,2024-08-20T15:02:00.000Z,2850,9.999999999998899
2024-08-20T15:15:00.000Z,USD/JPY,BUY,2024-08-20T15:17:00.000Z,2850,9.999999999999432
2024-08-20T15:30:00.000Z,AUD/JPY,BUY,2024-08-20T15:32:00.000Z,2850,12.699999999999534
2024-08-20T16:00:00.000Z,AUD/JPY,BUY,2024-08-20T16:02:00.000Z,2850,11.099999999999
2024-08-20T18:00:00.000Z,USD/JPY,BUY,2024-08-20T18:02:00.000Z,2850,9.999999999999432
2024-08-20T18:00:00.000Z,AUD/JPY,BUY,2024-08-20T18:02:00.000Z,2850,9.999999999999432
2024-08-20T19:45:00.000Z,EUR/USD,SELL,2024-08-20T19:47:00.000Z,2850,10.200000000000209
2024-08-20T20:15:00.000Z,USD/JPY,BUY,2024-08-20T20:17:00.000Z,2850,9.999999999999432
2024-08-20T21:15:00.000Z,EUR/USD,SELL,2024-08-20T21:17:00.000Z,2850,9.999999999998899
2024-08-20T22:30:00.000Z,AUD/JPY,BUY,2024-08-20T22:32:00.000Z,2850,9.999999999999432
2024-08-20T22:45:00.000Z,USD/JPY,BUY,2024-08-20T22:47:00.000Z,2850,9.999999999999432
2024-08-21T11:15:00.000Z,EUR/JPY,SELL,2024-08-21T11:17:00.000Z,2850,9.999999999999432
2024-08-21T16:45:00.000Z,USD/JPY,BUY,2024-08-21T16:47:00.000Z,2850,12.999999999999545
2024-08-21T18:00:00.000Z,USD/JPY,BUY,2024-08-21T18:02:00.000Z,2850,35.29999999999802
2024-08-21T18:45:00.000Z,USD/JPY,BUY,2024-08-21T18:47:00.000Z,2850,10.099999999999909
2024-08-21T18:45:00.000Z,AUD/JPY,BUY,2024-08-21T18:47:00.000Z,2850,9.999999999999432
2024-08-21T18:45:00.000Z,EUR/USD,SELL,2024-08-21T18:47:00.000Z,2850,11.399999999999189
2024-08-22T03:15:00.000Z,AUD/USD,BUY,2024-08-22T03:17:00.000Z,2850,10.000000000000009
2024-08-22T12:00:00.000Z,USD/JPY,SELL,2024-08-22T12:02:00.000Z,2850,15.799999999998704
2024-08-22T14:45:00.000Z,USD/JPY,SELL,2024-08-22T14:47:00.000Z,2850,11.599999999998545
2024-08-22T14:45:00.000Z,EUR/USD,BUY,2024-08-22T14:47:00.000Z,2850,11.499999999997623
2024-08-22T15:00:00.000Z,AUD/USD,BUY,2024-08-22T15:02:00.000Z,2850,10.000000000000009
2024-08-23T02:15:00.000Z,EUR/JPY,BUY,2024-08-23T02:17:00.000Z,2850,12.5
2024-08-23T02:15:00.000Z,AUD/JPY,BUY,2024-08-23T02:17:00.000Z,2850,11.7999999999995
2024-08-23T02:15:00.000Z,EUR/USD,SELL,2024-08-23T02:17:00.000Z,2850,10.099999999999554
2024-08-23T03:00:00.000Z,USD/JPY,BUY,2024-08-23T03:02:00.000Z,2850,12.699999999998113
2024-08-23T03:00:00.000Z,EUR/JPY,BUY,2024-08-23T03:02:00.000Z,2850,13.599999999999568
2024-08-23T03:00:00.000Z,AUD/JPY,BUY,2024-08-23T03:02:00.000Z,2850,12.099999999999511
2024-08-23T04:45:00.000Z,AUD/USD,SELL,2024-08-23T04:47:00.000Z,2850,-76.90000000000086
2024-08-23T05:15:00.000Z,AUD/USD,SELL,2024-08-23T05:17:00.000Z,2850,-76.90000000000086
2024-08-23T10:30:00.000Z,AUD/JPY,SELL,2024-08-23T10:32:00.000Z,2850,12.600000000000477
2024-08-23T14:00:00.000Z,USD/JPY,SELL,2024-08-23T14:02:00.000Z,2850,0
2024-08-23T14:15:00.000Z,AUD/JPY,SELL,2024-08-23T14:17:00.000Z,2850,9.999999999999432
2024-08-23T14:30:00.000Z,USD/JPY,BUY,2024-08-23T14:32:00.000Z,2850,-99.2999999999995
2024-08-23T14:45:00.000Z,AUD/JPY,SELL,2024-08-23T14:47:00.000Z,2850,0
2024-08-23T16:00:00.000Z,EUR/USD,SELL,2024-08-23T16:02:00.000Z,2850,10.899999999998133
2024-08-23T16:00:00.000Z,AUD/USD,SELL,2024-08-23T16:02:00.000Z,2850,-22.199999999999996
2024-08-23T16:45:00.000Z,USD/JPY,BUY,2024-08-23T16:47:00.000Z,2850,-61.19999999999948
2024-08-23T18:00:00.000Z,EUR/USD,SELL,2024-08-23T18:02:00.000Z,2850,-3.6999999999998145
2024-08-23T18:30:00.000Z,EUR/USD,SELL,2024-08-23T18:32:00.000Z,2850,-2.1999999999988695
2024-08-23T18:30:00.000Z,AUD/USD,SELL,2024-08-23T18:32:00.000Z,2850,-4.100000000000215
2024-08-23T20:00:00.000Z,EUR/JPY,BUY,2024-08-23T20:02:00.000Z,2850,0
2024-08-23T20:15:00.000Z,USD/JPY,BUY,2024-08-23T20:17:00.000Z,2850,3.8999999999987267
2024-08-25T23:30:00.000Z,USD/JPY,BUY,2024-08-25T23:32:00.000Z,2851,9.999999999999432
2024-08-25T23:30:00.000Z,AUD/JPY,BUY,2024-08-25T23:32:00.000Z,2851,9.999999999999432
2024-08-25T23:45:00.000Z,EUR/JPY,BUY,2024-08-25T23:47:00.000Z,2851,9.999999999999432
2024-08-26T00:45:00.000Z,USD/JPY,BUY,2024-08-26T00:47:00.000Z,2851,9.999999999999432
2024-08-26T00:45:00.000Z,EUR/JPY,BUY,2024-08-26T00:47:00.000Z,2851,9.999999999999432
2024-08-26T00:45:00.000Z,AUD/JPY,BUY,2024-08-26T00:47:00.000Z,2851,9.999999999999432
2024-08-26T12:00:00.000Z,EUR/USD,BUY,2024-08-26T12:02:00.000Z,2851,9.999999999998899
2024-08-26T12:30:00.000Z,EUR/USD,BUY,2024-08-26T12:32:00.000Z,2851,14.699999999998603
2024-08-26T13:00:00.000Z,EUR/USD,BUY,2024-08-26T13:02:00.000Z,2851,12.300000000000644
2024-08-26T13:30:00.000Z,EUR/USD,BUY,2024-08-26T13:32:00.000Z,2851,12.599999999998168
2024-08-26T14:00:00.000Z,EUR/USD,BUY,2024-08-26T14:02:00.000Z,2851,13.199999999997658
2024-08-26T14:15:00.000Z,AUD/JPY,SELL,2024-08-26T14:17:00.000Z,2851,9.999999999999432
2024-08-26T14:45:00.000Z,AUD/JPY,SELL,2024-08-26T14:47:00.000Z,2851,-17.00000000000017
2024-08-27T01:30:00.000Z,USD/JPY,SELL,2024-08-27T01:32:00.000Z,2851,13.100000000000023
2024-08-27T01:30:00.000Z,EUR/JPY,SELL,2024-08-27T01:32:00.000Z,2851,11.39999999999759
2024-08-27T03:00:00.000Z,AUD/JPY,SELL,2024-08-27T03:02:00.000Z,2851,9.999999999999432
2024-08-27T04:00:00.000Z,AUD/JPY,SELL,2024-08-27T04:02:00.000Z,2851,9.999999999999432
2024-08-27T12:30:00.000Z,EUR/JPY,BUY,2024-08-27T12:32:00.000Z,2851,-49.70000000000141
2024-08-27T13:15:00.000Z,EUR/JPY,BUY,2024-08-27T13:17:00.000Z,2851,9.999999999999432
2024-08-27T13:30:00.000Z,AUD/JPY,BUY,2024-08-27T13:32:00.000Z,2851,13.299999999998136
2024-08-27T14:00:00.000Z,EUR/JPY,BUY,2024-08-27T14:02:00.000Z,2851,9.999999999999432
2024-08-27T14:00:00.000Z,AUD/JPY,BUY,2024-08-27T14:02:00.000Z,2851,9.999999999999432
2024-08-27T18:00:00.000Z,USD/JPY,BUY,2024-08-27T18:02:00.000Z,2851,14.699999999999136
2024-08-27T18:45:00.000Z,USD/JPY,BUY,2024-08-27T18:47:00.000Z,2851,12.399999999999523
2024-08-27T19:00:00.000Z,EUR/USD,SELL,2024-08-27T19:02:00.000Z,2851,0
2024-08-27T22:45:00.000Z,USD/JPY,BUY,2024-08-27T22:47:00.000Z,2851,9.999999999999432
2024-08-27T22:45:00.000Z,EUR/JPY,BUY,2024-08-27T22:47:00.000Z,2851,9.999999999999432
2024-08-28T03:15:00.000Z,AUD/JPY,SELL,2024-08-28T03:17:00.000Z,2851,12.899999999999068
2024-08-28T04:30:00.000Z,AUD/JPY,SELL,2024-08-28T04:32:00.000Z,2851,12.399999999999523
2024-08-28T06:45:00.000Z,EUR/USD,BUY,2024-08-28T06:47:00.000Z,2851,11.799999999999589
2024-08-28T11:15:00.000Z,EUR/USD,BUY,2024-08-28T11:17:00.000Z,2851,9.999999999998899
2024-08-28T11:45:00.000Z,EUR/USD,BUY,2024-08-28T11:47:00.000Z,2851,12.399999999999078
2024-08-28T13:00:00.000Z,EUR/USD,BUY,2024-08-28T13:02:00.000Z,2851,9.999999999998899
2024-08-28T13:00:00.000Z,AUD/USD,BUY,2024-08-28T13:02:00.000Z,2851,10.000000000000009
2024-08-28T14:00:00.000Z,USD/JPY,SELL,2024-08-28T14:02:00.000Z,2851,9.999999999999432
2024-08-29T01:30:00.000Z,AUD/USD,SELL,2024-08-29T01:32:00.000Z,2851,10.000000000000009
2024-08-29T05:45:00.000Z,AUD/JPY,SELL,2024-08-29T05:47:00.000Z,2851,9.999999999999432
2024-08-29T07:30:00.000Z,EUR/USD,BUY,2024-08-29T07:32:00.000Z,2851,-43.10000000000036
2024-08-29T08:15:00.000Z,AUD/JPY,SELL,2024-08-29T08:17:00.000Z,2851,9.999999999999432
2024-08-29T09:00:00.000Z,EUR/JPY,BUY,2024-08-29T09:02:00.000Z,2851,9.999999999999432
2024-08-29T09:15:00.000Z,EUR/USD,BUY,2024-08-29T09:17:00.000Z,2851,9.999999999998899
2024-08-29T13:00:00.000Z,EUR/USD,BUY,2024-08-29T13:02:00.000Z,2851,10.499999999997733
2024-08-29T13:15:00.000Z,AUD/JPY,SELL,2024-08-29T13:17:00.000Z,2851,9.999999999999432
2024-08-29T14:15:00.000Z,USD/JPY,SELL,2024-08-29T14:17:00.000Z,2851,16.19999999999777
2024-08-29T14:15:00.000Z,AUD/USD,BUY,2024-08-29T14:17:00.000Z,2851,13.400000000000079
2024-08-29T14:45:00.000Z,EUR/USD,BUY,2024-08-29T14:47:00.000Z,2851,9.999999999998899
2024-08-29T15:00:00.000Z,USD/JPY,SELL,2024-08-29T15:02:00.000Z,2851,14.000000000001478
2024-08-30T08:45:00.000Z,AUD/JPY,SELL,2024-08-30T08:47:00.000Z,2851,10.099999999999909
2024-08-30T11:15:00.000Z,USD/JPY,SELL,2024-08-30T11:17:00.000Z,2851,-98.90000000000043
2024-08-30T12:15:00.000Z,USD/JPY,SELL,2024-08-30T12:17:00.000Z,2851,9.999999999999432
2024-08-30T13:15:00.000Z,USD/JPY,SELL,2024-08-30T13:17:00.000Z,2851,9.999999999999432
2024-08-30T13:15:00.000Z,EUR/JPY,SELL,2024-08-30T13:17:00.000Z,2851,-60.40000000000134
2024-08-30T14:00:00.000Z,USD/JPY,SELL,2024-08-30T14:02:00.000Z,2851,9.999999999999432
2024-08-30T14:15:00.000Z,AUD/USD,BUY,2024-08-30T14:17:00.000Z,2851,-20.700000000000163
2024-08-30T17:15:00.000Z,USD/JPY,SELL,2024-08-30T17:17:00.000Z,2851,-11.199999999999477
2024-08-30T17:15:00.000Z,AUD/USD,BUY,2024-08-30T17:17:00.000Z,2851,1.2999999999996348
2024-08-30T17:45:00.000Z,USD/JPY,SELL,2024-08-30T17:47:00.000Z,2851,9.999999999999432
2024-08-30T17:45:00.000Z,AUD/USD,BUY,2024-08-30T17:47:00.000Z,2851,2.6999999999999247
2024-09-01T23:30:00.000Z,EUR/JPY,SELL,2024-09-01T23:32:00.000Z,2852,15.699999999998226
2024-09-01T23:30:00.000Z,AUD/JPY,SELL,2024-09-01T23:32:00.000Z,2852,15.800000000000125
2024-09-02T00:00:00.000Z,USD/JPY,SELL,2024-09-02T00:02:00.000Z,2852,14.899999999997249
2024-09-02T04:30:00.000Z,EUR/JPY,BUY,2024-09-02T04:32:00.000Z,2852,11.400000000000432
2024-09-02T04:30:00.000Z,AUD/JPY,BUY,2024-09-02T04:32:00.000Z,2852,10.499999999998977
2024-09-02T07:15:00.000Z,EUR/USD,SELL,2024-09-02T07:17:00.000Z,2852,9.999999999998899
2024-09-02T08:30:00.000Z,EUR/USD,SELL,2024-09-02T08:32:00.000Z,2852,10.499999999997733
2024-09-02T09:45:00.000Z,USD/JPY,SELL,2024-09-02T09:47:00.000Z,2852,12.199999999998568
2024-09-02T09:45:00.000Z,EUR/JPY,SELL,2024-09-02T09:47:00.000Z,2852,10.200000000000387
2024-09-02T09:45:00.000Z,AUD/JPY,SELL,2024-09-02T09:47:00.000Z,2852,9.999999999999432
2024-09-02T11:15:00.000Z,USD/JPY,SELL,2024-09-02T11:17:00.000Z,2852,9.999999999999432
2024-09-02T11:15:00.000Z,EUR/JPY,SELL,2024-09-02T11:17:00.000Z,2852,13.399999999998613
2024-09-02T12:15:00.000Z,EUR/JPY,SELL,2024-09-02T12:17:00.000Z,2852,10.200000000000387
2024-09-02T12:15:00.000Z,AUD/JPY,SELL,2024-09-02T12:17:00.000Z,2852,9.999999999999432
2024-09-02T13:15:00.000Z,AUD/JPY,SELL,2024-09-02T13:17:00.000Z,2852,9.999999999999432
2024-09-02T13:45:00.000Z,USD/JPY,SELL,2024-09-02T13:47:00.000Z,2852,9.999999999999432
2024-09-02T13:45:00.000Z,EUR/JPY,SELL,2024-09-02T13:47:00.000Z,2852,9.999999999999432
2024-09-02T13:45:00.000Z,AUD/JPY,SELL,2024-09-02T13:47:00.000Z,2852,9.999999999999432
2024-09-02T18:30:00.000Z,AUD/USD,SELL,2024-09-02T18:32:00.000Z,2852,10.200000000000209
2024-09-03T00:00:00.000Z,AUD/JPY,BUY,2024-09-03T00:02:00.000Z,2852,9.999999999999432
2024-09-03T01:15:00.000Z,EUR/USD,BUY,2024-09-03T01:17:00.000Z,2852,-13.699999999998713
2024-09-03T02:00:00.000Z,AUD/USD,BUY,2024-09-03T02:02:00.000Z,2852,-81.50000000000101
2024-09-03T02:15:00.000Z,AUD/JPY,BUY,2024-09-03T02:17:00.000Z,2852,-214.30000000000007
2024-09-03T04:45:00.000Z,EUR/JPY,BUY,2024-09-03T04:47:00.000Z,2852,9.999999999999432
2024-09-03T05:15:00.000Z,EUR/USD,BUY,2024-09-03T05:17:00.000Z,2852,9.999999999998899
2024-09-03T05:45:00.000Z,USD/JPY,BUY,2024-09-03T05:47:00.000Z,2852,-121.60000000000082
2024-09-03T06:00:00.000Z,EUR/JPY,BUY,2024-09-03T06:02:00.000Z,2852,-125.30000000000143
2024-09-03T06:45:00.000Z,AUD/USD,BUY,2024-09-03T06:47:00.000Z,2852,11.899999999999133
2024-09-03T07:15:00.000Z,USD/JPY,BUY,2024-09-03T07:17:00.000Z,2852,9.999999999999432
2024-09-03T07:15:00.000Z,EUR/JPY,BUY,2024-09-03T07:17:00.000Z,2852,9.999999999999432
2024-09-03T07:15:00.000Z,AUD/JPY,BUY,2024-09-03T07:17:00.000Z,2852,9.999999999999432
2024-09-03T08:45:00.000Z,AUD/JPY,BUY,2024-09-03T08:47:00.000Z,2852,9.999999999999432
2024-09-03T09:00:00.000Z,USD/JPY,BUY,2024-09-03T09:02:00.000Z,2852,9.999999999999432
2024-09-03T09:30:00.000Z,AUD/JPY,BUY,2024-09-03T09:32:00.000Z,2852,9.999999999999432
2024-09-03T09:45:00.000Z,EUR/USD,BUY,2024-09-03T09:47:00.000Z,2852,10.499999999999954
2024-09-03T10:00:00.000Z,EUR/JPY,BUY,2024-09-03T10:02:00.000Z,2852,16.900000000001114
2024-09-03T10:45:00.000Z,AUD/JPY,BUY,2024-09-03T10:47:00.000Z,2852,9.999999999999432
2024-09-03T11:15:00.000Z,EUR/USD,BUY,2024-09-03T11:17:00.000Z,2852,12.399999999999078
2024-09-03T11:15:00.000Z,AUD/USD,BUY,2024-09-03T11:17:00.000Z,2852,10.399999999999299
2024-09-03T14:30:00.000Z,USD/JPY,BUY,2024-09-03T14:32:00.000Z,2852,9.999999999999432
2024-09-03T14:30:00.000Z,EUR/JPY,BUY,2024-09-03T14:32:00.000Z,2852,9.999999999999432
2024-09-03T15:15:00.000Z,AUD/JPY,BUY,2024-09-03T15:17:00.000Z,2852,10.199999999998965
2024-09-04T00:00:00.000Z,USD/JPY,BUY,2024-09-04T00:02:00.000Z,2852,9.999999999999432
2024-09-04T00:00:00.000Z,EUR/JPY,BUY,2024-09-04T00:02:00.000Z,2852,9.999999999999432
2024-09-04T00:00:00.000Z,AUD/JPY,BUY,2024-09-04T00:02:00.000Z,2852,-127.59999999999962
2024-09-04T01:15:00.000Z,AUD/JPY,BUY,2024-09-04T01:17:00.000Z,2852,10.39999999999992
2024-09-04T01:15:00.000Z,AUD/USD,BUY,2024-09-04T01:17:00.000Z,2852,10.000000000000009
2024-09-04T14:30:00.000Z,EUR/JPY,BUY,2024-09-04T14:32:00.000Z,2852,9.999999999999432
2024-09-04T15:00:00.000Z,AUD/USD,SELL,2024-09-04T15:02:00.000Z,2852,10.000000000000009
2024-09-04T15:15:00.000Z,USD/JPY,BUY,2024-09-04T15:17:00.000Z,2852,9.999999999999432
2024-09-04T15:15:00.000Z,EUR/USD,SELL,2024-09-04T15:17:00.000Z,2852,10.900000000000354
2024-09-04T18:00:00.000Z,USD/JPY,BUY,2024-09-04T18:02:00.000Z,2852,9.999999999999432
2024-09-04T18:15:00.000Z,EUR/JPY,BUY,2024-09-04T18:17:00.000Z,2852,9.999999999999432
2024-09-04T19:30:00.000Z,USD/JPY,BUY,2024-09-04T19:32:00.000Z,2852,9.999999999999432
2024-09-04T19:30:00.000Z,EUR/JPY,BUY,2024-09-04T19:32:00.000Z,2852,10.499999999998977
2024-09-04T19:30:00.000Z,AUD/JPY,BUY,2024-09-04T19:32:00.000Z,2852,9.999999999999432
2024-09-04T20:45:00.000Z,EUR/JPY,BUY,2024-09-04T20:47:00.000Z,2852,9.999999999999432
2024-09-04T21:45:00.000Z,AUD/JPY,BUY,2024-09-04T21:47:00.000Z,2852,9.999999999999432
2024-09-04T22:30:00.000Z,USD/JPY,BUY,2024-09-04T22:32:00.000Z,2852,9.999999999999432
2024-09-04T22:30:00.000Z,EUR/JPY,BUY,2024-09-04T22:32:00.000Z,2852,9.999999999999432
2024-09-04T22:30:00.000Z,AUD/JPY,BUY,2024-09-04T22:32:00.000Z,2852,9.999999999999432
2024-09-05T00:15:00.000Z,USD/JPY,BUY,2024-09-05T00:17:00.000Z,2852,9.999999999999432
2024-09-05T00:15:00.000Z,EUR/JPY,BUY,2024-09-05T00:17:00.000Z,2852,9.999999999999432
2024-09-05T00:15:00.000Z,AUD/JPY,BUY,2024-09-05T00:17:00.000Z,2852,9.999999999999432
2024-09-05T06:45:00.000Z,USD/JPY,BUY,2024-09-05T06:47:00.000Z,2852,15.500000000000114
2024-09-05T06:45:00.000Z,EUR/JPY,BUY,2024-09-05T06:47:00.000Z,2852,12.999999999999545
2024-09-05T06:45:00.000Z,AUD/JPY,BUY,2024-09-05T06:47:00.000Z,2852,13.700000000000045
2024-09-05T09:45:00.000Z,EUR/USD,SELL,2024-09-05T09:47:00.000Z,2852,9.999999999998899
2024-09-05T11:45:00.000Z,EUR/USD,SELL,2024-09-05T11:47:00.000Z,2852,9.999999999998899
2024-09-05T12:45:00.000Z,EUR/USD,SELL,2024-09-05T12:47:00.000Z,2852,9.999999999998899
2024-09-05T15:00:00.000Z,USD/JPY,SELL,2024-09-05T15:02:00.000Z,2852,9.999999999999432
2024-09-05T15:00:00.000Z,AUD/JPY,SELL,2024-09-05T15:02:00.000Z,2852,9.999999999999432
2024-09-06T04:30:00.000Z,AUD/JPY,BUY,2024-09-06T04:32:00.000Z,2852,9.999999999999432
2024-09-06T05:00:00.000Z,USD/JPY,BUY,2024-09-06T05:02:00.000Z,2852,12.299999999999045
2024-09-06T06:00:00.000Z,EUR/JPY,BUY,2024-09-06T06:02:00.000Z,2852,12.999999999999545
2024-09-06T06:00:00.000Z,AUD/USD,BUY,2024-09-06T06:02:00.000Z,2852,10.000000000000009
2024-09-06T06:45:00.000Z,AUD/JPY,BUY,2024-09-06T06:47:00.000Z,2852,9.999999999999432
2024-09-06T07:00:00.000Z,EUR/JPY,BUY,2024-09-06T07:02:00.000Z,2852,19.900000000001228
2024-09-06T07:30:00.000Z,EUR/JPY,BUY,2024-09-06T07:32:00.000Z,2852,9.999999999999432
2024-09-06T07:30:00.000Z,AUD/JPY,BUY,2024-09-06T07:32:00.000Z,2852,10.500000000000398
2024-09-06T07:45:00.000Z,USD/JPY,BUY,2024-09-06T07:47:00.000Z,2852,18.39999999999975
2024-09-06T13:00:00.000Z,EUR/USD,SELL,2024-09-06T13:02:00.000Z,2852,13.499999999999623
2024-09-06T13:00:00.000Z,AUD/USD,SELL,2024-09-06T13:02:00.000Z,2852,11.899999999999133
2024-09-06T17:15:00.000Z,AUD/JPY,BUY,2024-09-06T17:17:00.000Z,2852,-23.399999999999466
2024-09-06T17:15:00.000Z,AUD/USD,BUY,2024-09-06T17:17:00.000Z,2852,-6.199999999999539
2024-09-06T18:00:00.000Z,AUD/JPY,BUY,2024-09-06T18:02:00.000Z,2852,-13.400000000000034
2024-09-09T06:15:00.000Z,EUR/USD,BUY,2024-09-09T06:17:00.000Z,2853,-34.399999999998876
2024-09-09T06:45:00.000Z,EUR/USD,BUY,2024-09-09T06:47:00.000Z,2853,-27.000000000001467
2024-09-09T07:45:00.000Z,EUR/USD,BUY,2024-09-09T07:47:00.000Z,2853,-17.100000000001003
2024-09-09T09:00:00.000Z,AUD/USD,BUY,2024-09-09T09:02:00.000Z,2853,10.000000000000009
2024-09-09T09:15:00.000Z,EUR/USD,BUY,2024-09-09T09:17:00.000Z,2853,-17.300000000000093
2024-09-09T11:15:00.000Z,EUR/USD,BUY,2024-09-09T11:17:00.000Z,2853,-7.0000000000014495
2024-09-09T11:45:00.000Z,USD/JPY,SELL,2024-09-09T11:47:00.000Z,2853,13.2000000000005
2024-09-09T11:45:00.000Z,EUR/USD,BUY,2024-09-09T11:47:00.000Z,2853,10.399999999999299
2024-09-09T15:30:00.000Z,EUR/JPY,BUY,2024-09-09T15:32:00.000Z,2853,9.999999999999432
2024-09-10T00:45:00.000Z,EUR/USD,BUY,2024-09-10T00:47:00.000Z,2853,10.399999999999299
2024-09-10T00:45:00.000Z,AUD/USD,BUY,2024-09-10T00:47:00.000Z,2853,10.099999999999554
2024-09-10T01:15:00.000Z,USD/JPY,SELL,2024-09-10T01:17:00.000Z,2853,9.999999999999432
2024-09-10T07:15:00.000Z,EUR/USD,SELL,2024-09-10T07:17:00.000Z,2853,9.999999999998899
2024-09-10T14:30:00.000Z,AUD/JPY,BUY,2024-09-10T14:32:00.000Z,2853,-108.89999999999986
2024-09-10T14:30:00.000Z,AUD/USD,BUY,2024-09-10T14:32:00.000Z,2853,10.000000000000009
2024-09-10T15:00:00.000Z,AUD/JPY,BUY,2024-09-10T15:02:00.000Z,2853,-105.49999999999926
2024-09-10T15:00:00.000Z,AUD/USD,BUY,2024-09-10T15:02:00.000Z,2853,10.400000000000409
2024-09-10T16:45:00.000Z,USD/JPY,BUY,2024-09-10T16:47:00.000Z,2853,10.099999999999909
2024-09-10T16:45:00.000Z,EUR/JPY,BUY,2024-09-10T16:47:00.000Z,2853,-81.99999999999932
2024-09-10T16:45:00.000Z,AUD/JPY,BUY,2024-09-10T16:47:00.000Z,2853,9.999999999999432
2024-09-11T00:45:00.000Z,USD/JPY,BUY,2024-09-11T00:47:00.000Z,2853,9.999999999999432
2024-09-11T00:45:00.000Z,AUD/JPY,BUY,2024-09-11T00:47:00.000Z,2853,9.999999999999432
2024-09-11T01:00:00.000Z,EUR/JPY,BUY,2024-09-11T01:02:00.000Z,2853,12.999999999999545
2024-09-11T02:45:00.000Z,USD/JPY,BUY,2024-09-11T02:47:00.000Z,2853,9.999999999999432
2024-09-11T02:45:00.000Z,EUR/JPY,BUY,2024-09-11T02:47:00.000Z,2853,9.999999999999432
2024-09-11T02:45:00.000Z,AUD/JPY,BUY,2024-09-11T02:47:00.000Z,2853,9.999999999999432
2024-09-11T02:45:00.000Z,EUR/USD,SELL,2024-09-11T02:47:00.000Z,2853,9.999999999998899
2024-09-11T04:30:00.000Z,EUR/JPY,BUY,2024-09-11T04:32:00.000Z,2853,16.899999999998272
2024-09-11T05:00:00.000Z,EUR/JPY,BUY,2024-09-11T05:02:00.000Z,2853,15.600000000000591
2024-09-11T05:45:00.000Z,USD/JPY,BUY,2024-09-11T05:47:00.000Z,2853,12.399999999999523
2024-09-11T05:45:00.000Z,EUR/JPY,BUY,2024-09-11T05:47:00.000Z,2853,13.299999999998136
2024-09-11T05:45:00.000Z,AUD/JPY,BUY,2024-09-11T05:47:00.000Z,2853,10.799999999998988
2024-09-11T05:45:00.000Z,EUR/USD,SELL,2024-09-11T05:47:00.000Z,2853,9.999999999998899
2024-09-11T13:00:00.000Z,USD/JPY,SELL,2024-09-11T13:02:00.000Z,2853,9.999999999999432
2024-09-11T13:00:00.000Z,EUR/USD,BUY,2024-09-11T13:02:00.000Z,2853,9.999999999998899
2024-09-11T15:00:00.000Z,EUR/JPY,BUY,2024-09-11T15:02:00.000Z,2853,9.999999999999432
2024-09-11T15:00:00.000Z,AUD/JPY,BUY,2024-09-11T15:02:00.000Z,2853,12.899999999999068
2024-09-11T15:00:00.000Z,AUD/USD,BUY,2024-09-11T15:02:00.000Z,2853,12.799999999999478
2024-09-11T23:45:00.000Z,USD/JPY,SELL,2024-09-11T23:47:00.000Z,2853,9.999999999999432
2024-09-11T23:45:00.000Z,AUD/JPY,SELL,2024-09-11T23:47:00.000Z,2853,9.999999999999432
2024-09-12T01:00:00.000Z,USD/JPY,SELL,2024-09-12T01:02:00.000Z,2853,9.999999999999432
2024-09-12T01:00:00.000Z,EUR/JPY,SELL,2024-09-12T01:02:00.000Z,2853,9.999999999999432
2024-09-12T01:00:00.000Z,AUD/JPY,SELL,2024-09-12T01:02:00.000Z,2853,9.999999999999432
2024-09-12T06:15:00.000Z,EUR/USD,SELL,2024-09-12T06:17:00.000Z,2853,11.699999999998933
2024-09-12T13:45:00.000Z,EUR/USD,SELL,2024-09-12T13:47:00.000Z,2853,-54.6000000000002
2024-09-12T20:45:00.000Z,USD/JPY,BUY,2024-09-12T20:47:00.000Z,2853,-92.40000000000066
2024-09-12T21:45:00.000Z,AUD/USD,SELL,2024-09-12T21:47:00.000Z,2853,10.000000000000009
2024-09-12T22:30:00.000Z,EUR/USD,SELL,2024-09-12T22:32:00.000Z,2853,-8.700000000001484
2024-09-12T23:00:00.000Z,EUR/USD,SELL,2024-09-12T23:02:00.000Z,2853,-7.900000000000684
2024-09-12T23:30:00.000Z,AUD/USD,SELL,2024-09-12T23:32:00.000Z,2853,10.000000000000009
2024-09-13T00:00:00.000Z,AUD/USD,SELL,2024-09-13T00:02:00.000Z,2853,10.000000000000009
2024-09-13T00:30:00.000Z,AUD/USD,SELL,2024-09-13T00:32:00.000Z,2853,10.000000000000009
2024-09-13T00:45:00.000Z,EUR/JPY,BUY,2024-09-13T00:47:00.000Z,2853,17.099999999999227
2024-09-13T01:15:00.000Z,AUD/USD,SELL,2024-09-13T01:17:00.000Z,2853,10.499999999999954
2024-09-13T01:30:00.000Z,EUR/JPY,BUY,2024-09-13T01:32:00.000Z,2853,-59.79999999999848
2024-09-13T01:30:00.000Z,AUD/JPY,BUY,2024-09-13T01:32:00.000Z,2853,-59.99999999999943
2024-09-13T01:45:00.000Z,EUR/USD,SELL,2024-09-13T01:47:00.000Z,2853,1.8999999999991246
2024-09-13T02:45:00.000Z,EUR/USD,SELL,2024-09-13T02:47:00.000Z,2853,9.999999999998899
2024-09-13T03:00:00.000Z,EUR/JPY,BUY,2024-09-13T03:02:00.000Z,2853,9.999999999999432
2024-09-13T03:00:00.000Z,AUD/JPY,BUY,2024-09-13T03:02:00.000Z,2853,9.999999999999432
2024-09-13T04:00:00.000Z,USD/JPY,BUY,2024-09-13T04:02:00.000Z,2853,15.799999999998704
2024-09-13T04:00:00.000Z,EUR/JPY,BUY,2024-09-13T04:02:00.000Z,2853,15.199999999998681
2024-09-13T04:45:00.000Z,USD/JPY,BUY,2024-09-13T04:47:00.000Z,2853,9.999999999999432
2024-09-13T04:45:00.000Z,EUR/JPY,BUY,2024-09-13T04:47:00.000Z,2853,9.999999999999432
2024-09-13T08:30:00.000Z,AUD/JPY,BUY,2024-09-13T08:32:00.000Z,2853,-15.30000000000058
2024-09-13T11:00:00.000Z,AUD/JPY,BUY,2024-09-13T11:02:00.000Z,2853,10.099999999998488
2024-09-13T12:00:00.000Z,AUD/USD,BUY,2024-09-13T12:02:00.000Z,2853,10.000000000000009
2024-09-16T04:30:00.000Z,USD/JPY,BUY,2024-09-16T04:32:00.000Z,2854,10.099999999999909
2024-09-16T04:30:00.000Z,EUR/USD,SELL,2024-09-16T04:32:00.000Z,2854,-22.500000000000853
2024-09-16T04:45:00.000Z,AUD/USD,SELL,2024-09-16T04:47:00.000Z,2854,-17.09999999999989
2024-09-16T05:15:00.000Z,AUD/USD,SELL,2024-09-16T05:17:00.000Z,2854,-16.999999999999236
2024-09-16T07:30:00.000Z,EUR/USD,SELL,2024-09-16T07:32:00.000Z,2854,-11.900000000000244
2024-09-16T07:45:00.000Z,EUR/JPY,BUY,2024-09-16T07:47:00.000Z,2854,9.999999999999432
2024-09-16T07:45:00.000Z,AUD/JPY,BUY,2024-09-16T07:47:00.000Z,2854,0
2024-09-16T08:00:00.000Z,USD/JPY,BUY,2024-09-16T08:02:00.000Z,2854,9.999999999999432
2024-09-16T08:00:00.000Z,EUR/USD,SELL,2024-09-16T08:02:00.000Z,2854,-19.700000000000273
2024-09-16T09:45:00.000Z,EUR/USD,SELL,2024-09-16T09:47:00.000Z,2854,-14.300000000000423
2024-09-16T09:45:00.000Z,AUD/USD,SELL,2024-09-16T09:47:00.000Z,2854,-25.49999999999941
2024-09-16T11:00:00.000Z,AUD/USD,SELL,2024-09-16T11:02:00.000Z,2854,10.000000000000009
2024-09-16T12:15:00.000Z,AUD/USD,SELL,2024-09-16T12:17:00.000Z,2854,10.000000000000009
2024-09-16T12:45:00.000Z,AUD/USD,SELL,2024-09-16T12:47:00.000Z,2854,-8.599999999999719
2024-09-16T14:45:00.000Z,EUR/JPY,SELL,2024-09-16T14:47:00.000Z,2854,9.999999999999432
2024-09-16T16:15:00.000Z,AUD/JPY,SELL,2024-09-16T16:17:00.000Z,2854,9.999999999999432
2024-09-16T16:45:00.000Z,USD/JPY,SELL,2024-09-16T16:47:00.000Z,2854,9.999999999999432
2024-09-16T16:45:00.000Z,EUR/JPY,SELL,2024-09-16T16:47:00.000Z,2854,10.299999999998022
2024-09-16T16:45:00.000Z,AUD/JPY,SELL,2024-09-16T16:47:00.000Z,2854,9.999999999999432
2024-09-16T19:45:00.000Z,AUD/JPY,SELL,2024-09-16T19:47:00.000Z,2854,9.999999999999432
2024-09-16T23:00:00.000Z,AUD/JPY,SELL,2024-09-16T23:02:00.000Z,2854,9.999999999999432
2024-09-16T23:30:00.000Z,USD/JPY,SELL,2024-09-16T23:32:00.000Z,2854,12.999999999999545
2024-09-16T23:30:00.000Z,EUR/JPY,SELL,2024-09-16T23:32:00.000Z,2854,13.700000000000045
2024-09-16T23:30:00.000Z,AUD/JPY,SELL,2024-09-16T23:32:00.000Z,2854,12.199999999998568
2024-09-17T15:15:00.000Z,EUR/JPY,SELL,2024-09-17T15:17:00.000Z,2854,20.599999999998886
2024-09-17T16:00:00.000Z,EUR/JPY,SELL,2024-09-17T16:02:00.000Z,2854,12.399999999999523
2024-09-17T16:45:00.000Z,USD/JPY,SELL,2024-09-17T16:47:00.000Z,2854,9.999999999999432
2024-09-17T16:45:00.000Z,EUR/JPY,SELL,2024-09-17T16:47:00.000Z,2854,9.999999999999432
2024-09-17T16:45:00.000Z,AUD/JPY,SELL,2024-09-17T16:47:00.000Z,2854,9.999999999999432
2024-09-17T17:45:00.000Z,USD/JPY,SELL,2024-09-17T17:47:00.000Z,2854,9.999999999999432
2024-09-17T22:00:00.000Z,EUR/JPY,SELL,2024-09-17T22:02:00.000Z,2854,9.999999999999432
2024-09-17T22:15:00.000Z,USD/JPY,SELL,2024-09-17T22:17:00.000Z,2854,9.999999999999432
2024-09-17T22:15:00.000Z,AUD/JPY,SELL,2024-09-17T22:17:00.000Z,2854,9.999999999999432
2024-09-18T01:30:00.000Z,AUD/USD,SELL,2024-09-18T01:32:00.000Z,2854,10.000000000000009
2024-09-18T03:00:00.000Z,AUD/JPY,BUY,2024-09-18T03:02:00.000Z,2854,12.800000000000011
2024-09-18T03:45:00.000Z,USD/JPY,BUY,2024-09-18T03:47:00.000Z,2854,10.899999999998045
2024-09-18T05:15:00.000Z,EUR/JPY,BUY,2024-09-18T05:17:00.000Z,2854,11.099999999999
2024-09-18T05:15:00.000Z,AUD/JPY,BUY,2024-09-18T05:17:00.000Z,2854,11.199999999999477
2024-09-18T08:15:00.000Z,AUD/JPY,SELL,2024-09-18T08:17:00.000Z,2854,15.59999999999917
2024-09-18T08:15:00.000Z,AUD/USD,SELL,2024-09-18T08:17:00.000Z,2854,11.600000000000499
2024-09-18T10:15:00.000Z,EUR/USD,SELL,2024-09-18T10:17:00.000Z,2854,10.299999999998644
2024-09-18T11:15:00.000Z,AUD/USD,SELL,2024-09-18T11:17:00.000Z,2854,11.200000000000099
2024-09-18T12:00:00.000Z,AUD/USD,SELL,2024-09-18T12:02:00.000Z,2854,10.000000000000009
2024-09-18T12:30:00.000Z,AUD/JPY,SELL,2024-09-18T12:32:00.000Z,2854,11.099999999999
2024-09-18T16:15:00.000Z,AUD/USD,BUY,2024-09-18T16:17:00.000Z,2854,10.000000000000009
2024-09-18T18:45:00.000Z,EUR/USD,SELL,2024-09-18T18:47:00.000Z,2854,16.499999999999293
2024-09-18T18:45:00.000Z,AUD/USD,SELL,2024-09-18T18:47:00.000Z,2854,18.100000000000893
2024-09-18T19:00:00.000Z,USD/JPY,BUY,2024-09-18T19:02:00.000Z,2854,0
2024-09-19T01:00:00.000Z,AUD/JPY,SELL,2024-09-19T01:02:00.000Z,2854,-9.099999999999397
2024-09-19T02:00:00.000Z,EUR/USD,BUY,2024-09-19T02:02:00.000Z,2854,0
2024-09-19T02:30:00.000Z,USD/JPY,SELL,2024-09-19T02:32:00.000Z,2854,23.399999999998045
2024-09-19T02:30:00.000Z,EUR/JPY,SELL,2024-09-19T02:32:00.000Z,2854,21.4999999999975
2024-09-19T02:30:00.000Z,AUD/JPY,SELL,2024-09-19T02:32:00.000Z,2854,20.49999999999983
2024-09-19T03:00:00.000Z,AUD/JPY,SELL,2024-09-19T03:02:00.000Z,2854,13.299999999999557
2024-09-19T08:00:00.000Z,AUD/USD,SELL,2024-09-19T08:02:00.000Z,2854,11.399999999999189
2024-09-19T09:00:00.000Z,AUD/JPY,SELL,2024-09-19T09:02:00.000Z,2854,16.29999999999967
2024-09-19T11:00:00.000Z,EUR/JPY,SELL,2024-09-19T11:02:00.000Z,2854,9.999999999999432
2024-09-19T11:00:00.000Z,AUD/JPY,SELL,2024-09-19T11:02:00.000Z,2854,9.999999999999432
2024-09-19T11:00:00.000Z,EUR/USD,SELL,2024-09-19T11:02:00.000Z,2854,10.799999999999699
2024-09-19T11:15:00.000Z,AUD/USD,SELL,2024-09-19T11:17:00.000Z,2854,10.000000000000009
2024-09-20T01:45:00.000Z,AUD/JPY,BUY,2024-09-20T01:47:00.000Z,2854,9.999999999999432
2024-09-20T04:30:00.000Z,AUD/USD,SELL,2024-09-20T04:32:00.000Z,2854,10.000000000000009
2024-09-20T07:30:00.000Z,EUR/USD,SELL,2024-09-20T07:32:00.000Z,2854,9.999999999998899
2024-09-20T12:15:00.000Z,USD/JPY,SELL,2024-09-20T12:17:00.000Z,2854,9.999999999999432
2024-09-20T12:30:00.000Z,EUR/JPY,SELL,2024-09-20T12:32:00.000Z,2854,11.7999999999995
2024-09-20T12:30:00.000Z,AUD/JPY,SELL,2024-09-20T12:32:00.000Z,2854,13.999999999998636
2024-09-20T14:30:00.000Z,AUD/USD,BUY,2024-09-20T14:32:00.000Z,2854,10.000000000000009
2024-09-23T02:15:00.000Z,AUD/JPY,SELL,2024-09-23T02:17:00.000Z,2855,9.999999999999432
2024-09-23T03:45:00.000Z,AUD/USD,SELL,2024-09-23T03:47:00.000Z,2855,10.000000000000009
2024-09-23T04:00:00.000Z,AUD/JPY,SELL,2024-09-23T04:02:00.000Z,2855,9.999999999999432
2024-09-23T05:00:00.000Z,AUD/USD,SELL,2024-09-23T05:02:00.000Z,2855,10.000000000000009
2024-09-23T05:15:00.000Z,AUD/JPY,SELL,2024-09-23T05:17:00.000Z,2855,9.999999999999432
2024-09-23T08:00:00.000Z,USD/JPY,BUY,2024-09-23T08:02:00.000Z,2855,17.300000000000182
2024-09-23T09:00:00.000Z,USD/JPY,BUY,2024-09-23T09:02:00.000Z,2855,10.099999999999909
2024-09-23T09:00:00.000Z,AUD/JPY,BUY,2024-09-23T09:02:00.000Z,2855,9.999999999999432
2024-09-23T09:30:00.000Z,EUR/JPY,BUY,2024-09-23T09:32:00.000Z,2855,12.399999999999523
2024-09-23T09:30:00.000Z,EUR/USD,BUY,2024-09-23T09:32:00.000Z,2855,10.399999999999299
2024-09-23T10:00:00.000Z,EUR/JPY,BUY,2024-09-23T10:02:00.000Z,2855,9.999999999999432
2024-09-23T10:30:00.000Z,USD/JPY,BUY,2024-09-23T10:32:00.000Z,2855,9.999999999999432
2024-09-23T11:30:00.000Z,USD/JPY,BUY,2024-09-23T11:32:00.000Z,2855,9.999999999999432
2024-09-23T11:30:00.000Z,EUR/JPY,BUY,2024-09-23T11:32:00.000Z,2855,9.999999999999432
2024-09-23T14:30:00.000Z,AUD/JPY,SELL,2024-09-23T14:32:00.000Z,2855,9.999999999999432
2024-09-23T14:45:00.000Z,AUD/USD,SELL,2024-09-23T14:47:00.000Z,2855,10.599999999999499
2024-09-23T16:00:00.000Z,AUD/USD,SELL,2024-09-23T16:02:00.000Z,2855,10.000000000000009
2024-09-24T05:45:00.000Z,AUD/JPY,SELL,2024-09-24T05:47:00.000Z,2855,16.200000000000614
2024-09-24T05:45:00.000Z,AUD/USD,SELL,2024-09-24T05:47:00.000Z,2855,12.199999999999989
2024-09-24T06:15:00.000Z,EUR/JPY,SELL,2024-09-24T06:17:00.000Z,2855,9.999999999999432
2024-09-24T07:30:00.000Z,USD/JPY,SELL,2024-09-24T07:32:00.000Z,2855,9.999999999999432
2024-09-24T07:30:00.000Z,EUR/JPY,SELL,2024-09-24T07:32:00.000Z,2855,9.999999999999432
2024-09-24T08:45:00.000Z,EUR/JPY,SELL,2024-09-24T08:47:00.000Z,2855,9.999999999999432
2024-09-24T10:00:00.000Z,EUR/USD,SELL,2024-09-24T10:02:00.000Z,2855,11.599999999998278
2024-09-24T14:45:00.000Z,EUR/USD,SELL,2024-09-24T14:47:00.000Z,2855,-17.300000000000093
2024-09-24T20:15:00.000Z,AUD/USD,SELL,2024-09-24T20:17:00.000Z,2855,10.000000000000009
2024-09-24T21:00:00.000Z,AUD/USD,SELL,2024-09-24T21:10:00.000Z,2855,10.000000000000009
2024-09-24T23:30:00.000Z,EUR/USD,SELL,2024-09-24T23:32:00.000Z,2855,10.399999999999299
2024-09-24T23:30:00.000Z,AUD/USD,SELL,2024-09-24T23:32:00.000Z,2855,10.800000000000809
2024-09-25T00:15:00.000Z,USD/JPY,BUY,2024-09-25T00:17:00.000Z,2855,9.999999999999432
2024-09-25T00:15:00.000Z,AUD/USD,SELL,2024-09-25T00:17:00.000Z,2855,0
2024-09-25T00:30:00.000Z,EUR/USD,SELL,2024-09-25T00:32:00.000Z,2855,10.099999999999554
2024-09-25T01:15:00.000Z,EUR/USD,SELL,2024-09-25T01:17:00.000Z,2855,10.399999999997078
2024-09-25T02:45:00.000Z,EUR/JPY,SELL,2024-09-25T02:47:00.000Z,2855,13.700000000000045
2024-09-25T03:45:00.000Z,EUR/USD,SELL,2024-09-25T03:47:00.000Z,2855,9.999999999998899
2024-09-25T07:15:00.000Z,EUR/JPY,SELL,2024-09-25T07:17:00.000Z,2855,-98.599999999999
2024-09-25T09:00:00.000Z,USD/JPY,SELL,2024-09-25T09:02:00.000Z,2855,-85.80000000000041
2024-09-25T09:00:00.000Z,EUR/JPY,SELL,2024-09-25T09:02:00.000Z,2855,9.999999999999432
2024-09-25T10:15:00.000Z,USD/JPY,SELL,2024-09-25T10:17:00.000Z,2855,9.999999999999432
2024-09-25T10:15:00.000Z,EUR/JPY,SELL,2024-09-25T10:17:00.000Z,2855,11.099999999999
2024-09-25T11:30:00.000Z,AUD/JPY,SELL,2024-09-25T11:32:00.000Z,2855,10.099999999998488
2024-09-25T12:00:00.000Z,USD/JPY,SELL,2024-09-25T12:02:00.000Z,2855,9.999999999999432
2024-09-25T12:45:00.000Z,EUR/JPY,SELL,2024-09-25T12:47:00.000Z,2855,9.999999999999432
2024-09-25T13:30:00.000Z,EUR/USD,SELL,2024-09-25T13:32:00.000Z,2855,9.999999999998899
2024-09-25T18:00:00.000Z,AUD/JPY,BUY,2024-09-25T18:02:00.000Z,2855,9.999999999999432
2024-09-25T18:00:00.000Z,AUD/USD,BUY,2024-09-25T18:02:00.000Z,2855,10.199999999999099
2024-09-25T18:30:00.000Z,EUR/USD,BUY,2024-09-25T18:32:00.000Z,2855,9.999999999998899
2024-09-25T18:30:00.000Z,AUD/USD,BUY,2024-09-25T18:32:00.000Z,2855,11.399999999999189
2024-09-25T20:15:00.000Z,AUD/USD,BUY,2024-09-25T20:17:00.000Z,2855,10.000000000000009
2024-09-25T20:45:00.000Z,EUR/USD,BUY,2024-09-25T20:47:00.000Z,2855,9.999999999998899
2024-09-25T21:00:00.000Z,USD/JPY,SELL,2024-09-25T21:10:00.000Z,2855,9.999999999999432
2024-09-26T02:45:00.000Z,AUD/JPY,SELL,2024-09-26T02:47:00.000Z,2855,-61.7999999999995
2024-09-26T04:15:00.000Z,AUD/JPY,SELL,2024-09-26T04:17:00.000Z,2855,9.999999999999432
2024-09-26T06:00:00.000Z,AUD/JPY,SELL,2024-09-26T06:02:00.000Z,2855,12.099999999999511
2024-09-26T06:15:00.000Z,AUD/USD,SELL,2024-09-26T06:17:00.000Z,2855,-19.800000000000928
2024-09-26T07:00:00.000Z,EUR/USD,SELL,2024-09-26T07:02:00.000Z,2855,12.399999999999078
2024-09-26T07:30:00.000Z,EUR/USD,SELL,2024-09-26T07:32:00.000Z,2855,9.999999999998899
2024-09-26T07:30:00.000Z,AUD/USD,SELL,2024-09-26T07:32:00.000Z,2855,-16.69999999999949
2024-09-26T08:00:00.000Z,EUR/JPY,SELL,2024-09-26T08:02:00.000Z,2855,9.999999999999432
2024-09-26T08:00:00.000Z,AUD/JPY,SELL,2024-09-26T08:02:00.000Z,2855,9.999999999999432
2024-09-26T12:00:00.000Z,AUD/USD,SELL,2024-09-26T12:02:00.000Z,2855,10.000000000000009
2024-09-26T12:30:00.000Z,USD/JPY,BUY,2024-09-26T12:32:00.000Z,2855,-142.1999999999997
2024-09-26T12:45:00.000Z,AUD/USD,SELL,2024-09-26T12:47:00.000Z,2855,11.900000000000244
2024-09-26T16:00:00.000Z,EUR/USD,SELL,2024-09-26T16:02:00.000Z,2855,9.999999999998899
2024-09-26T23:45:00.000Z,EUR/JPY,SELL,2024-09-26T23:47:00.000Z,2855,9.999999999999432
2024-09-26T23:45:00.000Z,AUD/JPY,SELL,2024-09-26T23:47:00.000Z,2855,9.999999999999432
2024-09-27T01:45:00.000Z,USD/JPY,SELL,2024-09-27T01:47:00.000Z,2855,12.899999999999068
2024-09-27T01:45:00.000Z,EUR/JPY,SELL,2024-09-27T01:47:00.000Z,2855,13.2000000000005
2024-09-27T06:30:00.000Z,USD/JPY,SELL,2024-09-27T06:32:00.000Z,2855,9.999999999999432
2024-09-27T06:30:00.000Z,EUR/JPY,SELL,2024-09-27T06:32:00.000Z,2855,12.5
2024-09-27T06:30:00.000Z,AUD/JPY,SELL,2024-09-27T06:32:00.000Z,2855,9.999999999999432
2024-09-27T08:15:00.000Z,AUD/JPY,BUY,2024-09-27T08:17:00.000Z,2855,9.999999999999432
2024-09-27T08:30:00.000Z,USD/JPY,BUY,2024-09-27T08:32:00.000Z,2855,-127.40000000000009
2024-09-27T08:30:00.000Z,EUR/USD,BUY,2024-09-27T08:32:00.000Z,2855,11.399999999996968
2024-09-27T09:15:00.000Z,USD/JPY,BUY,2024-09-27T09:17:00.000Z,2855,9.999999999999432
2024-09-27T09:15:00.000Z,EUR/JPY,BUY,2024-09-27T09:17:00.000Z,2855,9.999999999999432
2024-09-27T13:15:00.000Z,USD/JPY,BUY,2024-09-27T13:17:00.000Z,2855,9.999999999999432
2024-09-27T13:30:00.000Z,EUR/USD,SELL,2024-09-27T13:32:00.000Z,2855,9.999999999998899
2024-09-27T15:15:00.000Z,AUD/USD,SELL,2024-09-27T15:17:00.000Z,2855,12.800000000000589
2024-09-30T05:30:00.000Z,USD/JPY,BUY,2024-09-30T05:32:00.000Z,2856,9.999999999999432
2024-09-30T05:30:00.000Z,EUR/JPY,BUY,2024-09-30T05:32:00.000Z,2856,9.999999999999432
2024-09-30T06:00:00.000Z,AUD/USD,SELL,2024-09-30T06:02:00.000Z,2856,11.499999999999844
2024-09-30T06:15:00.000Z,USD/JPY,BUY,2024-09-30T06:17:00.000Z,2856,15.200000000001523
2024-09-30T06:45:00.000Z,EUR/JPY,BUY,2024-09-30T06:47:00.000Z,2856,10.300000000000864
2024-09-30T09:15:00.000Z,EUR/JPY,SELL,2024-09-30T09:17:00.000Z,2856,16.19999999999777
2024-09-30T09:15:00.000Z,EUR/USD,SELL,2024-09-30T09:17:00.000Z,2856,10.299999999998644
2024-09-30T13:15:00.000Z,EUR/JPY,SELL,2024-09-30T13:17:00.000Z,2856,9.999999999999432
2024-09-30T14:15:00.000Z,USD/JPY,SELL,2024-09-30T14:17:00.000Z,2856,9.999999999999432
2024-09-30T14:15:00.000Z,AUD/JPY,SELL,2024-09-30T14:17:00.000Z,2856,10.39999999999992
2024-09-30T15:00:00.000Z,EUR/USD,BUY,2024-09-30T15:02:00.000Z,2856,-82.60000000000156
2024-09-30T15:30:00.000Z,AUD/JPY,SELL,2024-09-30T15:32:00.000Z,2856,9.999999999999432
2024-09-30T16:00:00.000Z,USD/JPY,SELL,2024-09-30T16:02:00.000Z,2856,9.999999999999432
2024-09-30T16:00:00.000Z,EUR/USD,BUY,2024-09-30T16:02:00.000Z,2856,10.499999999997733
2024-09-30T18:45:00.000Z,USD/JPY,SELL,2024-09-30T18:47:00.000Z,2856,12.899999999999068
2024-09-30T18:45:00.000Z,EUR/USD,BUY,2024-09-30T18:47:00.000Z,2856,10.299999999998644
2024-09-30T18:45:00.000Z,AUD/USD,BUY,2024-09-30T18:47:00.000Z,2856,10.000000000000009
2024-09-30T19:45:00.000Z,USD/JPY,SELL,2024-09-30T19:47:00.000Z,2856,9.999999999999432
2024-10-01T01:00:00.000Z,USD/JPY,SELL,2024-10-01T01:02:00.000Z,2856,12.499999999997158
2024-10-01T01:30:00.000Z,USD/JPY,SELL,2024-10-01T01:32:00.000Z,2856,9.999999999999432
2024-10-01T01:30:00.000Z,EUR/JPY,SELL,2024-10-01T01:32:00.000Z,2856,9.999999999999432
2024-10-01T01:30:00.000Z,AUD/JPY,SELL,2024-10-01T01:32:00.000Z,2856,13.599999999999568
2024-10-01T02:00:00.000Z,AUD/JPY,SELL,2024-10-01T02:02:00.000Z,2856,9.999999999999432
2024-10-01T05:00:00.000Z,USD/JPY,SELL,2024-10-01T05:02:00.000Z,2856,15.999999999999659
2024-10-01T05:45:00.000Z,EUR/JPY,SELL,2024-10-01T05:47:00.000Z,2856,9.999999999999432
2024-10-01T06:00:00.000Z,AUD/JPY,SELL,2024-10-01T06:02:00.000Z,2856,9.999999999999432
2024-10-01T06:30:00.000Z,AUD/JPY,SELL,2024-10-01T06:32:00.000Z,2856,9.999999999999432
2024-10-01T07:30:00.000Z,EUR/USD,BUY,2024-10-01T07:32:00.000Z,2856,-51.79999999999962
2024-10-01T08:30:00.000Z,EUR/USD,BUY,2024-10-01T08:32:00.000Z,2856,-32.09999999999935
2024-10-01T08:30:00.000Z,AUD/USD,BUY,2024-10-01T08:32:00.000Z,2856,-6.599999999999939
2024-10-01T10:00:00.000Z,EUR/JPY,BUY,2024-10-01T10:02:00.000Z,2856,9.999999999999432
2024-10-01T11:15:00.000Z,EUR/JPY,BUY,2024-10-01T11:17:00.000Z,2856,9.999999999999432
2024-10-01T11:15:00.000Z,EUR/USD,BUY,2024-10-01T11:17:00.000Z,2856,-17.300000000000093
2024-10-01T12:00:00.000Z,EUR/JPY,BUY,2024-10-01T12:02:00.000Z,2856,9.999999999999432
2024-10-01T13:15:00.000Z,EUR/USD,BUY,2024-10-01T13:17:00.000Z,2856,-17.300000000000093
2024-10-01T14:00:00.000Z,EUR/JPY,BUY,2024-10-01T14:02:00.000Z,2856,24.70000000000141
2024-10-01T14:00:00.000Z,AUD/JPY,BUY,2024-10-01T14:02:00.000Z,2856,17.900000000000205
2024-10-01T14:00:00.000Z,EUR/USD,BUY,2024-10-01T14:02:00.000Z,2856,9.999999999998899
2024-10-01T14:00:00.000Z,AUD/USD,BUY,2024-10-01T14:02:00.000Z,2856,10.000000000000009
2024-10-01T14:30:00.000Z,USD/JPY,BUY,2024-10-01T14:32:00.000Z,2856,21.599999999997976
2024-10-01T14:30:00.000Z,EUR/JPY,BUY,2024-10-01T14:32:00.000Z,2856,21.699999999998454
2024-10-01T14:30:00.000Z,AUD/JPY,BUY,2024-10-01T14:32:00.000Z,2856,19.299999999999784
2024-10-01T15:30:00.000Z,AUD/USD,BUY,2024-10-01T15:32:00.000Z,2856,10.699999999999044
2024-10-01T17:00:00.000Z,AUD/USD,BUY,2024-10-01T17:02:00.000Z,2856,10.000000000000009
2024-10-01T17:30:00.000Z,EUR/USD,BUY,2024-10-01T17:32:00.000Z,2856,9.999999999998899
2024-10-01T17:45:00.000Z,AUD/USD,BUY,2024-10-01T17:47:00.000Z,2856,10.000000000000009
2024-10-02T02:45:00.000Z,AUD/JPY,SELL,2024-10-02T02:47:00.000Z,2856,15.600000000000591
2024-10-02T02:45:00.000Z,AUD/USD,SELL,2024-10-02T02:47:00.000Z,2856,11.200000000000099
2024-10-02T03:30:00.000Z,AUD/JPY,SELL,2024-10-02T03:32:00.000Z,2856,9.999999999999432
2024-10-02T03:30:00.000Z,AUD/USD,SELL,2024-10-02T03:32:00.000Z,2856,10.000000000000009
2024-10-02T04:00:00.000Z,AUD/JPY,SELL,2024-10-02T04:02:00.000Z,2856,9.999999999999432
2024-10-02T11:15:00.000Z,USD/JPY,SELL,2024-10-02T11:17:00.000Z,2856,-227.19999999999914
2024-10-02T11:15:00.000Z,AUD/JPY,SELL,2024-10-02T11:17:00.000Z,2856,-72.50000000000085
2024-10-02T12:00:00.000Z,USD/JPY,SELL,2024-10-02T12:02:00.000Z,2856,-188.99999999999864
2024-10-02T12:00:00.000Z,EUR/JPY,SELL,2024-10-02T12:02:00.000Z,2856,-164.30000000000007
2024-10-02T12:00:00.000Z,AUD/JPY,SELL,2024-10-02T12:02:00.000Z,2856,-62.5
2024-10-02T13:45:00.000Z,AUD/JPY,SELL,2024-10-02T13:47:00.000Z,2856,-12.199999999999989
2024-10-02T14:30:00.000Z,AUD/JPY,SELL,2024-10-02T14:32:00.000Z,2856,0.30000000000001137
2024-10-02T15:30:00.000Z,EUR/USD,BUY,2024-10-02T15:32:00.000Z,2856,9.999999999998899
2024-10-02T16:45:00.000Z,AUD/JPY,SELL,2024-10-02T16:47:00.000Z,2856,10.299999999999443
2024-10-02T20:30:00.000Z,AUD/JPY,SELL,2024-10-02T20:32:00.000Z,2856,9.999999999999432
2024-10-02T21:15:00.000Z,USD/JPY,SELL,2024-10-02T21:17:00.000Z,2856,-56.100000000000705
2024-10-02T21:15:00.000Z,EUR/JPY,SELL,2024-10-02T21:17:00.000Z,2856,9.999999999999432
2024-10-02T21:15:00.000Z,AUD/JPY,SELL,2024-10-02T21:17:00.000Z,2856,9.999999999999432
2024-10-02T22:45:00.000Z,EUR/JPY,SELL,2024-10-02T22:47:00.000Z,2856,9.999999999999432
2024-10-02T23:30:00.000Z,USD/JPY,SELL,2024-10-02T23:32:00.000Z,2856,11.999999999997613
2024-10-02T23:30:00.000Z,EUR/JPY,SELL,2024-10-02T23:32:00.000Z,2856,11.7999999999995
2024-10-03T00:45:00.000Z,AUD/USD,BUY,2024-10-03T00:47:00.000Z,2856,-30.000000000000025
2024-10-03T01:30:00.000Z,USD/JPY,SELL,2024-10-03T01:32:00.000Z,2856,9.999999999999432
2024-10-03T01:30:00.000Z,EUR/JPY,SELL,2024-10-03T01:32:00.000Z,2856,9.999999999999432
2024-10-03T01:30:00.000Z,AUD/JPY,SELL,2024-10-03T01:32:00.000Z,2856,0
2024-10-03T02:00:00.000Z,AUD/USD,BUY,2024-10-03T02:02:00.000Z,2856,-24.199999999999775
2024-10-03T06:00:00.000Z,EUR/USD,BUY,2024-10-03T06:02:00.000Z,2856,9.999999999998899
2024-10-03T15:00:00.000Z,EUR/USD,BUY,2024-10-03T15:02:00.000Z,2856,9.999999999998899
2024-10-04T02:30:00.000Z,EUR/JPY,BUY,2024-10-04T02:32:00.000Z,2856,11.599999999998545
2024-10-04T03:15:00.000Z,USD/JPY,BUY,2024-10-04T03:17:00.000Z,2856,14.300000000000068
2024-10-04T05:15:00.000Z,AUD/JPY,BUY,2024-10-04T05:17:00.000Z,2856,11.7999999999995
2024-10-04T06:00:00.000Z,AUD/JPY,BUY,2024-10-04T06:02:00.000Z,2856,10.899999999999466
2024-10-04T06:45:00.000Z,USD/JPY,BUY,2024-10-04T06:47:00.000Z,2856,9.999999999999432
2024-10-04T06:45:00.000Z,EUR/JPY,BUY,2024-10-04T06:47:00.000Z,2856,9.999999999999432
2024-10-04T13:45:00.000Z,EUR/USD,BUY,2024-10-04T13:47:00.000Z,2856,-3.4000000000000696
2024-10-04T13:45:00.000Z,AUD/USD,BUY,2024-10-04T13:47:00.000Z,2856,-10.900000000000354
2024-10-04T14:00:00.000Z,AUD/JPY,SELL,2024-10-04T14:02:00.000Z,2856,-19.599999999999795
2024-10-04T14:15:00.000Z,AUD/USD,BUY,2024-10-04T14:17:00.000Z,2856,-12.799999999999478
2024-10-04T14:45:00.000Z,AUD/JPY,SELL,2024-10-04T14:47:00.000Z,2856,9.999999999999432
2024-10-04T15:45:00.000Z,AUD/USD,BUY,2024-10-04T15:47:00.000Z,2856,10.000000000000009
2024-10-04T16:15:00.000Z,AUD/JPY,SELL,2024-10-04T16:17:00.000Z,2856,-2.599999999999625
2024-10-04T16:45:00.000Z,EUR/USD,BUY,2024-10-04T16:47:00.000Z,2856,9.999999999998899
2024-10-04T18:00:00.000Z,AUD/JPY,SELL,2024-10-04T18:02:00.000Z,2856,5.299999999999727
2024-10-04T18:45:00.000Z,USD/JPY,SELL,2024-10-04T18:47:00.000Z,2856,2.7000000000015234
2024-10-04T19:15:00.000Z,USD/JPY,SELL,2024-10-04T19:17:00.000Z,2856,10.300000000000864
2024-10-04T20:00:00.000Z,EUR/JPY,SELL,2024-10-04T20:02:00.000Z,2856,0
2024-10-06T22:30:00.000Z,USD/JPY,SELL,2024-10-06T22:32:00.000Z,2857,9.999999999999432
2024-10-06T23:30:00.000Z,EUR/JPY,SELL,2024-10-06T23:32:00.000Z,2857,0
2024-10-07T08:00:00.000Z,AUD/JPY,BUY,2024-10-07T08:02:00.000Z,2857,9.999999999999432
2024-10-07T09:30:00.000Z,AUD/USD,BUY,2024-10-07T09:32:00.000Z,2857,10.000000000000009
2024-10-07T14:15:00.000Z,AUD/JPY,BUY,2024-10-07T14:17:00.000Z,2857,-63.10000000000002
2024-10-07T15:00:00.000Z,AUD/JPY,BUY,2024-10-07T15:02:00.000Z,2857,-43.600000000000705
2024-10-07T15:30:00.000Z,AUD/USD,BUY,2024-10-07T15:32:00.000Z,2857,-39.00000000000014
2024-10-07T16:30:00.000Z,AUD/JPY,BUY,2024-10-07T16:32:00.000Z,2857,-23.900000000000432
2024-10-07T16:30:00.000Z,AUD/USD,BUY,2024-10-07T16:32:00.000Z,2857,-17.199999999999438
2024-10-07T17:30:00.000Z,AUD/JPY,BUY,2024-10-07T17:32:00.000Z,2857,-16.800000000000637
2024-10-07T19:15:00.000Z,AUD/JPY,BUY,2024-10-07T19:17:00.000Z,2857,9.999999999999432
2024-10-07T19:15:00.000Z,AUD/USD,BUY,2024-10-07T19:17:00.000Z,2857,10.000000000000009
2024-10-07T23:15:00.000Z,USD/JPY,BUY,2024-10-07T23:17:00.000Z,2857,9.999999999999432
2024-10-07T23:15:00.000Z,EUR/JPY,BUY,2024-10-07T23:17:00.000Z,2857,9.999999999999432
2024-10-07T23:15:00.000Z,AUD/JPY,BUY,2024-10-07T23:17:00.000Z,2857,9.999999999999432
2024-10-08T02:45:00.000Z,AUD/USD,BUY,2024-10-08T02:47:00.000Z,2857,11.100000000000554
2024-10-08T03:15:00.000Z,AUD/JPY,BUY,2024-10-08T03:17:00.000Z,2857,9.999999999999432
2024-10-08T20:30:00.000Z,AUD/JPY,SELL,2024-10-08T20:32:00.000Z,2857,9.999999999999432
2024-10-09T00:30:00.000Z,EUR/JPY,BUY,2024-10-09T00:32:00.000Z,2857,9.999999999999432
2024-10-09T00:30:00.000Z,AUD/JPY,BUY,2024-10-09T00:32:00.000Z,2857,9.999999999999432
2024-10-09T05:15:00.000Z,EUR/USD,BUY,2024-10-09T05:17:00.000Z,2857,-29.90000000000048
2024-10-09T06:15:00.000Z,USD/JPY,SELL,2024-10-09T06:17:00.000Z,2857,10.699999999999932
2024-10-09T07:30:00.000Z,EUR/USD,BUY,2024-10-09T07:32:00.000Z,2857,9.999999999998899
2024-10-09T14:00:00.000Z,AUD/USD,BUY,2024-10-09T14:02:00.000Z,2857,10.200000000000209
2024-10-09T15:00:00.000Z,AUD/USD,BUY,2024-10-09T15:02:00.000Z,2857,10.000000000000009
2024-10-09T16:45:00.000Z,USD/JPY,SELL,2024-10-09T16:47:00.000Z,2857,11.7999999999995
2024-10-10T05:15:00.000Z,AUD/USD,SELL,2024-10-10T05:17:00.000Z,2857,10.000000000000009
2024-10-10T05:30:00.000Z,AUD/JPY,SELL,2024-10-10T05:32:00.000Z,2857,9.999999999999432
2024-10-10T10:00:00.000Z,EUR/JPY,BUY,2024-10-10T10:02:00.000Z,2857,9.999999999999432
2024-10-10T10:00:00.000Z,AUD/JPY,BUY,2024-10-10T10:02:00.000Z,2857,9.999999999999432
2024-10-10T11:00:00.000Z,EUR/JPY,BUY,2024-10-10T11:02:00.000Z,2857,9.999999999999432
2024-10-10T12:00:00.000Z,AUD/USD,BUY,2024-10-10T12:02:00.000Z,2857,11.600000000000499
2024-10-10T12:45:00.000Z,AUD/JPY,BUY,2024-10-10T12:47:00.000Z,2857,10.999999999998522
2024-10-10T13:30:00.000Z,USD/JPY,BUY,2024-10-10T13:32:00.000Z,2857,9.999999999999432
2024-10-10T13:30:00.000Z,EUR/JPY,BUY,2024-10-10T13:32:00.000Z,2857,9.999999999999432
2024-10-10T14:00:00.000Z,AUD/JPY,BUY,2024-10-10T14:02:00.000Z,2857,12.600000000000477
2024-10-10T14:30:00.000Z,USD/JPY,BUY,2024-10-10T14:32:00.000Z,2857,15.500000000000114
2024-10-10T14:45:00.000Z,EUR/JPY,BUY,2024-10-10T14:47:00.000Z,2857,10.799999999997567
2024-10-10T15:45:00.000Z,EUR/JPY,BUY,2024-10-10T15:47:00.000Z,2857,11.099999999999
2024-10-10T17:30:00.000Z,EUR/USD,BUY,2024-10-10T17:32:00.000Z,2857,0
2024-10-11T07:00:00.000Z,AUD/USD,BUY,2024-10-11T07:02:00.000Z,2857,10.000000000000009
2024-10-11T09:00:00.000Z,EUR/USD,SELL,2024-10-11T09:02:00.000Z,2857,10.999999999998789
2024-10-11T11:30:00.000Z,USD/JPY,SELL,2024-10-11T11:32:00.000Z,2857,12.999999999999545
2024-10-11T13:00:00.000Z,USD/JPY,SELL,2024-10-11T13:02:00.000Z,2857,9.999999999999432
2024-10-11T15:15:00.000Z,EUR/JPY,SELL,2024-10-11T15:17:00.000Z,2857,12.000000000000455
2024-10-11T16:00:00.000Z,AUD/USD,SELL,2024-10-11T16:02:00.000Z,2857,1.5999999999993797
2024-10-11T16:15:00.000Z,AUD/JPY,SELL,2024-10-11T16:17:00.000Z,2857,-3.100000000000591
2024-10-11T16:45:00.000Z,AUD/USD,SELL,2024-10-11T16:47:00.000Z,2857,2.9999999999996696
2024-10-13T23:30:00.000Z,USD/JPY,SELL,2024-10-13T23:32:00.000Z,2858,-41.799999999997794
2024-10-14T00:00:00.000Z,AUD/JPY,BUY,2024-10-14T00:02:00.000Z,2858,9.999999999999432
2024-10-14T00:00:00.000Z,AUD/USD,BUY,2024-10-14T00:02:00.000Z,2858,10.000000000000009
2024-10-14T00:30:00.000Z,EUR/USD,BUY,2024-10-14T00:32:00.000Z,2858,9.999999999998899
2024-10-14T08:30:00.000Z,USD/JPY,SELL,2024-10-14T08:32:00.000Z,2858,9.999999999999432
2024-10-14T08:30:00.000Z,EUR/JPY,SELL,2024-10-14T08:32:00.000Z,2858,9.999999999999432
2024-10-14T11:45:00.000Z,AUD/USD,BUY,2024-10-14T11:47:00.000Z,2858,10.300000000000864
2024-10-14T12:30:00.000Z,EUR/USD,BUY,2024-10-14T12:32:00.000Z,2858,10.599999999998388
2024-10-14T13:15:00.000Z,EUR/USD,BUY,2024-10-14T13:17:00.000Z,2858,13.499999999999623
2024-10-14T13:45:00.000Z,USD/JPY,SELL,2024-10-14T13:47:00.000Z,2858,9.999999999999432
2024-10-14T13:45:00.000Z,AUD/USD,BUY,2024-10-14T13:47:00.000Z,2858,10.000000000000009
2024-10-14T14:45:00.000Z,AUD/JPY,SELL,2024-10-14T14:47:00.000Z,2858,12.800000000000011
2024-10-14T15:00:00.000Z,USD/JPY,SELL,2024-10-14T15:02:00.000Z,2858,9.999999999999432
2024-10-14T17:15:00.000Z,USD/JPY,SELL,2024-10-14T17:17:00.000Z,2858,9.999999999999432
2024-10-14T17:45:00.000Z,EUR/USD,BUY,2024-10-14T17:47:00.000Z,2858,10.199999999997988
2024-10-15T01:45:00.000Z,USD/JPY,BUY,2024-10-15T01:47:00.000Z,2858,14.699999999999136
2024-10-15T02:00:00.000Z,EUR/JPY,BUY,2024-10-15T02:02:00.000Z,2858,-78.70000000000061
2024-10-15T05:45:00.000Z,AUD/JPY,BUY,2024-10-15T05:47:00.000Z,2858,-29.20000000000016
2024-10-15T05:45:00.000Z,AUD/USD,BUY,2024-10-15T05:47:00.000Z,2858,10.900000000000354
2024-10-15T06:00:00.000Z,EUR/JPY,BUY,2024-10-15T06:02:00.000Z,2858,-36.69999999999902
2024-10-15T06:00:00.000Z,EUR/USD,BUY,2024-10-15T06:02:00.000Z,2858,13.099999999999223
2024-10-15T06:30:00.000Z,EUR/USD,BUY,2024-10-15T06:32:00.000Z,2858,9.999999999998899
2024-10-15T07:45:00.000Z,USD/JPY,BUY,2024-10-15T07:47:00.000Z,2858,10.599999999999454
2024-10-15T07:45:00.000Z,EUR/JPY,BUY,2024-10-15T07:47:00.000Z,2858,9.999999999999432
2024-10-15T08:30:00.000Z,USD/JPY,BUY,2024-10-15T08:32:00.000Z,2858,10.499999999998977
2024-10-15T08:30:00.000Z,AUD/JPY,BUY,2024-10-15T08:32:00.000Z,2858,10.899999999999466
2024-10-15T10:15:00.000Z,USD/JPY,BUY,2024-10-15T10:17:00.000Z,2858,9.999999999999432
2024-10-15T17:45:00.000Z,EUR/USD,BUY,2024-10-15T17:47:00.000Z,2858,9.999999999998899
2024-10-16T00:15:00.000Z,EUR/JPY,BUY,2024-10-16T00:17:00.000Z,2858,9.999999999999432
2024-10-16T00:45:00.000Z,AUD/JPY,BUY,2024-10-16T00:47:00.000Z,2858,12.899999999999068
2024-10-16T00:45:00.000Z,AUD/USD,BUY,2024-10-16T00:47:00.000Z,2858,12.199999999999989
2024-10-16T15:00:00.000Z,AUD/USD,BUY,2024-10-16T15:02:00.000Z,2858,10.000000000000009
2024-10-16T16:30:00.000Z,AUD/USD,BUY,2024-10-16T16:32:00.000Z,2858,10.000000000000009
2024-10-16T19:45:00.000Z,EUR/USD,BUY,2024-10-16T19:47:00.000Z,2858,10.999999999998789
2024-10-17T00:30:00.000Z,EUR/JPY,BUY,2024-10-17T00:32:00.000Z,2858,9.999999999999432
2024-10-17T02:30:00.000Z,AUD/JPY,SELL,2024-10-17T02:32:00.000Z,2858,9.999999999999432
2024-10-17T02:45:00.000Z,AUD/USD,SELL,2024-10-17T02:47:00.000Z,2858,12.099999999999334
2024-10-17T03:00:00.000Z,EUR/JPY,BUY,2024-10-17T03:02:00.000Z,2858,9.999999999999432
2024-10-17T09:00:00.000Z,USD/JPY,SELL,2024-10-17T09:02:00.000Z,2858,9.999999999999432
2024-10-17T13:00:00.000Z,USD/JPY,SELL,2024-10-17T13:02:00.000Z,2858,14.300000000000068
2024-10-17T13:45:00.000Z,EUR/JPY,BUY,2024-10-17T13:47:00.000Z,2858,9.999999999999432
2024-10-17T13:45:00.000Z,EUR/USD,BUY,2024-10-17T13:47:00.000Z,2858,12.099999999999334
2024-10-17T16:30:00.000Z,USD/JPY,SELL,2024-10-17T16:32:00.000Z,2858,9.999999999999432
2024-10-17T17:30:00.000Z,AUD/JPY,SELL,2024-10-17T17:32:00.000Z,2858,10.899999999999466
2024-10-17T18:15:00.000Z,AUD/JPY,SELL,2024-10-17T18:17:00.000Z,2858,11.700000000000443
2024-10-18T13:45:00.000Z,EUR/USD,SELL,2024-10-18T13:47:00.000Z,2858,-14.400000000001079
2024-10-18T16:30:00.000Z,AUD/JPY,BUY,2024-10-18T16:32:00.000Z,2858,-0.7000000000005002
2024-10-18T17:00:00.000Z,AUD/JPY,BUY,2024-10-18T17:02:00.000Z,2858,-1.2000000000000455
2024-10-18T17:15:00.000Z,USD/JPY,BUY,2024-10-18T17:17:00.000Z,2858,0.49999999999954525
2024-10-21T02:00:00.000Z,USD/JPY,BUY,2024-10-21T02:02:00.000Z,2859,9.999999999999432
2024-10-21T02:15:00.000Z,EUR/JPY,BUY,2024-10-21T02:17:00.000Z,2859,10.499999999998977
2024-10-21T07:15:00.000Z,EUR/USD,BUY,2024-10-21T07:17:00.000Z,2859,-26.599999999998847
2024-10-21T07:15:00.000Z,AUD/USD,BUY,2024-10-21T07:17:00.000Z,2859,-3.8000000000004697
2024-10-21T07:45:00.000Z,USD/JPY,SELL,2024-10-21T07:47:00.000Z,2859,-120.60000000000173
2024-10-21T07:45:00.000Z,EUR/JPY,SELL,2024-10-21T07:47:00.000Z,2859,-111.89999999999998
2024-10-21T08:15:00.000Z,EUR/USD,BUY,2024-10-21T08:17:00.000Z,2859,-17.199999999999438
2024-10-21T10:15:00.000Z,AUD/USD,BUY,2024-10-21T10:17:00.000Z,2859,10.299999999999754
2024-10-21T10:30:00.000Z,EUR/JPY,SELL,2024-10-21T10:32:00.000Z,2859,-52.599999999998204
2024-10-21T10:45:00.000Z,USD/JPY,SELL,2024-10-21T10:47:00.000Z,2859,9.999999999999432
2024-10-21T10:45:00.000Z,AUD/USD,BUY,2024-10-21T10:47:00.000Z,2859,10.000000000000009
2024-10-21T12:30:00.000Z,EUR/JPY,SELL,2024-10-21T12:32:00.000Z,2859,-53.299999999998704
2024-10-21T15:15:00.000Z,USD/JPY,SELL,2024-10-21T15:17:00.000Z,2859,-70.09999999999934
2024-10-21T17:15:00.000Z,AUD/USD,BUY,2024-10-21T17:17:00.000Z,2859,10.400000000000409
2024-10-21T18:00:00.000Z,EUR/JPY,SELL,2024-10-21T18:02:00.000Z,2859,9.999999999999432
2024-10-21T18:30:00.000Z,EUR/JPY,SELL,2024-10-21T18:32:00.000Z,2859,9.999999999999432
2024-10-21T19:15:00.000Z,AUD/USD,BUY,2024-10-21T19:17:00.000Z,2859,10.000000000000009
2024-10-21T20:00:00.000Z,EUR/USD,BUY,2024-10-21T20:02:00.000Z,2859,9.999999999998899
2024-10-21T21:15:00.000Z,USD/JPY,SELL,2024-10-21T21:17:00.000Z,2859,9.999999999999432
2024-10-22T04:00:00.000Z,USD/JPY,SELL,2024-10-22T04:02:00.000Z,2859,13.300000000000978
2024-10-22T04:30:00.000Z,USD/JPY,SELL,2024-10-22T04:32:00.000Z,2859,9.999999999999432
2024-10-22T04:30:00.000Z,EUR/JPY,SELL,2024-10-22T04:32:00.000Z,2859,10.300000000000864
2024-10-22T06:00:00.000Z,AUD/JPY,SELL,2024-10-22T06:02:00.000Z,2859,-78.90000000000015
2024-10-22T06:00:00.000Z,AUD/USD,SELL,2024-10-22T06:02:00.000Z,2859,12.500000000000844
2024-10-22T08:15:00.000Z,EUR/JPY,SELL,2024-10-22T08:17:00.000Z,2859,9.999999999999432
2024-10-22T08:30:00.000Z,EUR/USD,SELL,2024-10-22T08:32:00.000Z,2859,9.999999999998899
2024-10-23T00:45:00.000Z,EUR/JPY,SELL,2024-10-23T00:47:00.000Z,2859,-126.10000000000241
2024-10-23T00:45:00.000Z,AUD/JPY,SELL,2024-10-23T00:47:00.000Z,2859,10.69999999999851
2024-10-23T01:45:00.000Z,AUD/USD,BUY,2024-10-23T01:47:00.000Z,2859,-33.800000000000495
2024-10-23T02:30:00.000Z,AUD/JPY,SELL,2024-10-23T02:32:00.000Z,2859,9.999999999999432
2024-10-23T03:30:00.000Z,AUD/JPY,SELL,2024-10-23T03:32:00.000Z,2859,9.999999999999432
2024-10-23T05:30:00.000Z,AUD/JPY,SELL,2024-10-23T05:32:00.000Z,2859,11.099999999999
2024-10-23T06:30:00.000Z,EUR/JPY,SELL,2024-10-23T06:32:00.000Z,2859,9.999999999999432
2024-10-23T07:00:00.000Z,EUR/JPY,SELL,2024-10-23T07:02:00.000Z,2859,9.999999999999432
2024-10-23T07:15:00.000Z,AUD/USD,BUY,2024-10-23T07:17:00.000Z,2859,-10.499999999999954
2024-10-23T07:45:00.000Z,EUR/JPY,SELL,2024-10-23T07:47:00.000Z,2859,13.999999999998636
2024-10-23T08:45:00.000Z,EUR/USD,BUY,2024-10-23T08:47:00.000Z,2859,9.999999999998899
2024-10-23T09:00:00.000Z,USD/JPY,SELL,2024-10-23T09:02:00.000Z,2859,11.999999999997613
2024-10-23T10:30:00.000Z,EUR/JPY,SELL,2024-10-23T10:32:00.000Z,2859,11.299999999999955
2024-10-23T11:45:00.000Z,EUR/JPY,SELL,2024-10-23T11:47:00.000Z,2859,9.999999999999432
2024-10-23T12:45:00.000Z,EUR/USD,BUY,2024-10-23T12:47:00.000Z,2859,9.999999999998899
2024-10-23T13:15:00.000Z,USD/JPY,SELL,2024-10-23T13:17:00.000Z,2859,9.999999999999432
2024-10-23T13:15:00.000Z,EUR/JPY,SELL,2024-10-23T13:17:00.000Z,2859,9.999999999999432
2024-10-23T13:30:00.000Z,AUD/USD,BUY,2024-10-23T13:32:00.000Z,2859,10.000000000000009
2024-10-23T14:15:00.000Z,USD/JPY,SELL,2024-10-23T14:17:00.000Z,2859,9.999999999999432
2024-10-23T16:00:00.000Z,AUD/USD,BUY,2024-10-23T16:02:00.000Z,2859,10.600000000000609
2024-10-23T16:45:00.000Z,AUD/USD,BUY,2024-10-23T16:47:00.000Z,2859,10.100000000000664
2024-10-23T18:30:00.000Z,AUD/USD,BUY,2024-10-23T18:32:00.000Z,2859,10.000000000000009
2024-10-23T18:45:00.000Z,AUD/JPY,BUY,2024-10-23T18:47:00.000Z,2859,9.999999999999432
2024-10-24T03:45:00.000Z,AUD/USD,SELL,2024-10-24T03:47:00.000Z,2859,10.100000000000664
2024-10-24T05:15:00.000Z,USD/JPY,BUY,2024-10-24T05:17:00.000Z,2859,9.999999999999432
2024-10-24T07:15:00.000Z,EUR/JPY,BUY,2024-10-24T07:17:00.000Z,2859,37.80000000000143
2024-10-24T07:30:00.000Z,AUD/USD,SELL,2024-10-24T07:32:00.000Z,2859,13.699999999999823
2024-10-24T08:00:00.000Z,AUD/USD,SELL,2024-10-24T08:02:00.000Z,2859,10.699999999999044
2024-10-24T10:00:00.000Z,USD/JPY,BUY,2024-10-24T10:02:00.000Z,2859,12.199999999998568
2024-10-24T14:45:00.000Z,AUD/USD,BUY,2024-10-24T14:47:00.000Z,2859,-1.7999999999995797
2024-10-24T15:30:00.000Z,AUD/JPY,BUY,2024-10-24T15:32:00.000Z,2859,12.399999999999523
2024-10-24T16:30:00.000Z,AUD/USD,BUY,2024-10-24T16:32:00.000Z,2859,10.000000000000009
2024-10-24T16:45:00.000Z,AUD/JPY,BUY,2024-10-24T16:47:00.000Z,2859,9.999999999999432
2024-10-24T18:00:00.000Z,EUR/USD,SELL,2024-10-24T18:02:00.000Z,2859,9.999999999998899
2024-10-24T20:15:00.000Z,EUR/USD,SELL,2024-10-24T20:17:00.000Z,2859,9.999999999998899
2024-10-25T05:30:00.000Z,EUR/JPY,BUY,2024-10-25T05:32:00.000Z,2859,9.999999999999432
2024-10-25T05:30:00.000Z,AUD/JPY,BUY,2024-10-25T05:32:00.000Z,2859,9.999999999999432
2024-10-25T08:45:00.000Z,EUR/USD,SELL,2024-10-25T08:47:00.000Z,2859,9.999999999998899
2024-10-25T13:45:00.000Z,AUD/JPY,SELL,2024-10-25T13:47:00.000Z,2859,12.5
2024-10-25T13:45:00.000Z,AUD/USD,SELL,2024-10-25T13:47:00.000Z,2859,10.000000000000009
2024-10-25T17:30:00.000Z,EUR/USD,BUY,2024-10-25T17:32:00.000Z,2859,-10.699999999999044
2024-10-25T18:00:00.000Z,AUD/JPY,BUY,2024-10-25T18:02:00.000Z,2859,11.699999999999022
2024-10-25T18:30:00.000Z,AUD/USD,BUY,2024-10-25T18:32:00.000Z,2859,-3.7999999999993594
2024-10-25T18:45:00.000Z,EUR/USD,BUY,2024-10-25T18:47:00.000Z,2859,-9.799999999999809
2024-10-25T19:45:00.000Z,AUD/USD,BUY,2024-10-25T19:47:00.000Z,2859,-1.7999999999995797
2024-10-25T20:15:00.000Z,EUR/USD,BUY,2024-10-25T20:17:00.000Z,2859,0
2024-10-27T22:30:00.000Z,EUR/USD,BUY,2024-10-27T22:32:00.000Z,2860,9.999999999998899
2024-10-27T22:45:00.000Z,EUR/JPY,SELL,2024-10-27T22:47:00.000Z,2860,9.999999999999432
2024-10-27T22:45:00.000Z,AUD/JPY,SELL,2024-10-27T22:47:00.000Z,2860,9.999999999999432
2024-10-27T23:15:00.000Z,USD/JPY,SELL,2024-10-27T23:17:00.000Z,2860,17.00000000000159
2024-10-28T00:45:00.000Z,AUD/JPY,SELL,2024-10-28T00:47:00.000Z,2860,15.999999999999659
2024-10-28T02:15:00.000Z,AUD/JPY,SELL,2024-10-28T02:17:00.000Z,2860,10.099999999999909
2024-10-28T02:45:00.000Z,USD/JPY,SELL,2024-10-28T02:47:00.000Z,2860,10.499999999998977
2024-10-28T02:45:00.000Z,EUR/JPY,SELL,2024-10-28T02:47:00.000Z,2860,10.599999999999454
2024-10-28T04:15:00.000Z,EUR/USD,BUY,2024-10-28T04:17:00.000Z,2860,11.299999999998533
2024-10-28T04:45:00.000Z,AUD/USD,BUY,2024-10-28T04:47:00.000Z,2860,10.000000000000009
2024-10-28T09:30:00.000Z,EUR/USD,SELL,2024-10-28T09:32:00.000Z,2860,-9.300000000000974
2024-10-28T11:00:00.000Z,EUR/JPY,BUY,2024-10-28T11:02:00.000Z,2860,9.999999999999432
2024-10-28T11:15:00.000Z,AUD/JPY,BUY,2024-10-28T11:17:00.000Z,2860,9.999999999999432
2024-10-28T11:30:00.000Z,USD/JPY,BUY,2024-10-28T11:32:00.000Z,2860,16.899999999998272
2024-10-28T12:30:00.000Z,EUR/USD,SELL,2024-10-28T12:32:00.000Z,2860,11.099999999999444
2024-10-28T16:15:00.000Z,AUD/USD,BUY,2024-10-28T16:17:00.000Z,2860,-29.000000000000135
2024-10-28T17:30:00.000Z,AUD/USD,BUY,2024-10-28T17:32:00.000Z,2860,-31.30000000000077
2024-10-28T18:30:00.000Z,AUD/USD,BUY,2024-10-28T18:32:00.000Z,2860,-25.89999999999981
2024-10-29T00:30:00.000Z,AUD/JPY,BUY,2024-10-29T00:32:00.000Z,2860,11.199999999999477
2024-10-29T01:30:00.000Z,AUD/JPY,BUY,2024-10-29T01:32:00.000Z,2860,11.7999999999995
2024-10-29T04:15:00.000Z,AUD/USD,BUY,2024-10-29T04:17:00.000Z,2860,11.499999999999844
2024-10-29T05:30:00.000Z,AUD/USD,BUY,2024-10-29T05:32:00.000Z,2860,10.000000000000009
2024-10-29T05:45:00.000Z,EUR/JPY,BUY,2024-10-29T05:47:00.000Z,2860,9.999999999999432
2024-10-29T06:15:00.000Z,AUD/JPY,BUY,2024-10-29T06:17:00.000Z,2860,9.999999999999432
2024-10-29T09:00:00.000Z,AUD/JPY,SELL,2024-10-29T09:02:00.000Z,2860,10.199999999998965
2024-10-29T10:00:00.000Z,EUR/JPY,SELL,2024-10-29T10:02:00.000Z,2860,9.999999999999432
2024-10-29T13:00:00.000Z,AUD/USD,BUY,2024-10-29T13:02:00.000Z,2860,11.099999999999444
2024-10-29T13:30:00.000Z,USD/JPY,SELL,2024-10-29T13:32:00.000Z,2860,9.999999999999432
2024-10-29T14:00:00.000Z,EUR/USD,BUY,2024-10-29T14:02:00.000Z,2860,9.999999999998899
2024-10-29T14:00:00.000Z,AUD/USD,BUY,2024-10-29T14:02:00.000Z,2860,10.000000000000009
2024-10-30T04:30:00.000Z,AUD/USD,BUY,2024-10-30T04:32:00.000Z,2860,10.000000000000009
2024-10-30T04:45:00.000Z,AUD/JPY,BUY,2024-10-30T04:47:00.000Z,2860,9.999999999999432
2024-10-30T09:00:00.000Z,EUR/USD,SELL,2024-10-30T09:02:00.000Z,2860,27.399999999999647
2024-10-30T09:15:00.000Z,USD/JPY,BUY,2024-10-30T09:17:00.000Z,2860,9.999999999999432
2024-10-30T09:30:00.000Z,AUD/USD,SELL,2024-10-30T09:32:00.000Z,2860,10.999999999999899
2024-10-30T10:45:00.000Z,AUD/USD,SELL,2024-10-30T10:47:00.000Z,2860,10.000000000000009
2024-10-30T14:30:00.000Z,AUD/USD,SELL,2024-10-30T14:32:00.000Z,2860,10.000000000000009
2024-10-30T16:00:00.000Z,EUR/JPY,SELL,2024-10-30T16:02:00.000Z,2860,9.999999999999432
2024-10-31T03:45:00.000Z,EUR/JPY,BUY,2024-10-31T03:47:00.000Z,2860,15.600000000000591
2024-10-31T04:45:00.000Z,USD/JPY,BUY,2024-10-31T04:47:00.000Z,2860,11.7999999999995
2024-10-31T04:45:00.000Z,AUD/JPY,BUY,2024-10-31T04:47:00.000Z,2860,10.999999999998522
2024-10-31T05:00:00.000Z,EUR/JPY,BUY,2024-10-31T05:02:00.000Z,2860,11.699999999999022
2024-10-31T07:45:00.000Z,USD/JPY,BUY,2024-10-31T07:47:00.000Z,2860,9.999999999999432
2024-10-31T07:45:00.000Z,EUR/JPY,BUY,2024-10-31T07:47:00.000Z,2860,9.999999999999432
2024-10-31T07:45:00.000Z,AUD/JPY,BUY,2024-10-31T07:47:00.000Z,2860,9.999999999999432
2024-10-31T08:00:00.000Z,EUR/USD,SELL,2024-10-31T08:02:00.000Z,2860,9.999999999998899
2024-10-31T08:45:00.000Z,USD/JPY,BUY,2024-10-31T08:47:00.000Z,2860,9.999999999999432
2024-10-31T08:45:00.000Z,EUR/JPY,BUY,2024-10-31T08:47:00.000Z,2860,9.999999999999432
2024-10-31T08:45:00.000Z,AUD/JPY,BUY,2024-10-31T08:47:00.000Z,2860,9.999999999999432
2024-10-31T10:45:00.000Z,EUR/USD,SELL,2024-10-31T10:47:00.000Z,2860,11.399999999999189
2024-10-31T14:00:00.000Z,EUR/USD,SELL,2024-10-31T14:02:00.000Z,2860,11.900000000000244
2024-10-31T14:15:00.000Z,AUD/USD,BUY,2024-10-31T14:17:00.000Z,2860,10.000000000000009
2024-10-31T15:30:00.000Z,AUD/USD,BUY,2024-10-31T15:32:00.000Z,2860,10.000000000000009
2024-10-31T16:15:00.000Z,AUD/JPY,BUY,2024-10-31T16:17:00.000Z,2860,12.199999999999989
2024-10-31T18:30:00.000Z,USD/JPY,BUY,2024-10-31T18:32:00.000Z,2860,9.999999999999432
2024-10-31T21:30:00.000Z,AUD/USD,SELL,2024-10-31T21:32:00.000Z,2860,10.000000000000009
2024-11-01T07:00:00.000Z,AUD/USD,BUY,2024-11-01T07:02:00.000Z,2860,11.800000000000699
2024-11-01T08:45:00.000Z,EUR/USD,BUY,2024-11-01T08:47:00.000Z,2860,9.999999999998899
2024-11-01T11:00:00.000Z,EUR/USD,BUY,2024-11-01T11:02:00.000Z,2860,9.999999999998899
2024-11-01T13:00:00.000Z,USD/JPY,BUY,2024-11-01T13:02:00.000Z,2860,9.999999999999432
2024-11-01T13:00:00.000Z,EUR/USD,SELL,2024-11-01T13:02:00.000Z,2860,10.200000000000209
2024-11-01T13:00:00.000Z,AUD/USD,SELL,2024-11-01T13:02:00.000Z,2860,10.000000000000009
2024-11-01T15:30:00.000Z,AUD/JPY,SELL,2024-11-01T15:32:00.000Z,2860,11.7999999999995
2024-11-01T16:15:00.000Z,AUD/JPY,SELL,2024-11-01T16:17:00.000Z,2860,9.999999999999432
2024-11-03T22:30:00.000Z,EUR/USD,SELL,2024-11-03T22:32:00.000Z,2861,-4.699999999999704
2024-11-03T22:45:00.000Z,AUD/USD,SELL,2024-11-03T22:47:00.000Z,2861,10.000000000000009
2024-11-03T23:15:00.000Z,EUR/USD,SELL,2024-11-03T23:17:00.000Z,2861,-0.700000000000145
2024-11-04T00:45:00.000Z,USD/JPY,BUY,2024-11-04T00:47:00.000Z,2861,15.800000000001546
2024-11-04T00:45:00.000Z,EUR/JPY,BUY,2024-11-04T00:47:00.000Z,2861,16.100000000000136
2024-11-04T02:15:00.000Z,EUR/JPY,BUY,2024-11-04T02:17:00.000Z,2861,9.999999999999432
2024-11-04T04:00:00.000Z,USD/JPY,BUY,2024-11-04T04:02:00.000Z,2861,9.999999999999432
2024-11-04T04:00:00.000Z,AUD/USD,SELL,2024-11-04T04:02:00.000Z,2861,0
2024-11-04T05:00:00.000Z,EUR/USD,SELL,2024-11-04T05:02:00.000Z,2861,9.999999999998899
2024-11-04T12:15:00.000Z,EUR/USD,SELL,2024-11-04T12:17:00.000Z,2861,10.399999999999299
2024-11-05T04:45:00.000Z,AUD/JPY,SELL,2024-11-05T04:47:00.000Z,2861,12.000000000000455
2024-11-05T08:15:00.000Z,EUR/USD,SELL,2024-11-05T08:17:00.000Z,2861,11.499999999999844
2024-11-05T09:30:00.000Z,EUR/USD,SELL,2024-11-05T09:32:00.000Z,2861,9.999999999998899
2024-11-05T10:30:00.000Z,AUD/USD,SELL,2024-11-05T10:32:00.000Z,2861,10.000000000000009
2024-11-05T11:45:00.000Z,AUD/JPY,SELL,2024-11-05T11:47:00.000Z,2861,10.199999999998965
2024-11-05T12:15:00.000Z,EUR/USD,SELL,2024-11-05T12:17:00.000Z,2861,9.999999999998899
2024-11-05T13:15:00.000Z,AUD/JPY,SELL,2024-11-05T13:17:00.000Z,2861,13.400000000000034
2024-11-05T13:15:00.000Z,AUD/USD,SELL,2024-11-05T13:17:00.000Z,2861,11.299999999999644
2024-11-05T14:00:00.000Z,AUD/USD,SELL,2024-11-05T14:02:00.000Z,2861,10.000000000000009
2024-11-05T15:15:00.000Z,USD/JPY,BUY,2024-11-05T15:17:00.000Z,2861,9.999999999999432
2024-11-05T15:15:00.000Z,AUD/USD,SELL,2024-11-05T15:17:00.000Z,2861,10.000000000000009
2024-11-05T16:30:00.000Z,AUD/USD,SELL,2024-11-05T16:32:00.000Z,2861,10.000000000000009
2024-11-05T18:00:00.000Z,USD/JPY,BUY,2024-11-05T18:02:00.000Z,2861,12.299999999999045
2024-11-05T18:45:00.000Z,USD/JPY,BUY,2024-11-05T18:47:00.000Z,2861,9.999999999999432
2024-11-05T19:00:00.000Z,EUR/USD,SELL,2024-11-05T19:02:00.000Z,2861,9.999999999998899
2024-11-06T04:45:00.000Z,USD/JPY,SELL,2024-11-06T04:47:00.000Z,2861,14.19999999999959
2024-11-06T04:45:00.000Z,EUR/USD,BUY,2024-11-06T04:47:00.000Z,2861,11.799999999997368
2024-11-06T05:00:00.000Z,AUD/USD,BUY,2024-11-06T05:02:00.000Z,2861,10.000000000000009
2024-11-06T07:00:00.000Z,USD/JPY,SELL,2024-11-06T07:02:00.000Z,2861,9.999999999999432
2024-11-06T07:00:00.000Z,EUR/USD,BUY,2024-11-06T07:02:00.000Z,2861,9.999999999998899
2024-11-06T07:00:00.000Z,AUD/USD,BUY,2024-11-06T07:02:00.000Z,2861,10.000000000000009
2024-11-06T09:15:00.000Z,AUD/JPY,SELL,2024-11-06T09:17:00.000Z,2861,9.999999999999432
2024-11-06T10:45:00.000Z,AUD/JPY,SELL,2024-11-06T10:47:00.000Z,2861,9.999999999999432
2024-11-06T13:15:00.000Z,EUR/USD,BUY,2024-11-06T13:17:00.000Z,2861,9.999999999998899
2024-11-06T17:30:00.000Z,EUR/JPY,SELL,2024-11-06T17:32:00.000Z,2861,11.7999999999995
2024-11-06T19:00:00.000Z,AUD/JPY,SELL,2024-11-06T19:02:00.000Z,2861,9.999999999999432
2024-11-07T04:30:00.000Z,AUD/JPY,SELL,2024-11-07T04:32:00.000Z,2861,9.999999999999432
2024-11-07T06:15:00.000Z,AUD/USD,SELL,2024-11-07T06:17:00.000Z,2861,-32.2
2024-11-07T07:45:00.000Z,USD/JPY,BUY,2024-11-07T07:47:00.000Z,2861,9.999999999999432
2024-11-07T07:45:00.000Z,EUR/USD,SELL,2024-11-07T07:47:00.000Z,2861,9.999999999998899
2024-11-07T07:45:00.000Z,AUD/USD,SELL,2024-11-07T07:47:00.000Z,2861,-25.100000000000122
2024-11-07T08:45:00.000Z,AUD/USD,SELL,2024-11-07T08:47:00.000Z,2861,10.000000000000009
2024-11-07T13:30:00.000Z,USD/JPY,BUY,2024-11-07T13:32:00.000Z,2861,-103.80000000000109
2024-11-07T13:30:00.000Z,AUD/JPY,SELL,2024-11-07T13:32:00.000Z,2861,9.999999999999432
2024-11-07T13:30:00.000Z,EUR/USD,SELL,2024-11-07T13:32:00.000Z,2861,9.999999999998899
2024-11-07T13:30:00.000Z,AUD/USD,SELL,2024-11-07T13:32:00.000Z,2861,10.000000000000009
2024-11-07T14:15:00.000Z,USD/JPY,BUY,2024-11-07T14:17:00.000Z,2861,-78.19999999999823
2024-11-07T14:15:00.000Z,AUD/USD,SELL,2024-11-07T14:17:00.000Z,2861,10.499999999999954
2024-11-07T15:00:00.000Z,EUR/USD,SELL,2024-11-07T15:02:00.000Z,2861,10.199999999997988
2024-11-07T15:45:00.000Z,EUR/USD,SELL,2024-11-07T15:47:00.000Z,2861,9.999999999998899
2024-11-07T16:15:00.000Z,AUD/USD,SELL,2024-11-07T16:17:00.000Z,2861,10.000000000000009
2024-11-07T16:30:00.000Z,USD/JPY,BUY,2024-11-07T16:32:00.000Z,2861,14.000000000001478
2024-11-07T19:00:00.000Z,USD/JPY,BUY,2024-11-07T19:02:00.000Z,2861,9.999999999999432
2024-11-08T04:15:00.000Z,AUD/USD,BUY,2024-11-08T04:17:00.000Z,2861,-70.09999999999961
2024-11-08T05:00:00.000Z,EUR/JPY,BUY,2024-11-08T05:02:00.000Z,2861,9.999999999999432
2024-11-08T05:00:00.000Z,AUD/JPY,BUY,2024-11-08T05:02:00.000Z,2861,9.999999999999432
2024-11-08T08:30:00.000Z,AUD/USD,BUY,2024-11-08T08:32:00.000Z,2861,10.000000000000009
2024-11-08T08:45:00.000Z,AUD/JPY,BUY,2024-11-08T08:47:00.000Z,2861,-98.60000000000042
2024-11-08T09:15:00.000Z,AUD/JPY,BUY,2024-11-08T09:17:00.000Z,2861,-100.30000000000001
2024-11-08T10:15:00.000Z,AUD/JPY,BUY,2024-11-08T10:17:00.000Z,2861,-86.10000000000042
2024-11-08T11:00:00.000Z,EUR/JPY,BUY,2024-11-08T11:02:00.000Z,2861,-64.40000000000055
2024-11-08T11:15:00.000Z,USD/JPY,BUY,2024-11-08T11:17:00.000Z,2861,11.699999999999022
2024-11-08T11:30:00.000Z,AUD/JPY,BUY,2024-11-08T11:32:00.000Z,2861,-81.99999999999932
2024-11-08T13:00:00.000Z,AUD/USD,BUY,2024-11-08T13:02:00.000Z,2861,-44.899999999999935
2024-11-08T13:30:00.000Z,AUD/JPY,BUY,2024-11-08T13:32:00.000Z,2861,-70.90000000000032
2024-11-08T15:00:00.000Z,AUD/JPY,BUY,2024-11-08T15:02:00.000Z,2861,-61.299999999999955
2024-11-08T18:00:00.000Z,EUR/JPY,BUY,2024-11-08T18:02:00.000Z,2861,9.999999999999432
2024-11-08T18:00:00.000Z,AUD/JPY,BUY,2024-11-08T18:02:00.000Z,2861,-9.099999999999397
2024-11-08T18:00:00.000Z,EUR/USD,BUY,2024-11-08T18:02:00.000Z,2861,6.699999999999484
2024-11-08T18:00:00.000Z,AUD/USD,BUY,2024-11-08T18:02:00.000Z,2861,2.9999999999996696
2024-11-11T02:30:00.000Z,AUD/JPY,SELL,2024-11-11T02:32:00.000Z,2862,8.799999999999386
2024-11-11T03:15:00.000Z,USD/JPY,SELL,2024-11-11T03:17:00.000Z,2862,-32.69999999999982
2024-11-11T05:45:00.000Z,USD/JPY,SELL,2024-11-11T05:47:00.000Z,2862,9.999999999999432
2024-11-11T05:45:00.000Z,EUR/JPY,SELL,2024-11-11T05:47:00.000Z,2862,9.999999999999432
2024-11-11T06:00:00.000Z,AUD/JPY,SELL,2024-11-11T06:02:00.000Z,2862,13.49999999999909
2024-11-11T08:45:00.000Z,USD/JPY,SELL,2024-11-11T08:47:00.000Z,2862,9.999999999999432
2024-11-11T08:45:00.000Z,EUR/USD,BUY,2024-11-11T08:47:00.000Z,2862,-66.69999999999953
2024-11-11T10:00:00.000Z,EUR/USD,BUY,2024-11-11T10:02:00.000Z,2862,-58.19999999999936
2024-11-11T12:45:00.000Z,EUR/USD,BUY,2024-11-11T12:47:00.000Z,2862,-43.8000000000005
2024-11-11T13:45:00.000Z,USD/JPY,SELL,2024-11-11T13:47:00.000Z,2862,9.999999999999432
2024-11-11T14:00:00.000Z,EUR/USD,BUY,2024-11-11T14:02:00.000Z,2862,9.999999999998899
2024-11-12T00:30:00.000Z,USD/JPY,BUY,2024-11-12T00:32:00.000Z,2862,12.09999999999809
2024-11-12T04:30:00.000Z,EUR/JPY,BUY,2024-11-12T04:32:00.000Z,2862,10.200000000000387
2024-11-12T04:30:00.000Z,AUD/JPY,BUY,2024-11-12T04:32:00.000Z,2862,9.999999999999432
2024-11-12T06:00:00.000Z,EUR/JPY,BUY,2024-11-12T06:02:00.000Z,2862,13.399999999998613
2024-11-12T06:00:00.000Z,AUD/JPY,BUY,2024-11-12T06:02:00.000Z,2862,12.099999999999511
2024-11-12T08:45:00.000Z,EUR/USD,BUY,2024-11-12T08:47:00.000Z,2862,-15.799999999999148
2024-11-12T10:00:00.000Z,USD/JPY,SELL,2024-11-12T10:02:00.000Z,2862,9.999999999999432
2024-11-12T14:15:00.000Z,AUD/JPY,SELL,2024-11-12T14:17:00.000Z,2862,9.999999999999432
2024-11-12T14:30:00.000Z,EUR/JPY,SELL,2024-11-12T14:32:00.000Z,2862,-10.600000000002296
2024-11-12T14:45:00.000Z,USD/JPY,SELL,2024-11-12T14:47:00.000Z,2862,-33.69999999999891
2024-11-12T17:30:00.000Z,AUD/USD,BUY,2024-11-12T17:32:00.000Z,2862,11.099999999999444
2024-11-12T18:00:00.000Z,USD/JPY,SELL,2024-11-12T18:02:00.000Z,2862,9.999999999999432
2024-11-12T18:15:00.000Z,AUD/USD,BUY,2024-11-12T18:17:00.000Z,2862,10.000000000000009
2024-11-12T18:30:00.000Z,EUR/JPY,SELL,2024-11-12T18:32:00.000Z,2862,10.3999999999985
2024-11-13T07:00:00.000Z,USD/JPY,SELL,2024-11-13T07:02:00.000Z,2862,13.599999999999568
2024-11-13T08:30:00.000Z,EUR/USD,BUY,2024-11-13T08:32:00.000Z,2862,-53.19999999999991
2024-11-13T08:45:00.000Z,USD/JPY,SELL,2024-11-13T08:47:00.000Z,2862,9.999999999999432
2024-11-13T14:30:00.000Z,USD/JPY,BUY,2024-11-13T14:32:00.000Z,2862,0
2024-11-13T15:30:00.000Z,EUR/JPY,BUY,2024-11-13T15:32:00.000Z,2862,9.999999999999432
2024-11-13T15:45:00.000Z,EUR/USD,BUY,2024-11-13T15:47:00.000Z,2862,-12.300000000000644
2024-11-13T15:45:00.000Z,AUD/USD,BUY,2024-11-13T15:47:00.000Z,2862,-16.69999999999949
2024-11-13T16:00:00.000Z,AUD/JPY,BUY,2024-11-13T16:02:00.000Z,2862,10.499999999998977
2024-11-13T18:45:00.000Z,USD/JPY,SELL,2024-11-13T18:47:00.000Z,2862,10.099999999997067
2024-11-13T19:30:00.000Z,USD/JPY,SELL,2024-11-13T19:32:00.000Z,2862,9.999999999999432
2024-11-14T01:30:00.000Z,USD/JPY,SELL,2024-11-14T01:32:00.000Z,2862,15.699999999998226
2024-11-14T03:15:00.000Z,USD/JPY,SELL,2024-11-14T03:17:00.000Z,2862,15.599999999997749
2024-11-14T03:15:00.000Z,AUD/USD,BUY,2024-11-14T03:17:00.000Z,2862,-14.699999999999713
2024-11-14T05:00:00.000Z,USD/JPY,SELL,2024-11-14T05:02:00.000Z,2862,11.299999999997112
2024-11-14T05:45:00.000Z,AUD/USD,BUY,2024-11-14T05:47:00.000Z,2862,10.900000000000354
2024-11-14T10:45:00.000Z,USD/JPY,SELL,2024-11-14T10:47:00.000Z,2862,9.999999999999432
2024-11-14T11:30:00.000Z,EUR/JPY,BUY,2024-11-14T11:32:00.000Z,2862,12.100000000000932
2024-11-14T11:30:00.000Z,EUR/USD,BUY,2024-11-14T11:32:00.000Z,2862,13.300000000000534
2024-11-14T16:15:00.000Z,EUR/JPY,SELL,2024-11-14T16:17:00.000Z,2862,10.499999999998977
2024-11-15T01:00:00.000Z,USD/JPY,SELL,2024-11-15T01:02:00.000Z,2862,9.999999999999432
2024-11-15T01:15:00.000Z,EUR/JPY,SELL,2024-11-15T01:17:00.000Z,2862,15.899999999999181
2024-11-15T09:00:00.000Z,EUR/JPY,BUY,2024-11-15T09:02:00.000Z,2862,9.999999999999432
2024-11-15T09:15:00.000Z,AUD/JPY,BUY,2024-11-15T09:17:00.000Z,2862,-114.39999999999912
2024-11-15T09:30:00.000Z,USD/JPY,BUY,2024-11-15T09:32:00.000Z,2862,11.099999999999
2024-11-15T09:30:00.000Z,EUR/USD,SELL,2024-11-15T09:32:00.000Z,2862,9.999999999998899
2024-11-15T10:30:00.000Z,EUR/JPY,BUY,2024-11-15T10:32:00.000Z,2862,9.999999999999432
2024-11-15T10:45:00.000Z,AUD/JPY,BUY,2024-11-15T10:47:00.000Z,2862,9.999999999999432
2024-11-15T11:45:00.000Z,USD/JPY,BUY,2024-11-15T11:47:00.000Z,2862,9.999999999999432
2024-11-15T14:45:00.000Z,EUR/JPY,BUY,2024-11-15T14:47:00.000Z,2862,-160.30000000000086
2024-11-15T14:45:00.000Z,AUD/JPY,BUY,2024-11-15T14:47:00.000Z,2862,-75.99999999999909
2024-11-15T15:00:00.000Z,AUD/USD,BUY,2024-11-15T15:02:00.000Z,2862,13.699999999999823
2024-11-15T16:00:00.000Z,AUD/JPY,BUY,2024-11-15T16:02:00.000Z,2862,-48.399999999999466
2024-11-15T16:00:00.000Z,EUR/USD,BUY,2024-11-15T16:02:00.000Z,2862,-11.100000000001664
2024-11-15T16:30:00.000Z,USD/JPY,BUY,2024-11-15T16:32:00.000Z,2862,-58.29999999999984
2024-11-15T16:30:00.000Z,AUD/JPY,BUY,2024-11-15T16:32:00.000Z,2862,-47.2999999999999
2024-11-15T17:15:00.000Z,AUD/JPY,BUY,2024-11-15T17:17:00.000Z,2862,-31.399999999999295
2024-11-15T19:30:00.000Z,USD/JPY,BUY,2024-11-15T19:32:00.000Z,2862,12.399999999999523
2024-11-15T19:45:00.000Z,AUD/JPY,BUY,2024-11-15T19:47:00.000Z,2862,-2.4999999999991473
2024-11-17T22:15:00.000Z,EUR/JPY,BUY,2024-11-17T22:17:00.000Z,2863,9.999999999999432
2024-11-18T09:45:00.000Z,EUR/USD,SELL,2024-11-18T09:47:00.000Z,2863,11.099999999999444
2024-11-18T15:30:00.000Z,AUD/USD,SELL,2024-11-18T15:32:00.000Z,2863,-35.89999999999982
2024-11-18T17:15:00.000Z,AUD/JPY,SELL,2024-11-18T17:17:00.000Z,2863,9.999999999999432
2024-11-18T17:15:00.000Z,EUR/USD,SELL,2024-11-18T17:17:00.000Z,2863,9.999999999998899
2024-11-18T18:15:00.000Z,EUR/USD,SELL,2024-11-18T18:17:00.000Z,2863,10.099999999997333
2024-11-18T18:45:00.000Z,AUD/JPY,SELL,2024-11-18T18:47:00.000Z,2863,9.999999999999432
2024-11-18T19:30:00.000Z,EUR/USD,SELL,2024-11-18T19:32:00.000Z,2863,9.999999999998899
2024-11-18T19:45:00.000Z,AUD/USD,SELL,2024-11-18T19:47:00.000Z,2863,10.100000000000664
2024-11-18T20:30:00.000Z,AUD/USD,SELL,2024-11-18T20:32:00.000Z,2863,10.000000000000009
2024-11-19T01:30:00.000Z,AUD/JPY,BUY,2024-11-19T01:32:00.000Z,2863,13.799999999999102
2024-11-19T01:45:00.000Z,USD/JPY,BUY,2024-11-19T01:47:00.000Z,2863,10.499999999998977
2024-11-19T01:45:00.000Z,EUR/JPY,BUY,2024-11-19T01:47:00.000Z,2863,11.39999999999759
2024-11-19T02:30:00.000Z,USD/JPY,BUY,2024-11-19T02:32:00.000Z,2863,13.700000000000045
2024-11-19T02:30:00.000Z,EUR/JPY,BUY,2024-11-19T02:32:00.000Z,2863,14.500000000001023
2024-11-19T04:15:00.000Z,AUD/USD,SELL,2024-11-19T04:17:00.000Z,2863,10.000000000000009
2024-11-19T09:00:00.000Z,USD/JPY,BUY,2024-11-19T09:02:00.000Z,2863,9.999999999999432
2024-11-19T09:00:00.000Z,AUD/JPY,BUY,2024-11-19T09:02:00.000Z,2863,9.999999999999432
2024-11-19T09:15:00.000Z,EUR/JPY,BUY,2024-11-19T09:17:00.000Z,2863,47.99999999999898
2024-11-19T09:45:00.000Z,EUR/JPY,BUY,2024-11-19T09:47:00.000Z,2863,11.50000000000091
2024-11-19T09:45:00.000Z,AUD/JPY,BUY,2024-11-19T09:47:00.000Z,2863,10.999999999999943
2024-11-19T09:45:00.000Z,EUR/USD,BUY,2024-11-19T09:47:00.000Z,2863,14.799999999999258
2024-11-19T18:15:00.000Z,AUD/JPY,SELL,2024-11-19T18:17:00.000Z,2863,9.999999999999432
2024-11-19T19:45:00.000Z,AUD/JPY,SELL,2024-11-19T19:47:00.000Z,2863,10.599999999999454
2024-11-19T22:00:00.000Z,AUD/JPY,SELL,2024-11-19T22:10:00.000Z,2863,9.999999999999432
2024-11-20T00:15:00.000Z,EUR/JPY,SELL,2024-11-20T00:17:00.000Z,2863,12.999999999999545
2024-11-20T00:15:00.000Z,EUR/USD,SELL,2024-11-20T00:17:00.000Z,2863,10.399999999997078
2024-11-20T00:45:00.000Z,EUR/USD,SELL,2024-11-20T00:47:00.000Z,2863,10.199999999997988
2024-11-20T00:45:00.000Z,AUD/USD,SELL,2024-11-20T00:47:00.000Z,2863,0
2024-11-20T01:00:00.000Z,EUR/JPY,SELL,2024-11-20T01:02:00.000Z,2863,9.999999999999432
2024-11-20T01:00:00.000Z,AUD/JPY,SELL,2024-11-20T01:02:00.000Z,2863,9.999999999999432
2024-11-20T01:30:00.000Z,EUR/JPY,SELL,2024-11-20T01:32:00.000Z,2863,12.699999999998113
2024-11-20T01:45:00.000Z,USD/JPY,SELL,2024-11-20T01:47:00.000Z,2863,-22.399999999998954
2024-11-20T04:45:00.000Z,USD/JPY,SELL,2024-11-20T04:47:00.000Z,2863,9.999999999999432
2024-11-20T07:00:00.000Z,EUR/JPY,SELL,2024-11-20T07:02:00.000Z,2863,11.299999999999955
2024-11-20T07:00:00.000Z,AUD/JPY,SELL,2024-11-20T07:02:00.000Z,2863,10.599999999999454
2024-11-20T07:30:00.000Z,EUR/JPY,SELL,2024-11-20T07:32:00.000Z,2863,9.999999999999432
2024-11-20T07:30:00.000Z,AUD/JPY,SELL,2024-11-20T07:32:00.000Z,2863,9.999999999999432
2024-11-20T08:30:00.000Z,EUR/USD,BUY,2024-11-20T08:32:00.000Z,2863,-43.29999999999945
2024-11-20T09:15:00.000Z,EUR/USD,BUY,2024-11-20T09:17:00.000Z,2863,-36.30000000000022
2024-11-20T10:15:00.000Z,USD/JPY,SELL,2024-11-20T10:17:00.000Z,2863,9.999999999999432
2024-11-20T10:15:00.000Z,EUR/USD,BUY,2024-11-20T10:17:00.000Z,2863,-41.999999999999815
2024-11-20T11:00:00.000Z,USD/JPY,SELL,2024-11-20T11:02:00.000Z,2863,12.499999999997158
2024-11-20T11:30:00.000Z,AUD/USD,BUY,2024-11-20T11:32:00.000Z,2863,10.000000000000009
2024-11-20T11:45:00.000Z,EUR/USD,BUY,2024-11-20T11:47:00.000Z,2863,9.999999999998899
2024-11-20T15:15:00.000Z,EUR/USD,BUY,2024-11-20T15:17:00.000Z,2863,9.999999999998899
2024-11-20T15:30:00.000Z,AUD/USD,BUY,2024-11-20T15:32:00.000Z,2863,10.000000000000009
2024-11-20T15:45:00.000Z,USD/JPY,BUY,2024-11-20T15:47:00.000Z,2863,9.999999999999432
2024-11-20T16:00:00.000Z,EUR/JPY,BUY,2024-11-20T16:02:00.000Z,2863,9.999999999999432
2024-11-20T16:00:00.000Z,AUD/JPY,BUY,2024-11-20T16:02:00.000Z,2863,9.999999999999432
2024-11-20T16:45:00.000Z,EUR/USD,BUY,2024-11-20T16:47:00.000Z,2863,11.199999999997878
2024-11-20T17:00:00.000Z,EUR/JPY,BUY,2024-11-20T17:02:00.000Z,2863,9.999999999999432
2024-11-21T01:00:00.000Z,USD/JPY,BUY,2024-11-21T01:02:00.000Z,2863,12.299999999999045
2024-11-21T01:30:00.000Z,USD/JPY,BUY,2024-11-21T01:32:00.000Z,2863,10.69999999999709
2024-11-21T04:15:00.000Z,AUD/USD,SELL,2024-11-21T04:17:00.000Z,2863,10.000000000000009
2024-11-21T07:45:00.000Z,EUR/USD,BUY,2024-11-21T07:47:00.000Z,2863,10.199999999997988
2024-11-21T08:45:00.000Z,EUR/USD,BUY,2024-11-21T08:47:00.000Z,2863,9.999999999998899
2024-11-21T09:45:00.000Z,EUR/JPY,BUY,2024-11-21T09:47:00.000Z,2863,9.999999999999432
2024-11-21T10:00:00.000Z,EUR/USD,BUY,2024-11-21T10:02:00.000Z,2863,9.999999999998899
2024-11-21T17:45:00.000Z,EUR/USD,BUY,2024-11-21T17:47:00.000Z,2863,9.999999999998899
2024-11-22T00:30:00.000Z,USD/JPY,BUY,2024-11-22T00:32:00.000Z,2863,9.999999999999432
2024-11-22T00:30:00.000Z,AUD/JPY,BUY,2024-11-22T00:32:00.000Z,2863,10.299999999999443
2024-11-22T00:45:00.000Z,EUR/JPY,BUY,2024-11-22T00:47:00.000Z,2863,13.599999999999568
2024-11-22T06:45:00.000Z,AUD/USD,BUY,2024-11-22T06:47:00.000Z,2863,10.000000000000009
2024-11-22T07:15:00.000Z,USD/JPY,SELL,2024-11-22T07:17:00.000Z,2863,9.999999999999432
2024-11-22T07:15:00.000Z,EUR/JPY,SELL,2024-11-22T07:17:00.000Z,2863,15.399999999999636
2024-11-22T08:30:00.000Z,EUR/JPY,SELL,2024-11-22T08:32:00.000Z,2863,9.999999999999432
2024-11-22T08:30:00.000Z,EUR/USD,SELL,2024-11-22T08:32:00.000Z,2863,9.999999999998899
2024-11-22T09:30:00.000Z,EUR/JPY,BUY,2024-11-22T09:32:00.000Z,2863,22.20000000000084
2024-11-22T09:30:00.000Z,EUR/USD,BUY,2024-11-22T09:32:00.000Z,2863,13.399999999998968
2024-11-22T09:30:00.000Z,AUD/USD,BUY,2024-11-22T09:32:00.000Z,2863,10.200000000000209
2024-11-24T22:30:00.000Z,AUD/JPY,SELL,2024-11-24T22:32:00.000Z,2864,9.999999999999432
2024-11-24T23:30:00.000Z,AUD/JPY,SELL,2024-11-24T23:32:00.000Z,2864,9.999999999999432
2024-11-24T23:45:00.000Z,EUR/JPY,SELL,2024-11-24T23:47:00.000Z,2864,9.999999999999432
2024-11-24T23:45:00.000Z,EUR/USD,SELL,2024-11-24T23:47:00.000Z,2864,9.999999999998899
2024-11-25T00:30:00.000Z,USD/JPY,BUY,2024-11-25T00:32:00.000Z,2864,13.599999999999568
2024-11-25T01:00:00.000Z,USD/JPY,BUY,2024-11-25T01:02:00.000Z,2864,11.499999999998067
2024-11-25T01:15:00.000Z,AUD/USD,SELL,2024-11-25T01:17:00.000Z,2864,12.000000000000899
2024-11-25T01:45:00.000Z,AUD/USD,SELL,2024-11-25T01:47:00.000Z,2864,10.099999999999554
2024-11-25T02:30:00.000Z,USD/JPY,BUY,2024-11-25T02:32:00.000Z,2864,12.199999999998568
2024-11-25T03:00:00.000Z,USD/JPY,BUY,2024-11-25T03:02:00.000Z,2864,11.199999999999477
2024-11-25T13:30:00.000Z,AUD/JPY,BUY,2024-11-25T13:32:00.000Z,2864,-85.20000000000039
2024-11-25T13:45:00.000Z,USD/JPY,BUY,2024-11-25T13:47:00.000Z,2864,9.999999999999432
2024-11-25T14:45:00.000Z,USD/JPY,BUY,2024-11-25T14:47:00.000Z,2864,12.999999999999545
2024-11-25T14:45:00.000Z,EUR/USD,SELL,2024-11-25T14:47:00.000Z,2864,14.399999999998858
2024-11-25T15:30:00.000Z,AUD/JPY,BUY,2024-11-25T15:32:00.000Z,2864,10.099999999999909
2024-11-26T00:30:00.000Z,EUR/JPY,BUY,2024-11-26T00:32:00.000Z,2864,24.499999999997613
2024-11-26T00:30:00.000Z,AUD/JPY,BUY,2024-11-26T00:32:00.000Z,2864,18.200000000000216
2024-11-26T00:30:00.000Z,EUR/USD,BUY,2024-11-26T00:32:00.000Z,2864,9.999999999998899
2024-11-26T00:30:00.000Z,AUD/USD,BUY,2024-11-26T00:32:00.000Z,2864,10.000000000000009
2024-11-26T01:15:00.000Z,EUR/JPY,BUY,2024-11-26T01:17:00.000Z,2864,13.300000000000978
2024-11-26T01:15:00.000Z,EUR/USD,BUY,2024-11-26T01:17:00.000Z,2864,9.999999999998899
2024-11-26T01:15:00.000Z,AUD/USD,BUY,2024-11-26T01:17:00.000Z,2864,10.000000000000009
2024-11-26T01:30:00.000Z,AUD/JPY,BUY,2024-11-26T01:32:00.000Z,2864,10.499999999998977
2024-11-26T09:30:00.000Z,EUR/USD,SELL,2024-11-26T09:32:00.000Z,2864,9.999999999998899
2024-11-26T13:30:00.000Z,USD/JPY,BUY,2024-11-26T13:32:00.000Z,2864,18.69999999999834
2024-11-26T15:15:00.000Z,AUD/JPY,BUY,2024-11-26T15:17:00.000Z,2864,-99.80000000000047
2024-11-26T17:30:00.000Z,EUR/JPY,BUY,2024-11-26T17:32:00.000Z,2864,13.300000000000978
2024-11-26T18:00:00.000Z,EUR/JPY,BUY,2024-11-26T18:02:00.000Z,2864,9.999999999999432
2024-11-26T19:00:00.000Z,AUD/JPY,BUY,2024-11-26T19:02:00.000Z,2864,12.399999999999523
2024-11-26T20:15:00.000Z,AUD/JPY,BUY,2024-11-26T20:17:00.000Z,2864,10.899999999999466
2024-11-27T02:15:00.000Z,USD/JPY,BUY,2024-11-27T02:17:00.000Z,2864,9.999999999999432
2024-11-27T02:30:00.000Z,EUR/JPY,BUY,2024-11-27T02:32:00.000Z,2864,-14.300000000000068
2024-11-27T03:30:00.000Z,EUR/JPY,BUY,2024-11-27T03:32:00.000Z,2864,11.7999999999995
2024-11-27T04:00:00.000Z,USD/JPY,BUY,2024-11-27T04:02:00.000Z,2864,-82.49999999999886
2024-11-27T04:00:00.000Z,EUR/JPY,BUY,2024-11-27T04:02:00.000Z,2864,10.999999999998522
2024-11-27T05:45:00.000Z,USD/JPY,BUY,2024-11-27T05:47:00.000Z,2864,9.999999999999432
2024-11-27T05:45:00.000Z,EUR/JPY,BUY,2024-11-27T05:47:00.000Z,2864,9.999999999999432
2024-11-27T06:45:00.000Z,EUR/JPY,BUY,2024-11-27T06:47:00.000Z,2864,13.2000000000005
2024-11-27T07:15:00.000Z,EUR/JPY,BUY,2024-11-27T07:17:00.000Z,2864,11.299999999999955
2024-11-27T08:00:00.000Z,USD/JPY,BUY,2024-11-27T08:02:00.000Z,2864,8.899999999999864
2024-11-27T08:45:00.000Z,USD/JPY,BUY,2024-11-27T08:47:00.000Z,2864,10.099999999999909
2024-11-27T08:45:00.000Z,AUD/USD,SELL,2024-11-27T08:47:00.000Z,2864,10.000000000000009
2024-11-27T09:00:00.000Z,EUR/USD,SELL,2024-11-27T09:02:00.000Z,2864,-33.40000000000121
2024-11-27T11:00:00.000Z,USD/JPY,BUY,2024-11-27T11:02:00.000Z,2864,9.999999999999432
2024-11-27T11:00:00.000Z,AUD/JPY,BUY,2024-11-27T11:02:00.000Z,2864,9.999999999999432
2024-11-27T11:15:00.000Z,EUR/USD,SELL,2024-11-27T11:17:00.000Z,2864,-32.69999999999884
2024-11-27T12:45:00.000Z,AUD/JPY,BUY,2024-11-27T12:47:00.000Z,2864,9.999999999999432
2024-11-27T14:30:00.000Z,EUR/USD,SELL,2024-11-27T14:32:00.000Z,2864,10.999999999998789
2024-11-28T01:15:00.000Z,USD/JPY,SELL,2024-11-28T01:17:00.000Z,2864,12.399999999999523
2024-11-28T01:15:00.000Z,EUR/JPY,SELL,2024-11-28T01:17:00.000Z,2864,16.799999999997794
2024-11-28T01:15:00.000Z,AUD/JPY,SELL,2024-11-28T01:17:00.000Z,2864,15.299999999999159
2024-11-28T01:45:00.000Z,AUD/JPY,SELL,2024-11-28T01:47:00.000Z,2864,13.19999999999908
2024-11-28T08:00:00.000Z,EUR/USD,BUY,2024-11-28T08:02:00.000Z,2864,15.099999999999003
2024-11-28T09:15:00.000Z,AUD/JPY,SELL,2024-11-28T09:17:00.000Z,2864,9.999999999999432
2024-11-28T10:30:00.000Z,AUD/JPY,SELL,2024-11-28T10:32:00.000Z,2864,10.299999999999443
2024-11-28T11:30:00.000Z,AUD/JPY,SELL,2024-11-28T11:32:00.000Z,2864,9.999999999999432
2024-11-28T14:15:00.000Z,EUR/JPY,BUY,2024-11-28T14:17:00.000Z,2864,9.999999999999432
2024-11-29T00:00:00.000Z,EUR/JPY,BUY,2024-11-29T00:02:00.000Z,2864,-133.10000000000173
2024-11-29T00:00:00.000Z,AUD/JPY,BUY,2024-11-29T00:02:00.000Z,2864,-74.79999999999905
2024-11-29T01:00:00.000Z,EUR/USD,SELL,2024-11-29T01:02:00.000Z,2864,9.999999999998899
2024-11-29T02:30:00.000Z,EUR/JPY,BUY,2024-11-29T02:32:00.000Z,2864,9.999999999999432
2024-11-29T02:30:00.000Z,AUD/JPY,BUY,2024-11-29T02:32:00.000Z,2864,9.999999999999432
2024-11-29T03:00:00.000Z,AUD/JPY,BUY,2024-11-29T03:02:00.000Z,2864,9.999999999999432
2024-11-29T03:15:00.000Z,USD/JPY,BUY,2024-11-29T03:17:00.000Z,2864,9.999999999999432
2024-11-29T04:45:00.000Z,USD/JPY,BUY,2024-11-29T04:47:00.000Z,2864,11.599999999998545
2024-11-29T04:45:00.000Z,AUD/USD,SELL,2024-11-29T04:47:00.000Z,2864,10.000000000000009
2024-11-29T07:45:00.000Z,USD/JPY,BUY,2024-11-29T07:47:00.000Z,2864,15.699999999998226
2024-11-29T07:45:00.000Z,EUR/USD,SELL,2024-11-29T07:47:00.000Z,2864,14.199999999999768
2024-11-29T16:45:00.000Z,AUD/JPY,SELL,2024-11-29T16:47:00.000Z,2864,10.499999999998977
2024-12-01T23:45:00.000Z,EUR/USD,BUY,2024-12-01T23:47:00.000Z,2865,-42.60000000000152
2024-12-01T23:45:00.000Z,AUD/USD,BUY,2024-12-01T23:47:00.000Z,2865,-27.799999999998935
2024-12-02T01:00:00.000Z,AUD/USD,BUY,2024-12-02T01:02:00.000Z,2865,10.000000000000009
2024-12-02T02:45:00.000Z,USD/JPY,SELL,2024-12-02T02:47:00.000Z,2865,11.50000000000091
2024-12-02T08:00:00.000Z,EUR/JPY,BUY,2024-12-02T08:02:00.000Z,2865,16.399999999998727
2024-12-02T08:15:00.000Z,EUR/USD,BUY,2024-12-02T08:17:00.000Z,2865,11.999999999998678
2024-12-02T15:45:00.000Z,EUR/JPY,BUY,2024-12-02T15:47:00.000Z,2865,10.099999999999909
2024-12-02T15:45:00.000Z,EUR/USD,BUY,2024-12-02T15:47:00.000Z,2865,13.699999999998713
2024-12-02T16:15:00.000Z,EUR/USD,BUY,2024-12-02T16:17:00.000Z,2865,0
2024-12-02T16:30:00.000Z,AUD/USD,BUY,2024-12-02T16:32:00.000Z,2865,11.799999999999589
2024-12-02T16:45:00.000Z,USD/JPY,BUY,2024-12-02T16:47:00.000Z,2865,9.999999999999432
2024-12-02T17:15:00.000Z,EUR/JPY,BUY,2024-12-02T17:17:00.000Z,2865,14.299999999997226
2024-12-02T17:30:00.000Z,AUD/JPY,BUY,2024-12-02T17:32:00.000Z,2865,9.999999999999432
2024-12-03T09:15:00.000Z,AUD/JPY,SELL,2024-12-03T09:17:00.000Z,2865,0
2024-12-03T09:30:00.000Z,EUR/USD,SELL,2024-12-03T09:32:00.000Z,2865,11.699999999998933
2024-12-03T09:30:00.000Z,AUD/USD,SELL,2024-12-03T09:32:00.000Z,2865,0
2024-12-03T15:15:00.000Z,USD/JPY,BUY,2024-12-03T15:17:00.000Z,2865,10.699999999999932
2024-12-03T15:45:00.000Z,EUR/JPY,BUY,2024-12-03T15:47:00.000Z,2865,10.599999999999454
2024-12-03T15:45:00.000Z,AUD/JPY,BUY,2024-12-03T15:47:00.000Z,2865,15.399999999999636
2024-12-03T15:45:00.000Z,AUD/USD,BUY,2024-12-03T15:47:00.000Z,2865,13.000000000000789
2024-12-04T01:30:00.000Z,USD/JPY,SELL,2024-12-04T01:32:00.000Z,2865,9.999999999999432
2024-12-04T01:30:00.000Z,AUD/USD,BUY,2024-12-04T01:32:00.000Z,2865,-36.599999999999966
2024-12-04T04:00:00.000Z,AUD/JPY,BUY,2024-12-04T04:02:00.000Z,2865,0
2024-12-04T04:30:00.000Z,AUD/USD,BUY,2024-12-04T04:32:00.000Z,2865,10.000000000000009
2024-12-04T09:45:00.000Z,USD/JPY,SELL,2024-12-04T09:47:00.000Z,2865,9.999999999999432
2024-12-04T09:45:00.000Z,AUD/USD,BUY,2024-12-04T09:47:00.000Z,2865,10.000000000000009
2024-12-04T11:30:00.000Z,AUD/USD,BUY,2024-12-04T11:32:00.000Z,2865,10.499999999999954
2024-12-04T11:45:00.000Z,USD/JPY,SELL,2024-12-04T11:47:00.000Z,2865,13.299999999998136
2024-12-04T12:00:00.000Z,EUR/JPY,SELL,2024-12-04T12:02:00.000Z,2865,9.999999999999432
2024-12-04T12:45:00.000Z,USD/JPY,SELL,2024-12-04T12:47:00.000Z,2865,13.49999999999909
2024-12-04T13:30:00.000Z,USD/JPY,SELL,2024-12-04T13:32:00.000Z,2865,9.999999999999432
2024-12-04T13:30:00.000Z,AUD/USD,BUY,2024-12-04T13:32:00.000Z,2865,10.000000000000009
2024-12-04T15:45:00.000Z,EUR/USD,SELL,2024-12-04T15:47:00.000Z,2865,14.499999999999513
2024-12-04T17:45:00.000Z,USD/JPY,BUY,2024-12-04T17:47:00.000Z,2865,12.999999999999545
2024-12-05T07:15:00.000Z,USD/JPY,BUY,2024-12-05T07:17:00.000Z,2865,9.999999999999432
2024-12-05T07:15:00.000Z,EUR/JPY,BUY,2024-12-05T07:17:00.000Z,2865,11.199999999999477
2024-12-05T07:30:00.000Z,EUR/USD,SELL,2024-12-05T07:32:00.000Z,2865,-42.50000000000087
2024-12-05T08:45:00.000Z,AUD/USD,SELL,2024-12-05T08:47:00.000Z,2865,10.000000000000009
2024-12-05T14:15:00.000Z,AUD/JPY,SELL,2024-12-05T14:17:00.000Z,2865,9.999999999999432
2024-12-05T15:15:00.000Z,EUR/JPY,SELL,2024-12-05T15:17:00.000Z,2865,9.999999999999432
2024-12-05T15:15:00.000Z,EUR/USD,SELL,2024-12-05T15:17:00.000Z,2865,9.999999999998899
2024-12-06T02:30:00.000Z,AUD/JPY,BUY,2024-12-06T02:32:00.000Z,2865,9.999999999999432
2024-12-06T02:30:00.000Z,AUD/USD,BUY,2024-12-06T02:32:00.000Z,2865,10.000000000000009
2024-12-06T08:45:00.000Z,EUR/JPY,SELL,2024-12-06T08:47:00.000Z,2865,10.699999999999932
2024-12-06T11:00:00.000Z,USD/JPY,SELL,2024-12-06T11:02:00.000Z,2865,12.20000000000141
2024-12-06T11:15:00.000Z,EUR/JPY,SELL,2024-12-06T11:17:00.000Z,2865,11.000000000001364
2024-12-06T12:30:00.000Z,EUR/JPY,SELL,2024-12-06T12:32:00.000Z,2865,11.499999999998067
2024-12-06T13:30:00.000Z,AUD/USD,BUY,2024-12-06T13:32:00.000Z,2865,-26.30000000000021
2024-12-06T14:00:00.000Z,EUR/USD,SELL,2024-12-06T14:02:00.000Z,2865,0
2024-12-06T14:45:00.000Z,USD/JPY,BUY,2024-12-06T14:47:00.000Z,2865,14.500000000001023
2024-12-06T14:45:00.000Z,EUR/JPY,BUY,2024-12-06T14:47:00.000Z,2865,13.900000000001
2024-12-06T15:30:00.000Z,EUR/JPY,BUY,2024-12-06T15:32:00.000Z,2865,14.099999999999113
2024-12-06T16:00:00.000Z,AUD/USD,BUY,2024-12-06T16:02:00.000Z,2865,-2.300000000000635
2024-12-06T18:00:00.000Z,AUD/USD,BUY,2024-12-06T18:02:00.000Z,2865,8.499999999999064
2024-12-06T18:15:00.000Z,AUD/JPY,BUY,2024-12-06T18:17:00.000Z,2865,0.8000000000009777
2024-12-09T04:15:00.000Z,EUR/USD,BUY,2024-12-09T04:17:00.000Z,2866,9.999999999998899
2024-12-09T05:00:00.000Z,EUR/USD,BUY,2024-12-09T05:02:00.000Z,2866,9.999999999998899
2024-12-09T05:45:00.000Z,EUR/USD,BUY,2024-12-09T05:47:00.000Z,2866,9.999999999998899
2024-12-09T09:00:00.000Z,USD/JPY,SELL,2024-12-09T09:02:00.000Z,2866,-122.20000000000084
2024-12-09T09:45:00.000Z,EUR/USD,SELL,2024-12-09T09:47:00.000Z,2866,9.999999999998899
2024-12-09T11:00:00.000Z,EUR/USD,SELL,2024-12-09T11:02:00.000Z,2866,11.299999999998533
2024-12-09T11:45:00.000Z,EUR/JPY,SELL,2024-12-09T11:47:00.000Z,2866,-65.300000000002
2024-12-09T12:00:00.000Z,AUD/USD,SELL,2024-12-09T12:02:00.000Z,2866,10.000000000000009
2024-12-09T13:45:00.000Z,USD/JPY,SELL,2024-12-09T13:47:00.000Z,2866,-87.60000000000048
2024-12-09T14:30:00.000Z,USD/JPY,SELL,2024-12-09T14:32:00.000Z,2866,-92.79999999999973
2024-12-09T14:30:00.000Z,EUR/JPY,SELL,2024-12-09T14:32:00.000Z,2866,9.999999999999432
2024-12-09T14:30:00.000Z,AUD/USD,SELL,2024-12-09T14:32:00.000Z,2866,10.000000000000009
2024-12-09T15:45:00.000Z,USD/JPY,SELL,2024-12-09T15:47:00.000Z,2866,11.499999999998067
2024-12-09T16:15:00.000Z,AUD/USD,SELL,2024-12-09T16:17:00.000Z,2866,10.000000000000009
2024-12-09T16:30:00.000Z,AUD/JPY,SELL,2024-12-09T16:32:00.000Z,2866,9.999999999999432
2024-12-09T17:30:00.000Z,EUR/JPY,SELL,2024-12-09T17:32:00.000Z,2866,10.300000000000864
2024-12-09T17:30:00.000Z,AUD/JPY,SELL,2024-12-09T17:32:00.000Z,2866,10.599999999999454
2024-12-09T18:15:00.000Z,USD/JPY,SELL,2024-12-09T18:17:00.000Z,2866,9.999999999999432
2024-12-09T18:15:00.000Z,EUR/JPY,SELL,2024-12-09T18:17:00.000Z,2866,9.999999999999432
2024-12-09T20:45:00.000Z,EUR/USD,BUY,2024-12-09T20:47:00.000Z,2866,9.999999999998899
2024-12-09T21:00:00.000Z,AUD/USD,BUY,2024-12-09T21:02:00.000Z,2866,-58.79999999999996
2024-12-10T02:15:00.000Z,AUD/USD,BUY,2024-12-10T02:17:00.000Z,2866,-46.19999999999957
2024-12-10T05:30:00.000Z,AUD/JPY,BUY,2024-12-10T05:32:00.000Z,2866,9.999999999999432
2024-12-10T05:45:00.000Z,AUD/USD,BUY,2024-12-10T05:47:00.000Z,2866,-27.89999999999959
2024-12-10T08:30:00.000Z,USD/JPY,SELL,2024-12-10T08:32:00.000Z,2866,9.999999999999432
2024-12-10T10:00:00.000Z,EUR/USD,BUY,2024-12-10T10:02:00.000Z,2866,-30.29999999999866
2024-12-10T15:45:00.000Z,AUD/USD,BUY,2024-12-10T15:47:00.000Z,2866,10.000000000000009
2024-12-10T16:15:00.000Z,EUR/USD,BUY,2024-12-10T16:17:00.000Z,2866,13.600000000000279
2024-12-10T16:15:00.000Z,AUD/USD,BUY,2024-12-10T16:17:00.000Z,2866,13.099999999999223
2024-12-10T16:30:00.000Z,USD/JPY,SELL,2024-12-10T16:32:00.000Z,2866,9.999999999999432
2024-12-11T00:30:00.000Z,AUD/JPY,BUY,2024-12-11T00:32:00.000Z,2866,11.899999999998556
2024-12-11T02:45:00.000Z,USD/JPY,BUY,2024-12-11T02:47:00.000Z,2866,9.999999999999432
2024-12-11T02:45:00.000Z,EUR/USD,SELL,2024-12-11T02:47:00.000Z,2866,9.999999999998899
2024-12-11T03:30:00.000Z,USD/JPY,BUY,2024-12-11T03:32:00.000Z,2866,9.999999999999432
2024-12-11T03:30:00.000Z,EUR/JPY,BUY,2024-12-11T03:32:00.000Z,2866,9.999999999999432
2024-12-11T04:30:00.000Z,EUR/JPY,BUY,2024-12-11T04:32:00.000Z,2866,9.999999999999432
2024-12-11T08:00:00.000Z,AUD/JPY,BUY,2024-12-11T08:02:00.000Z,2866,11.199999999999477
2024-12-11T08:15:00.000Z,EUR/JPY,BUY,2024-12-11T08:17:00.000Z,2866,9.999999999999432
2024-12-11T08:15:00.000Z,AUD/USD,BUY,2024-12-11T08:17:00.000Z,2866,10.000000000000009
2024-12-11T08:30:00.000Z,EUR/USD,BUY,2024-12-11T08:32:00.000Z,2866,9.999999999998899
2024-12-11T10:00:00.000Z,AUD/USD,BUY,2024-12-11T10:02:00.000Z,2866,10.799999999999699
2024-12-11T10:15:00.000Z,EUR/JPY,SELL,2024-12-11T10:17:00.000Z,2866,9.999999999999432
2024-12-11T10:45:00.000Z,AUD/USD,BUY,2024-12-11T10:47:00.000Z,2866,10.000000000000009
2024-12-11T11:45:00.000Z,USD/JPY,SELL,2024-12-11T11:47:00.000Z,2866,15.600000000000591
2024-12-12T00:30:00.000Z,USD/JPY,BUY,2024-12-12T00:32:00.000Z,2866,9.999999999999432
2024-12-12T01:00:00.000Z,AUD/JPY,SELL,2024-12-12T01:02:00.000Z,2866,9.999999999999432
2024-12-12T03:00:00.000Z,AUD/USD,SELL,2024-12-12T03:02:00.000Z,2866,10.299999999999754
2024-12-12T04:30:00.000Z,AUD/JPY,SELL,2024-12-12T04:32:00.000Z,2866,9.999999999999432
2024-12-12T04:45:00.000Z,AUD/USD,SELL,2024-12-12T04:47:00.000Z,2866,10.399999999999299
2024-12-12T06:45:00.000Z,EUR/JPY,SELL,2024-12-12T06:47:00.000Z,2866,12.199999999998568
2024-12-12T06:45:00.000Z,AUD/JPY,SELL,2024-12-12T06:47:00.000Z,2866,10.500000000000398
2024-12-12T07:30:00.000Z,EUR/USD,SELL,2024-12-12T07:32:00.000Z,2866,11.299999999998533
2024-12-12T07:30:00.000Z,AUD/USD,SELL,2024-12-12T07:32:00.000Z,2866,10.000000000000009
2024-12-12T08:00:00.000Z,EUR/USD,SELL,2024-12-12T08:02:00.000Z,2866,11.099999999999444
2024-12-12T13:30:00.000Z,EUR/JPY,BUY,2024-12-12T13:32:00.000Z,2866,9.999999999999432
2024-12-12T13:45:00.000Z,EUR/USD,BUY,2024-12-12T13:47:00.000Z,2866,11.399999999999189
2024-12-12T14:30:00.000Z,EUR/JPY,BUY,2024-12-12T14:32:00.000Z,2866,14.699999999999136
2024-12-12T21:15:00.000Z,USD/JPY,SELL,2024-12-12T21:17:00.000Z,2866,9.999999999999432
2024-12-13T01:00:00.000Z,USD/JPY,SELL,2024-12-13T01:02:00.000Z,2866,11.199999999999477
2024-12-13T01:00:00.000Z,EUR/JPY,SELL,2024-12-13T01:02:00.000Z,2866,9.999999999999432
2024-12-13T02:30:00.000Z,AUD/USD,BUY,2024-12-13T02:32:00.000Z,2866,10.099999999999554
2024-12-13T03:30:00.000Z,USD/JPY,SELL,2024-12-13T03:32:00.000Z,2866,12.399999999999523
2024-12-13T09:30:00.000Z,AUD/JPY,SELL,2024-12-13T09:32:00.000Z,2866,-22.400000000000375
2024-12-13T10:45:00.000Z,EUR/USD,SELL,2024-12-13T10:47:00.000Z,2866,-10.899999999998133
2024-12-13T12:15:00.000Z,USD/JPY,SELL,2024-12-13T12:17:00.000Z,2866,10.699999999999932
2024-12-13T13:30:00.000Z,AUD/JPY,SELL,2024-12-13T13:32:00.000Z,2866,9.999999999999432
2024-12-13T13:45:00.000Z,EUR/JPY,SELL,2024-12-13T13:47:00.000Z,2866,-8.400000000000318
2024-12-13T14:00:00.000Z,EUR/USD,SELL,2024-12-13T14:02:00.000Z,2866,0
2024-12-16T01:15:00.000Z,EUR/JPY,SELL,2024-12-16T01:17:00.000Z,2867,13.300000000000978
2024-12-16T02:45:00.000Z,EUR/JPY,SELL,2024-12-16T02:47:00.000Z,2867,10.899999999998045
2024-12-16T02:45:00.000Z,AUD/JPY,SELL,2024-12-16T02:47:00.000Z,2867,9.999999999999432
2024-12-16T04:45:00.000Z,AUD/JPY,SELL,2024-12-16T04:47:00.000Z,2867,9.999999999999432
2024-12-16T04:45:00.000Z,AUD/USD,SELL,2024-12-16T04:47:00.000Z,2867,0
2024-12-16T11:45:00.000Z,AUD/USD,BUY,2024-12-16T11:47:00.000Z,2867,10.000000000000009
2024-12-16T13:15:00.000Z,USD/JPY,SELL,2024-12-16T13:17:00.000Z,2867,10.900000000000887
2024-12-16T15:45:00.000Z,USD/JPY,SELL,2024-12-16T15:47:00.000Z,2867,10.899999999998045
2024-12-16T16:30:00.000Z,AUD/JPY,SELL,2024-12-16T16:32:00.000Z,2867,10.80000000000041
2024-12-16T23:30:00.000Z,AUD/JPY,SELL,2024-12-16T23:32:00.000Z,2867,9.999999999999432
2024-12-17T01:00:00.000Z,EUR/JPY,SELL,2024-12-17T01:02:00.000Z,2867,0
2024-12-17T01:15:00.000Z,EUR/USD,SELL,2024-12-17T01:17:00.000Z,2867,10.199999999997988
2024-12-17T05:30:00.000Z,AUD/USD,BUY,2024-12-17T05:32:00.000Z,2867,-42.40000000000021
2024-12-17T07:00:00.000Z,EUR/USD,BUY,2024-12-17T07:02:00.000Z,2867,12.399999999999078
2024-12-17T07:00:00.000Z,AUD/USD,BUY,2024-12-17T07:02:00.000Z,2867,-28.599999999999735
2024-12-17T10:00:00.000Z,EUR/JPY,BUY,2024-12-17T10:02:00.000Z,2867,9.999999999999432
2024-12-17T10:15:00.000Z,EUR/USD,BUY,2024-12-17T10:17:00.000Z,2867,11.499999999997623
2024-12-17T10:45:00.000Z,AUD/JPY,BUY,2024-12-17T10:47:00.000Z,2867,9.999999999999432
2024-12-17T10:45:00.000Z,EUR/USD,BUY,2024-12-17T10:47:00.000Z,2867,10.199999999997988
2024-12-17T10:45:00.000Z,AUD/USD,BUY,2024-12-17T10:47:00.000Z,2867,10.000000000000009
2024-12-17T15:30:00.000Z,USD/JPY,BUY,2024-12-17T15:32:00.000Z,2867,12.699999999998113
2024-12-17T15:45:00.000Z,AUD/JPY,BUY,2024-12-17T15:47:00.000Z,2867,-13.700000000000045
2024-12-17T18:15:00.000Z,USD/JPY,BUY,2024-12-17T18:17:00.000Z,2867,9.999999999999432
2024-12-17T18:15:00.000Z,EUR/JPY,BUY,2024-12-17T18:17:00.000Z,2867,9.999999999999432
2024-12-17T18:15:00.000Z,AUD/JPY,BUY,2024-12-17T18:17:00.000Z,2867,9.999999999999432
2024-12-17T19:00:00.000Z,USD/JPY,BUY,2024-12-17T19:02:00.000Z,2867,11.599999999998545
2024-12-17T19:00:00.000Z,AUD/JPY,BUY,2024-12-17T19:02:00.000Z,2867,9.999999999999432
2024-12-17T19:45:00.000Z,EUR/JPY,BUY,2024-12-17T19:47:00.000Z,2867,10.199999999997544
2024-12-18T01:00:00.000Z,EUR/JPY,SELL,2024-12-18T01:02:00.000Z,2867,9.999999999999432
2024-12-18T01:30:00.000Z,AUD/USD,BUY,2024-12-18T01:32:00.000Z,2867,-104.89999999999999
2024-12-18T05:30:00.000Z,AUD/JPY,BUY,2024-12-18T05:32:00.000Z,2867,10.500000000000398
2024-12-18T05:45:00.000Z,AUD/USD,BUY,2024-12-18T05:47:00.000Z,2867,10.000000000000009
2024-12-18T06:15:00.000Z,AUD/JPY,BUY,2024-12-18T06:17:00.000Z,2867,9.999999999999432
2024-12-18T06:15:00.000Z,AUD/USD,BUY,2024-12-18T06:17:00.000Z,2867,10.000000000000009
2024-12-18T14:00:00.000Z,AUD/JPY,SELL,2024-12-18T14:02:00.000Z,2867,9.999999999999432
2024-12-18T17:15:00.000Z,EUR/USD,BUY,2024-12-18T17:17:00.000Z,2867,11.999999999998678
2024-12-18T17:30:00.000Z,AUD/USD,BUY,2024-12-18T17:32:00.000Z,2867,-51.20000000000013
2024-12-18T19:30:00.000Z,USD/JPY,SELL,2024-12-18T19:32:00.000Z,2867,-308.4000000000003
2024-12-18T20:15:00.000Z,USD/JPY,SELL,2024-12-18T20:17:00.000Z,2867,-297.20000000000084
2024-12-18T21:00:00.000Z,EUR/JPY,BUY,2024-12-18T21:02:00.000Z,2867,9.999999999999432
2024-12-18T22:15:00.000Z,USD/JPY,SELL,2024-12-18T22:17:00.000Z,2867,9.999999999999432
2024-12-19T00:00:00.000Z,EUR/JPY,BUY,2024-12-19T00:02:00.000Z,2867,0
2024-12-19T00:15:00.000Z,EUR/USD,BUY,2024-12-19T00:17:00.000Z,2867,9.999999999998899
2024-12-19T00:30:00.000Z,AUD/JPY,BUY,2024-12-19T00:32:00.000Z,2867,9.999999999999432
2024-12-19T00:45:00.000Z,AUD/USD,BUY,2024-12-19T00:47:00.000Z,2867,10.000000000000009
2024-12-19T03:30:00.000Z,USD/JPY,SELL,2024-12-19T03:32:00.000Z,2867,16.499999999999204
2024-12-19T05:45:00.000Z,EUR/JPY,SELL,2024-12-19T05:47:00.000Z,2867,-151.6999999999996
2024-12-19T10:00:00.000Z,EUR/USD,SELL,2024-12-19T10:02:00.000Z,2867,9.999999999998899
2024-12-19T10:45:00.000Z,USD/JPY,SELL,2024-12-19T10:47:00.000Z,2867,11.39999999999759
2024-12-19T11:30:00.000Z,USD/JPY,SELL,2024-12-19T11:32:00.000Z,2867,14.799999999999613
2024-12-19T11:45:00.000Z,EUR/JPY,SELL,2024-12-19T11:47:00.000Z,2867,13.09999999999718
2024-12-19T11:45:00.000Z,AUD/JPY,SELL,2024-12-19T11:47:00.000Z,2867,14.100000000000534
2024-12-19T15:00:00.000Z,USD/JPY,SELL,2024-12-19T15:02:00.000Z,2867,9.999999999999432
2024-12-19T16:30:00.000Z,EUR/USD,BUY,2024-12-19T16:32:00.000Z,2867,10.699999999996823
2024-12-19T16:45:00.000Z,USD/JPY,SELL,2024-12-19T16:47:00.000Z,2867,13.49999999999909
2024-12-19T17:00:00.000Z,AUD/JPY,SELL,2024-12-19T17:02:00.000Z,2867,9.999999999999432
2024-12-19T17:15:00.000Z,USD/JPY,SELL,2024-12-19T17:17:00.000Z,2867,14.900000000000091
2024-12-19T17:15:00.000Z,EUR/USD,BUY,2024-12-19T17:17:00.000Z,2867,9.999999999998899
2024-12-20T00:30:00.000Z,USD/JPY,SELL,2024-12-20T00:32:00.000Z,2867,16.100000000000136
2024-12-20T01:30:00.000Z,AUD/USD,BUY,2024-12-20T01:32:00.000Z,2867,10.000000000000009
2024-12-20T02:45:00.000Z,AUD/JPY,BUY,2024-12-20T02:47:00.000Z,2867,12.399999999999523
2024-12-20T04:00:00.000Z,AUD/JPY,BUY,2024-12-20T04:02:00.000Z,2867,9.999999999999432
2024-12-20T04:00:00.000Z,AUD/USD,BUY,2024-12-20T04:02:00.000Z,2867,10.000000000000009
2024-12-20T09:00:00.000Z,EUR/USD,SELL,2024-12-20T09:02:00.000Z,2867,9.999999999998899
2024-12-20T14:00:00.000Z,EUR/USD,SELL,2024-12-20T14:02:00.000Z,2867,10.499999999997733
2024-12-20T17:45:00.000Z,EUR/USD,SELL,2024-12-20T17:47:00.000Z,2867,0.5999999999994898
2024-12-20T17:45:00.000Z,AUD/USD,SELL,2024-12-20T17:47:00.000Z,2867,10.000000000000009
2024-12-23T09:00:00.000Z,EUR/USD,BUY,2024-12-23T09:02:00.000Z,2868,-23.199999999998777
2024-12-23T10:15:00.000Z,EUR/USD,BUY,2024-12-23T10:17:00.000Z,2868,-14.400000000001079
2024-12-23T11:30:00.000Z,EUR/USD,BUY,2024-12-23T11:32:00.000Z,2868,11.999999999998678
2024-12-23T12:00:00.000Z,EUR/USD,BUY,2024-12-23T12:02:00.000Z,2868,11.300000000000754
2024-12-23T14:15:00.000Z,USD/JPY,SELL,2024-12-23T14:17:00.000Z,2868,9.999999999999432
2024-12-23T14:15:00.000Z,AUD/USD,BUY,2024-12-23T14:17:00.000Z,2868,11.299999999999644
2024-12-23T15:45:00.000Z,USD/JPY,SELL,2024-12-23T15:47:00.000Z,2868,9.999999999999432
2024-12-23T15:45:00.000Z,AUD/USD,BUY,2024-12-23T15:47:00.000Z,2868,10.000000000000009
2024-12-24T02:00:00.000Z,AUD/USD,BUY,2024-12-24T02:02:00.000Z,2868,10.000000000000009
2024-12-24T04:30:00.000Z,EUR/JPY,BUY,2024-12-24T04:32:00.000Z,2868,9.999999999999432
2024-12-24T15:00:00.000Z,EUR/JPY,SELL,2024-12-24T15:02:00.000Z,2868,14.000000000001478
2024-12-24T16:45:00.000Z,USD/JPY,SELL,2024-12-24T16:47:00.000Z,2868,11.099999999999
2024-12-26T03:45:00.000Z,AUD/JPY,SELL,2024-12-26T03:47:00.000Z,2868,9.999999999999432
2024-12-26T03:45:00.000Z,AUD/USD,SELL,2024-12-26T03:47:00.000Z,2868,0
2024-12-26T10:00:00.000Z,AUD/USD,BUY,2024-12-26T10:02:00.000Z,2868,-15.600000000000058
2024-12-26T12:15:00.000Z,EUR/JPY,SELL,2024-12-26T12:17:00.000Z,2868,-78.2999999999987
2024-12-26T13:15:00.000Z,USD/JPY,SELL,2024-12-26T13:17:00.000Z,2868,-20.79999999999984
2024-12-26T13:30:00.000Z,EUR/JPY,SELL,2024-12-26T13:32:00.000Z,2868,-66.80000000000064
2024-12-26T17:45:00.000Z,EUR/JPY,SELL,2024-12-26T17:47:00.000Z,2868,9.999999999999432
2024-12-26T18:15:00.000Z,USD/JPY,SELL,2024-12-26T18:17:00.000Z,2868,10.099999999999909
2024-12-26T18:45:00.000Z,EUR/JPY,SELL,2024-12-26T18:47:00.000Z,2868,10.900000000000887
2024-12-27T06:15:00.000Z,AUD/USD,BUY,2024-12-27T06:17:00.000Z,2868,10.000000000000009
2024-12-27T12:30:00.000Z,EUR/USD,SELL,2024-12-27T12:32:00.000Z,2868,9.999999999998899
2024-12-29T23:30:00.000Z,AUD/USD,SELL,2024-12-29T23:32:00.000Z,2869,10.000000000000009
2024-12-30T04:15:00.000Z,AUD/USD,SELL,2024-12-30T04:17:00.000Z,2869,10.000000000000009
2024-12-30T06:30:00.000Z,AUD/JPY,SELL,2024-12-30T06:32:00.000Z,2869,10.39999999999992
2024-12-30T06:30:00.000Z,AUD/USD,SELL,2024-12-30T06:32:00.000Z,2869,10.000000000000009
2024-12-30T09:15:00.000Z,EUR/USD,BUY,2024-12-30T09:17:00.000Z,2869,9.999999999998899
2024-12-30T12:30:00.000Z,EUR/USD,SELL,2024-12-30T12:32:00.000Z,2869,9.999999999998899
2024-12-30T13:00:00.000Z,USD/JPY,BUY,2024-12-30T13:02:00.000Z,2869,-62.700000000000955
2024-12-30T14:15:00.000Z,EUR/USD,BUY,2024-12-30T14:17:00.000Z,2869,9.999999999998899
2024-12-30T14:15:00.000Z,AUD/USD,BUY,2024-12-30T14:17:00.000Z,2869,10.000000000000009
2024-12-30T14:30:00.000Z,AUD/JPY,BUY,2024-12-30T14:32:00.000Z,2869,-59.99999999999943
2024-12-30T15:45:00.000Z,USD/JPY,BUY,2024-12-30T15:47:00.000Z,2869,9.999999999999432
2024-12-30T16:00:00.000Z,AUD/JPY,BUY,2024-12-30T16:02:00.000Z,2869,13.799999999999102
2024-12-30T16:30:00.000Z,EUR/JPY,BUY,2024-12-30T16:32:00.000Z,2869,9.999999999999432
2024-12-30T21:30:00.000Z,USD/JPY,BUY,2024-12-30T21:32:00.000Z,2869,9.999999999999432
2024-12-30T21:45:00.000Z,AUD/JPY,BUY,2024-12-30T21:47:00.000Z,2869,-20.300000000000296
2024-12-31T02:00:00.000Z,EUR/JPY,BUY,2024-12-31T02:02:00.000Z,2869,11.600000000001387
2024-12-31T03:00:00.000Z,EUR/JPY,BUY,2024-12-31T03:02:00.000Z,2869,10.199999999997544
2024-12-31T03:30:00.000Z,AUD/JPY,BUY,2024-12-31T03:32:00.000Z,2869,9.999999999999432
2024-12-31T04:00:00.000Z,USD/JPY,BUY,2024-12-31T04:02:00.000Z,2869,9.999999999999432
2024-12-31T04:00:00.000Z,AUD/JPY,BUY,2024-12-31T04:02:00.000Z,2869,10.099999999999909
2024-12-31T05:30:00.000Z,AUD/JPY,BUY,2024-12-31T05:32:00.000Z,2869,12.599999999999056
2024-12-31T06:00:00.000Z,USD/JPY,BUY,2024-12-31T06:02:00.000Z,2869,12.299999999999045
2024-12-31T06:30:00.000Z,USD/JPY,BUY,2024-12-31T06:32:00.000Z,2869,9.999999999999432
2024-12-31T06:45:00.000Z,EUR/JPY,BUY,2024-12-31T06:47:00.000Z,2869,9.999999999999432
2024-12-31T06:45:00.000Z,AUD/JPY,BUY,2024-12-31T06:47:00.000Z,2869,9.999999999999432
2024-12-31T10:45:00.000Z,USD/JPY,SELL,2024-12-31T10:47:00.000Z,2869,9.999999999999432
2024-12-31T10:45:00.000Z,EUR/JPY,SELL,2024-12-31T10:47:00.000Z,2869,9.999999999999432
2024-12-31T13:30:00.000Z,AUD/USD,BUY,2024-12-31T13:32:00.000Z,2869,-10.999999999999899
2024-12-31T15:15:00.000Z,EUR/USD,BUY,2024-12-31T15:17:00.000Z,2869,-30.69999999999906
2024-12-31T17:45:00.000Z,USD/JPY,SELL,2024-12-31T17:47:00.000Z,2869,10.199999999997544
2024-12-31T18:00:00.000Z,AUD/USD,BUY,2024-12-31T18:02:00.000Z,2869,2.80000000000058
2024-12-31T18:30:00.000Z,EUR/USD,BUY,2024-12-31T18:32:00.000Z,2869,9.999999999998899
2025-01-02T00:15:00.000Z,AUD/JPY,SELL,2025-01-02T00:17:00.000Z,2869,9.999999999999432
2025-01-02T00:30:00.000Z,USD/JPY,SELL,2025-01-02T00:32:00.000Z,2869,16.499999999999204
2025-01-02T02:15:00.000Z,AUD/JPY,SELL,2025-01-02T02:17:00.000Z,2869,9.999999999999432
2025-01-02T03:15:00.000Z,AUD/USD,SELL,2025-01-02T03:17:00.000Z,2869,11.299999999999644
2025-01-02T07:30:00.000Z,USD/JPY,BUY,2025-01-02T07:32:00.000Z,2869,13.500000000001933
2025-01-02T07:30:00.000Z,EUR/JPY,BUY,2025-01-02T07:32:00.000Z,2869,-80.4000000000002
2025-01-02T08:00:00.000Z,USD/JPY,BUY,2025-01-02T08:02:00.000Z,2869,9.999999999999432
2025-01-02T08:00:00.000Z,EUR/JPY,BUY,2025-01-02T08:02:00.000Z,2869,9.999999999999432
2025-01-02T08:15:00.000Z,AUD/JPY,BUY,2025-01-02T08:17:00.000Z,2869,10.999999999999943
2025-01-02T08:45:00.000Z,EUR/JPY,BUY,2025-01-02T08:47:00.000Z,2869,9.999999999999432
2025-01-02T08:45:00.000Z,AUD/JPY,BUY,2025-01-02T08:47:00.000Z,2869,0
2025-01-02T11:15:00.000Z,EUR/USD,BUY,2025-01-02T11:17:00.000Z,2869,-40.70000000000018
2025-01-02T14:15:00.000Z,EUR/JPY,BUY,2025-01-02T14:17:00.000Z,2869,-1.300000000000523
2025-01-02T15:45:00.000Z,EUR/JPY,BUY,2025-01-02T15:47:00.000Z,2869,9.999999999999432
2025-01-02T17:15:00.000Z,EUR/USD,BUY,2025-01-02T17:17:00.000Z,2869,9.999999999998899
2025-01-02T17:30:00.000Z,AUD/JPY,SELL,2025-01-02T17:32:00.000Z,2869,0
2025-01-02T17:45:00.000Z,USD/JPY,SELL,2025-01-02T17:47:00.000Z,2869,9.999999999999432
2025-01-02T17:45:00.000Z,EUR/USD,BUY,2025-01-02T17:47:00.000Z,2869,10.599999999998388
2025-01-02T19:30:00.000Z,EUR/USD,BUY,2025-01-02T19:32:00.000Z,2869,9.999999999998899
2025-01-03T07:30:00.000Z,USD/JPY,BUY,2025-01-03T07:32:00.000Z,2869,9.999999999999432
2025-01-03T09:45:00.000Z,EUR/USD,SELL,2025-01-03T09:47:00.000Z,2869,9.999999999998899
2025-01-03T15:45:00.000Z,AUD/USD,BUY,2025-01-03T15:47:00.000Z,2869,10.000000000000009
2025-01-05T23:30:00.000Z,EUR/JPY,SELL,2025-01-05T23:32:00.000Z,2870,-165.6000000000006
2025-01-06T01:00:00.000Z,USD/JPY,SELL,2025-01-06T01:02:00.000Z,2870,9.999999999999432
2025-01-06T01:00:00.000Z,EUR/JPY,SELL,2025-01-06T01:02:00.000Z,2870,-174.39999999999998
2025-01-06T01:45:00.000Z,AUD/USD,SELL,2025-01-06T01:47:00.000Z,2870,10.000000000000009
2025-01-06T02:00:00.000Z,AUD/JPY,SELL,2025-01-06T02:02:00.000Z,2870,-77.50000000000057
2025-01-06T03:15:00.000Z,AUD/JPY,SELL,2025-01-06T03:17:00.000Z,2870,-66.80000000000064
2025-01-06T04:15:00.000Z,EUR/JPY,SELL,2025-01-06T04:17:00.000Z,2870,9.999999999999432
2025-01-06T04:45:00.000Z,EUR/JPY,SELL,2025-01-06T04:47:00.000Z,2870,11.899999999997135
2025-01-06T05:45:00.000Z,EUR/JPY,SELL,2025-01-06T05:47:00.000Z,2870,9.999999999999432
2025-01-06T06:15:00.000Z,AUD/JPY,SELL,2025-01-06T06:17:00.000Z,2870,-69.40000000000026
2025-01-06T08:45:00.000Z,EUR/USD,SELL,2025-01-06T08:47:00.000Z,2870,-83.3000000000017
2025-01-06T09:15:00.000Z,AUD/USD,SELL,2025-01-06T09:17:00.000Z,2870,10.000000000000009
2025-01-06T09:30:00.000Z,AUD/JPY,SELL,2025-01-06T09:32:00.000Z,2870,9.999999999999432
2025-01-06T10:15:00.000Z,EUR/JPY,SELL,2025-01-06T10:17:00.000Z,2870,11.099999999999
2025-01-06T10:15:00.000Z,AUD/JPY,SELL,2025-01-06T10:17:00.000Z,2870,11.899999999999977
2025-01-06T10:15:00.000Z,EUR/USD,SELL,2025-01-06T10:17:00.000Z,2870,10.799999999999699
2025-01-06T12:15:00.000Z,EUR/JPY,SELL,2025-01-06T12:17:00.000Z,2870,9.999999999999432
2025-01-06T12:15:00.000Z,AUD/JPY,SELL,2025-01-06T12:17:00.000Z,2870,9.999999999999432
2025-01-06T12:30:00.000Z,EUR/USD,SELL,2025-01-06T12:32:00.000Z,2870,9.999999999998899
2025-01-06T13:45:00.000Z,USD/JPY,BUY,2025-01-06T13:47:00.000Z,2870,14.499999999998181
2025-01-06T13:45:00.000Z,EUR/USD,SELL,2025-01-06T13:47:00.000Z,2870,9.999999999998899
2025-01-06T13:45:00.000Z,AUD/USD,SELL,2025-01-06T13:47:00.000Z,2870,10.599999999999499
2025-01-07T02:15:00.000Z,USD/JPY,SELL,2025-01-07T02:17:00.000Z,2870,12.299999999999045
2025-01-07T03:15:00.000Z,USD/JPY,SELL,2025-01-07T03:17:00.000Z,2870,10.099999999999909
2025-01-07T03:15:00.000Z,EUR/JPY,SELL,2025-01-07T03:17:00.000Z,2870,11.599999999998545
2025-01-07T03:15:00.000Z,AUD/JPY,SELL,2025-01-07T03:17:00.000Z,2870,9.999999999999432
2025-01-07T04:15:00.000Z,EUR/JPY,SELL,2025-01-07T04:17:00.000Z,2870,9.999999999999432
2025-01-07T04:15:00.000Z,AUD/JPY,SELL,2025-01-07T04:17:00.000Z,2870,9.999999999999432
2025-01-07T06:00:00.000Z,EUR/USD,SELL,2025-01-07T06:02:00.000Z,2870,11.199999999997878
2025-01-07T06:30:00.000Z,AUD/USD,SELL,2025-01-07T06:32:00.000Z,2870,10.000000000000009
2025-01-07T08:00:00.000Z,EUR/USD,SELL,2025-01-07T08:02:00.000Z,2870,9.999999999998899
2025-01-07T08:15:00.000Z,AUD/USD,SELL,2025-01-07T08:17:00.000Z,2870,12.800000000000589
2025-01-07T08:30:00.000Z,USD/JPY,BUY,2025-01-07T08:32:00.000Z,2870,9.999999999999432
2025-01-07T09:15:00.000Z,USD/JPY,BUY,2025-01-07T09:17:00.000Z,2870,11.39999999999759
2025-01-07T11:15:00.000Z,AUD/JPY,SELL,2025-01-07T11:17:00.000Z,2870,9.999999999999432
2025-01-07T11:15:00.000Z,AUD/USD,SELL,2025-01-07T11:17:00.000Z,2870,10.000000000000009
2025-01-07T15:30:00.000Z,USD/JPY,SELL,2025-01-07T15:32:00.000Z,2870,9.999999999999432
2025-01-07T15:30:00.000Z,EUR/USD,BUY,2025-01-07T15:32:00.000Z,2870,-80.29999999999981
2025-01-07T15:30:00.000Z,AUD/USD,BUY,2025-01-07T15:32:00.000Z,2870,-46.40000000000088
2025-01-07T16:30:00.000Z,AUD/JPY,BUY,2025-01-07T16:32:00.000Z,2870,-19.10000000000025
2025-01-07T17:15:00.000Z,AUD/JPY,BUY,2025-01-07T17:17:00.000Z,2870,-22.799999999999443
2025-01-07T18:00:00.000Z,EUR/JPY,BUY,2025-01-07T18:02:00.000Z,2870,11.999999999997613
2025-01-07T18:45:00.000Z,EUR/JPY,BUY,2025-01-07T18:47:00.000Z,2870,10.500000000001819
2025-01-07T19:00:00.000Z,AUD/JPY,BUY,2025-01-07T19:02:00.000Z,2870,9.999999999999432
2025-01-07T21:00:00.000Z,EUR/JPY,BUY,2025-01-07T21:02:00.000Z,2870,9.999999999999432
2025-01-07T21:00:00.000Z,AUD/JPY,BUY,2025-01-07T21:02:00.000Z,2870,9.999999999999432
2025-01-07T22:15:00.000Z,EUR/USD,BUY,2025-01-07T22:17:00.000Z,2870,9.999999999998899
2025-01-08T00:15:00.000Z,USD/JPY,SELL,2025-01-08T00:17:00.000Z,2870,9.999999999999432
2025-01-08T01:45:00.000Z,AUD/JPY,BUY,2025-01-08T01:47:00.000Z,2870,11.7999999999995
2025-01-08T01:45:00.000Z,AUD/USD,BUY,2025-01-08T01:47:00.000Z,2870,11.300000000000754
2025-01-08T08:00:00.000Z,EUR/JPY,BUY,2025-01-08T08:02:00.000Z,2870,9.999999999999432
2025-01-08T09:15:00.000Z,EUR/USD,BUY,2025-01-08T09:17:00.000Z,2870,-13.699999999998713
2025-01-08T09:45:00.000Z,EUR/JPY,BUY,2025-01-08T09:47:00.000Z,2870,12.000000000000455
2025-01-08T09:45:00.000Z,EUR/USD,BUY,2025-01-08T09:47:00.000Z,2870,-12.099999999999334
2025-01-08T10:30:00.000Z,EUR/JPY,BUY,2025-01-08T10:32:00.000Z,2870,9.999999999999432
2025-01-08T11:00:00.000Z,EUR/USD,BUY,2025-01-08T11:02:00.000Z,2870,-18.800000000001038
2025-01-08T12:00:00.000Z,USD/JPY,SELL,2025-01-08T12:02:00.000Z,2870,12.199999999998568
2025-01-08T12:00:00.000Z,EUR/USD,BUY,2025-01-08T12:02:00.000Z,2870,11.999999999998678
2025-01-08T12:00:00.000Z,AUD/USD,BUY,2025-01-08T12:02:00.000Z,2870,10.000000000000009
2025-01-08T12:45:00.000Z,AUD/JPY,BUY,2025-01-08T12:47:00.000Z,2870,9.999999999999432
2025-01-08T12:45:00.000Z,EUR/USD,BUY,2025-01-08T12:47:00.000Z,2870,9.999999999998899
2025-01-08T13:15:00.000Z,EUR/USD,BUY,2025-01-08T13:17:00.000Z,2870,9.999999999998899
2025-01-08T13:15:00.000Z,AUD/USD,BUY,2025-01-08T13:17:00.000Z,2870,10.000000000000009
2025-01-09T03:45:00.000Z,USD/JPY,BUY,2025-01-09T03:47:00.000Z,2870,10.999999999998522
2025-01-09T04:45:00.000Z,USD/JPY,BUY,2025-01-09T04:47:00.000Z,2870,9.999999999999432
2025-01-09T05:00:00.000Z,EUR/JPY,BUY,2025-01-09T05:02:00.000Z,2870,11.39999999999759
2025-01-09T05:00:00.000Z,AUD/JPY,BUY,2025-01-09T05:02:00.000Z,2870,13.599999999999568
2025-01-09T08:00:00.000Z,AUD/JPY,BUY,2025-01-09T08:02:00.000Z,2870,10.599999999999454
2025-01-09T08:30:00.000Z,AUD/USD,BUY,2025-01-09T08:32:00.000Z,2870,10.000000000000009
2025-01-09T13:00:00.000Z,EUR/JPY,BUY,2025-01-09T13:02:00.000Z,2870,15.299999999999159
2025-01-09T14:00:00.000Z,USD/JPY,BUY,2025-01-09T14:02:00.000Z,2870,9.999999999999432
2025-01-10T07:15:00.000Z,EUR/USD,BUY,2025-01-10T07:17:00.000Z,2870,10.200000000000209
2025-01-10T09:30:00.000Z,EUR/JPY,BUY,2025-01-10T09:32:00.000Z,2870,9.999999999999432
2025-01-10T09:45:00.000Z,USD/JPY,BUY,2025-01-10T09:47:00.000Z,2870,11.499999999998067
2025-01-10T09:45:00.000Z,AUD/JPY,BUY,2025-01-10T09:47:00.000Z,2870,10.699999999999932
2025-01-10T14:00:00.000Z,USD/JPY,SELL,2025-01-10T14:02:00.000Z,2870,17.799999999999727
2025-01-10T14:30:00.000Z,EUR/USD,BUY,2025-01-10T14:32:00.000Z,2870,18.699999999998163
2025-01-10T14:30:00.000Z,AUD/USD,BUY,2025-01-10T14:32:00.000Z,2870,-16.300000000000203
2025-01-10T17:00:00.000Z,EUR/USD,BUY,2025-01-10T17:02:00.000Z,2870,9.999999999998899
2025-01-10T18:00:00.000Z,AUD/JPY,BUY,2025-01-10T18:02:00.000Z,2870,-10.400000000001342
2025-01-10T18:15:00.000Z,EUR/JPY,BUY,2025-01-10T18:17:00.000Z,2870,9.999999999999432
2025-01-13T02:00:00.000Z,EUR/JPY,BUY,2025-01-13T02:02:00.000Z,2871,12.599999999997635
2025-01-13T04:15:00.000Z,EUR/JPY,BUY,2025-01-13T04:17:00.000Z,2871,12.899999999999068
2025-01-13T04:15:00.000Z,AUD/JPY,BUY,2025-01-13T04:17:00.000Z,2871,12.599999999999056
2025-01-13T05:00:00.000Z,EUR/JPY,BUY,2025-01-13T05:02:00.000Z,2871,11.999999999997613
2025-01-13T05:15:00.000Z,EUR/USD,BUY,2025-01-13T05:17:00.000Z,2871,10.399999999999299
2025-01-13T05:15:00.000Z,AUD/USD,BUY,2025-01-13T05:17:00.000Z,2871,10.100000000000664
2025-01-13T05:45:00.000Z,EUR/USD,BUY,2025-01-13T05:47:00.000Z,2871,10.499999999997733
2025-01-13T06:00:00.000Z,EUR/JPY,BUY,2025-01-13T06:02:00.000Z,2871,12.600000000000477
2025-01-13T06:00:00.000Z,AUD/JPY,BUY,2025-01-13T06:02:00.000Z,2871,9.999999999999432
2025-01-13T09:45:00.000Z,EUR/USD,BUY,2025-01-13T09:47:00.000Z,2871,9.999999999998899
2025-01-13T10:15:00.000Z,EUR/JPY,BUY,2025-01-13T10:17:00.000Z,2871,13.800000000000523
2025-01-13T22:15:00.000Z,AUD/JPY,SELL,2025-01-13T22:17:00.000Z,2871,-73.40000000000089
2025-01-13T22:15:00.000Z,AUD/USD,SELL,2025-01-13T22:17:00.000Z,2871,-22.400000000000198
2025-01-13T23:00:00.000Z,EUR/JPY,SELL,2025-01-13T23:02:00.000Z,2871,15.300000000002001
2025-01-13T23:00:00.000Z,AUD/JPY,SELL,2025-01-13T23:02:00.000Z,2871,9.999999999999432
2025-01-13T23:45:00.000Z,EUR/JPY,SELL,2025-01-13T23:47:00.000Z,2871,9.999999999999432
2025-01-13T23:45:00.000Z,AUD/JPY,SELL,2025-01-13T23:47:00.000Z,2871,9.999999999999432
2025-01-14T00:15:00.000Z,EUR/USD,SELL,2025-01-14T00:17:00.000Z,2871,9.999999999998899
2025-01-14T00:15:00.000Z,AUD/USD,SELL,2025-01-14T00:17:00.000Z,2871,10.299999999999754
2025-01-14T02:00:00.000Z,AUD/JPY,SELL,2025-01-14T02:02:00.000Z,2871,9.999999999999432
2025-01-14T08:30:00.000Z,AUD/USD,SELL,2025-01-14T08:32:00.000Z,2871,10.000000000000009
2025-01-14T10:15:00.000Z,EUR/JPY,SELL,2025-01-14T10:17:00.000Z,2871,9.999999999999432
2025-01-14T12:30:00.000Z,AUD/USD,BUY,2025-01-14T12:32:00.000Z,2871,10.000000000000009
2025-01-14T13:45:00.000Z,AUD/USD,BUY,2025-01-14T13:47:00.000Z,2871,10.000000000000009
2025-01-14T16:00:00.000Z,AUD/JPY,SELL,2025-01-14T16:02:00.000Z,2871,9.999999999999432
2025-01-14T16:30:00.000Z,EUR/USD,SELL,2025-01-14T16:32:00.000Z,2871,6.099999999999994
2025-01-14T16:45:00.000Z,EUR/JPY,SELL,2025-01-14T16:47:00.000Z,2871,11.899999999999977
2025-01-14T18:15:00.000Z,EUR/JPY,SELL,2025-01-14T18:17:00.000Z,2871,11.499999999998067
2025-01-14T19:45:00.000Z,EUR/JPY,SELL,2025-01-14T19:47:00.000Z,2871,9.999999999999432
2025-01-15T06:30:00.000Z,USD/JPY,BUY,2025-01-15T06:32:00.000Z,2871,-117.40000000000066
2025-01-15T06:30:00.000Z,EUR/JPY,BUY,2025-01-15T06:32:00.000Z,2871,-136.80000000000234
2025-01-15T06:30:00.000Z,AUD/JPY,BUY,2025-01-15T06:32:00.000Z,2871,10.899999999999466
2025-01-15T08:30:00.000Z,AUD/USD,SELL,2025-01-15T08:32:00.000Z,2871,-8.60000000000083
2025-01-15T08:45:00.000Z,USD/JPY,BUY,2025-01-15T08:47:00.000Z,2871,-110.79999999999757
2025-01-15T10:00:00.000Z,USD/JPY,BUY,2025-01-15T10:02:00.000Z,2871,9.999999999999432
2025-01-15T10:00:00.000Z,EUR/JPY,BUY,2025-01-15T10:02:00.000Z,2871,9.999999999999432
2025-01-15T11:00:00.000Z,EUR/JPY,BUY,2025-01-15T11:02:00.000Z,2871,11.299999999999955
2025-01-15T14:15:00.000Z,AUD/JPY,SELL,2025-01-15T14:17:00.000Z,2871,9.999999999999432
2025-01-15T14:15:00.000Z,EUR/USD,SELL,2025-01-15T14:17:00.000Z,2871,10.299999999998644
2025-01-15T14:45:00.000Z,USD/JPY,BUY,2025-01-15T14:47:00.000Z,2871,9.999999999999432
2025-01-15T14:45:00.000Z,AUD/USD,SELL,2025-01-15T14:47:00.000Z,2871,10.000000000000009
2025-01-15T16:15:00.000Z,EUR/JPY,BUY,2025-01-15T16:17:00.000Z,2871,-117.9000000000002
2025-01-15T17:30:00.000Z,EUR/JPY,BUY,2025-01-15T17:32:00.000Z,2871,-88.900000000001
2025-01-15T23:45:00.000Z,EUR/JPY,BUY,2025-01-15T23:47:00.000Z,2871,9.999999999999432
2025-01-16T00:15:00.000Z,EUR/JPY,BUY,2025-01-16T00:17:00.000Z,2871,10.799999999997567
2025-01-16T03:00:00.000Z,USD/JPY,BUY,2025-01-16T03:02:00.000Z,2871,9.999999999999432
2025-01-16T03:15:00.000Z,EUR/JPY,BUY,2025-01-16T03:17:00.000Z,2871,13.399999999998613
2025-01-16T03:45:00.000Z,EUR/JPY,BUY,2025-01-16T03:47:00.000Z,2871,10.199999999997544
2025-01-16T06:00:00.000Z,AUD/JPY,BUY,2025-01-16T06:02:00.000Z,2871,9.999999999999432
2025-01-16T06:15:00.000Z,AUD/USD,BUY,2025-01-16T06:17:00.000Z,2871,10.000000000000009
2025-01-16T13:00:00.000Z,EUR/USD,BUY,2025-01-16T13:02:00.000Z,2871,9.999999999998899
2025-01-16T13:00:00.000Z,AUD/USD,BUY,2025-01-16T13:02:00.000Z,2871,10.200000000000209
2025-01-16T13:45:00.000Z,AUD/USD,BUY,2025-01-16T13:47:00.000Z,2871,10.000000000000009
2025-01-17T06:00:00.000Z,USD/JPY,SELL,2025-01-17T06:02:00.000Z,2871,12.199999999998568
2025-01-17T06:00:00.000Z,EUR/USD,BUY,2025-01-17T06:02:00.000Z,2871,10.699999999999044
2025-01-17T07:45:00.000Z,EUR/USD,BUY,2025-01-17T07:47:00.000Z,2871,9.999999999998899
2025-01-17T13:15:00.000Z,AUD/USD,BUY,2025-01-17T13:17:00.000Z,2871,11.600000000000499
2025-01-17T13:45:00.000Z,AUD/JPY,BUY,2025-01-17T13:47:00.000Z,2871,9.999999999999432
2025-01-17T13:45:00.000Z,AUD/USD,BUY,2025-01-17T13:47:00.000Z,2871,10.900000000000354
2025-01-17T14:30:00.000Z,AUD/JPY,BUY,2025-01-17T14:32:00.000Z,2871,0
2025-01-17T14:30:00.000Z,AUD/USD,BUY,2025-01-17T14:32:00.000Z,2871,0
2025-01-17T15:00:00.000Z,USD/JPY,SELL,2025-01-17T15:02:00.000Z,2871,-19.80000000000075
2025-01-17T17:00:00.000Z,AUD/JPY,SELL,2025-01-17T17:02:00.000Z,2871,9.999999999999432
2025-01-19T23:45:00.000Z,USD/JPY,SELL,2025-01-19T23:47:00.000Z,2872,9.999999999999432
2025-01-20T07:45:00.000Z,EUR/JPY,SELL,2025-01-20T07:47:00.000Z,2872,9.999999999999432
2025-01-20T11:00:00.000Z,EUR/JPY,SELL,2025-01-20T11:02:00.000Z,2872,9.999999999999432
2025-01-20T11:30:00.000Z,EUR/JPY,SELL,2025-01-20T11:32:00.000Z,2872,9.999999999999432
2025-01-20T14:15:00.000Z,USD/JPY,BUY,2025-01-20T14:17:00.000Z,2872,14.699999999999136
2025-01-20T15:00:00.000Z,USD/JPY,BUY,2025-01-20T15:02:00.000Z,2872,9.999999999999432
2025-01-20T15:30:00.000Z,EUR/JPY,SELL,2025-01-20T15:32:00.000Z,2872,11.099999999999
2025-01-20T15:30:00.000Z,AUD/JPY,SELL,2025-01-20T15:32:00.000Z,2872,9.999999999999432
2025-01-20T15:30:00.000Z,EUR/USD,SELL,2025-01-20T15:32:00.000Z,2872,9.999999999998899
2025-01-20T15:30:00.000Z,AUD/USD,SELL,2025-01-20T15:32:00.000Z,2872,10.000000000000009
2025-01-21T00:30:00.000Z,USD/JPY,BUY,2025-01-21T00:32:00.000Z,2872,9.999999999999432
2025-01-21T01:15:00.000Z,AUD/JPY,BUY,2025-01-21T01:17:00.000Z,2872,9.999999999999432
2025-01-21T01:15:00.000Z,EUR/USD,BUY,2025-01-21T01:17:00.000Z,2872,9.999999999998899
2025-01-21T01:15:00.000Z,AUD/USD,BUY,2025-01-21T01:17:00.000Z,2872,10.000000000000009
2025-01-21T02:15:00.000Z,AUD/JPY,BUY,2025-01-21T02:17:00.000Z,2872,12.299999999999045
2025-01-21T02:45:00.000Z,AUD/JPY,BUY,2025-01-21T02:47:00.000Z,2872,12.499999999998579
2025-01-21T03:30:00.000Z,EUR/JPY,BUY,2025-01-21T03:32:00.000Z,2872,16.100000000000136
2025-01-21T03:30:00.000Z,AUD/JPY,BUY,2025-01-21T03:32:00.000Z,2872,14.300000000000068
2025-01-21T14:45:00.000Z,AUD/USD,SELL,2025-01-21T14:47:00.000Z,2872,-20.999999999999908
2025-01-21T15:00:00.000Z,EUR/USD,SELL,2025-01-21T15:02:00.000Z,2872,-33.199999999999896
2025-01-21T16:00:00.000Z,EUR/USD,SELL,2025-01-21T16:02:00.000Z,2872,-16.599999999999948
2025-01-21T18:00:00.000Z,AUD/USD,SELL,2025-01-21T18:02:00.000Z,2872,10.000000000000009
2025-01-21T19:00:00.000Z,AUD/JPY,SELL,2025-01-21T19:02:00.000Z,2872,-76.60000000000053
2025-01-21T19:00:00.000Z,AUD/USD,SELL,2025-01-21T19:02:00.000Z,2872,10.900000000000354
2025-01-21T19:15:00.000Z,EUR/USD,SELL,2025-01-21T19:17:00.000Z,2872,9.999999999998899
2025-01-21T19:30:00.000Z,EUR/JPY,SELL,2025-01-21T19:32:00.000Z,2872,9.999999999999432
2025-01-22T04:00:00.000Z,AUD/JPY,SELL,2025-01-22T04:02:00.000Z,2872,9.999999999999432
2025-01-22T04:15:00.000Z,EUR/JPY,SELL,2025-01-22T04:17:00.000Z,2872,9.999999999999432
2025-01-22T11:00:00.000Z,EUR/JPY,SELL,2025-01-22T11:02:00.000Z,2872,9.999999999999432
2025-01-22T11:00:00.000Z,AUD/JPY,SELL,2025-01-22T11:02:00.000Z,2872,9.999999999999432
2025-01-22T11:00:00.000Z,AUD/USD,SELL,2025-01-22T11:02:00.000Z,2872,10.000000000000009
2025-01-22T11:30:00.000Z,EUR/JPY,SELL,2025-01-22T11:32:00.000Z,2872,12.899999999999068
2025-01-22T11:30:00.000Z,AUD/JPY,SELL,2025-01-22T11:32:00.000Z,2872,9.999999999999432
2025-01-22T11:30:00.000Z,EUR/USD,SELL,2025-01-22T11:32:00.000Z,2872,10.299999999998644
2025-01-22T11:30:00.000Z,AUD/USD,SELL,2025-01-22T11:32:00.000Z,2872,10.000000000000009
2025-01-22T17:15:00.000Z,EUR/JPY,SELL,2025-01-22T17:17:00.000Z,2872,9.999999999999432
2025-01-22T18:30:00.000Z,USD/JPY,SELL,2025-01-22T18:32:00.000Z,2872,12.299999999999045
2025-01-23T05:45:00.000Z,USD/JPY,SELL,2025-01-23T05:47:00.000Z,2872,11.899999999999977
2025-01-23T05:45:00.000Z,EUR/JPY,SELL,2025-01-23T05:47:00.000Z,2872,11.899999999999977
2025-01-23T09:15:00.000Z,AUD/JPY,BUY,2025-01-23T09:17:00.000Z,2872,9.999999999999432
2025-01-23T09:15:00.000Z,AUD/USD,BUY,2025-01-23T09:17:00.000Z,2872,10.000000000000009
2025-01-23T17:00:00.000Z,USD/JPY,BUY,2025-01-23T17:02:00.000Z,2872,9.999999999999432
2025-01-23T18:15:00.000Z,AUD/USD,SELL,2025-01-23T18:17:00.000Z,2872,10.999999999999899
2025-01-24T02:45:00.000Z,EUR/JPY,SELL,2025-01-24T02:47:00.000Z,2872,9.999999999999432
2025-01-24T03:15:00.000Z,AUD/JPY,SELL,2025-01-24T03:17:00.000Z,2872,9.999999999999432
2025-01-24T03:30:00.000Z,EUR/USD,SELL,2025-01-24T03:32:00.000Z,2872,-56.80000000000129
2025-01-24T03:30:00.000Z,AUD/USD,SELL,2025-01-24T03:32:00.000Z,2872,-6.599999999999939
2025-01-24T04:30:00.000Z,AUD/USD,SELL,2025-01-24T04:32:00.000Z,2872,11.200000000000099
2025-01-24T04:45:00.000Z,EUR/JPY,BUY,2025-01-24T04:47:00.000Z,2872,13.700000000000045
2025-01-24T04:45:00.000Z,EUR/USD,SELL,2025-01-24T04:47:00.000Z,2872,-52.80000000000173
2025-01-24T05:30:00.000Z,USD/JPY,BUY,2025-01-24T05:32:00.000Z,2872,11.899999999999977
2025-01-24T07:00:00.000Z,EUR/USD,SELL,2025-01-24T07:02:00.000Z,2872,-40.300000000002
2025-01-24T07:00:00.000Z,AUD/USD,SELL,2025-01-24T07:02:00.000Z,2872,10.000000000000009
2025-01-24T10:00:00.000Z,EUR/USD,SELL,2025-01-24T10:02:00.000Z,2872,9.999999999998899
2025-01-24T11:30:00.000Z,AUD/JPY,SELL,2025-01-24T11:32:00.000Z,2872,9.999999999999432
2025-01-24T13:30:00.000Z,USD/JPY,SELL,2025-01-24T13:32:00.000Z,2872,9.999999999999432
2025-01-24T13:30:00.000Z,EUR/JPY,SELL,2025-01-24T13:32:00.000Z,2872,12.000000000000455
2025-01-24T13:30:00.000Z,AUD/JPY,SELL,2025-01-24T13:32:00.000Z,2872,9.999999999999432
2025-01-24T15:15:00.000Z,EUR/JPY,SELL,2025-01-24T15:17:00.000Z,2872,10.900000000000887
2025-01-24T17:30:00.000Z,EUR/USD,SELL,2025-01-24T17:32:00.000Z,2872,9.999999999998899
2025-01-26T22:30:00.000Z,EUR/JPY,BUY,2025-01-26T22:32:00.000Z,2873,9.999999999999432
2025-01-26T23:45:00.000Z,EUR/JPY,BUY,2025-01-26T23:47:00.000Z,2873,9.999999999999432
2025-01-27T00:15:00.000Z,EUR/JPY,BUY,2025-01-27T00:17:00.000Z,2873,13.599999999999568
2025-01-27T00:15:00.000Z,AUD/JPY,BUY,2025-01-27T00:17:00.000Z,2873,10.500000000000398
2025-01-27T00:30:00.000Z,EUR/USD,BUY,2025-01-27T00:32:00.000Z,2873,10.999999999998789
2025-01-27T00:30:00.000Z,AUD/USD,BUY,2025-01-27T00:32:00.000Z,2873,10.000000000000009
2025-01-27T01:30:00.000Z,AUD/JPY,BUY,2025-01-27T01:32:00.000Z,2873,9.999999999999432
2025-01-27T02:30:00.000Z,EUR/JPY,BUY,2025-01-27T02:32:00.000Z,2873,9.999999999999432
2025-01-27T02:45:00.000Z,AUD/JPY,BUY,2025-01-27T02:47:00.000Z,2873,10.500000000000398
2025-01-27T02:45:00.000Z,AUD/USD,BUY,2025-01-27T02:47:00.000Z,2873,10.400000000000409
2025-01-27T06:30:00.000Z,USD/JPY,SELL,2025-01-27T06:32:00.000Z,2873,9.999999999999432
2025-01-27T09:00:00.000Z,AUD/JPY,BUY,2025-01-27T09:02:00.000Z,2873,-27.10000000000008
2025-01-27T11:45:00.000Z,EUR/JPY,BUY,2025-01-27T11:47:00.000Z,2873,9.999999999999432
2025-01-27T12:15:00.000Z,USD/JPY,BUY,2025-01-27T12:17:00.000Z,2873,9.999999999999432
2025-01-27T12:15:00.000Z,AUD/JPY,BUY,2025-01-27T12:17:00.000Z,2873,9.999999999999432
2025-01-27T12:15:00.000Z,EUR/USD,SELL,2025-01-27T12:17:00.000Z,2873,9.999999999998899
2025-01-27T13:30:00.000Z,EUR/USD,SELL,2025-01-27T13:32:00.000Z,2873,11.099999999997223
2025-01-27T14:45:00.000Z,AUD/JPY,BUY,2025-01-27T14:47:00.000Z,2873,9.999999999999432
2025-01-28T00:00:00.000Z,EUR/JPY,BUY,2025-01-28T00:02:00.000Z,2873,0
2025-01-28T00:45:00.000Z,USD/JPY,SELL,2025-01-28T00:47:00.000Z,2873,-50.7000000000005
2025-01-28T00:45:00.000Z,AUD/USD,BUY,2025-01-28T00:47:00.000Z,2873,-30.200000000000227
2025-01-28T01:15:00.000Z,EUR/USD,BUY,2025-01-28T01:17:00.000Z,2873,-19.500000000001183
2025-01-28T01:45:00.000Z,USD/JPY,SELL,2025-01-28T01:47:00.000Z,2873,10.500000000001819
2025-01-28T02:30:00.000Z,EUR/USD,BUY,2025-01-28T02:32:00.000Z,2873,-6.599999999998829
2025-01-28T03:45:00.000Z,USD/JPY,SELL,2025-01-28T03:47:00.000Z,2873,9.999999999999432
2025-01-28T05:00:00.000Z,USD/JPY,SELL,2025-01-28T05:02:00.000Z,2873,11.400000000000432
2025-01-28T05:00:00.000Z,AUD/USD,BUY,2025-01-28T05:02:00.000Z,2873,-15.899999999999803
2025-01-29T01:00:00.000Z,AUD/JPY,BUY,2025-01-29T01:02:00.000Z,2873,12.099999999999511
2025-01-29T02:15:00.000Z,AUD/USD,BUY,2025-01-29T02:17:00.000Z,2873,12.299999999999534
2025-01-29T06:15:00.000Z,USD/JPY,BUY,2025-01-29T06:17:00.000Z,2873,9.999999999999432
2025-01-29T06:15:00.000Z,EUR/JPY,BUY,2025-01-29T06:17:00.000Z,2873,9.999999999999432
2025-01-29T08:15:00.000Z,EUR/USD,BUY,2025-01-29T08:17:00.000Z,2873,-3.6999999999998145
2025-01-29T10:30:00.000Z,EUR/USD,BUY,2025-01-29T10:32:00.000Z,2873,9.999999999998899
2025-01-29T10:30:00.000Z,AUD/USD,BUY,2025-01-29T10:32:00.000Z,2873,10.000000000000009
2025-01-29T14:00:00.000Z,EUR/JPY,BUY,2025-01-29T14:02:00.000Z,2873,12.09999999999809
2025-01-29T14:00:00.000Z,AUD/JPY,BUY,2025-01-29T14:02:00.000Z,2873,11.499999999998067
2025-01-29T14:15:00.000Z,AUD/USD,BUY,2025-01-29T14:17:00.000Z,2873,10.299999999999754
2025-01-29T16:15:00.000Z,USD/JPY,BUY,2025-01-29T16:17:00.000Z,2873,9.999999999999432
2025-01-30T01:30:00.000Z,USD/JPY,BUY,2025-01-30T01:32:00.000Z,2873,9.999999999999432
2025-01-30T01:30:00.000Z,EUR/JPY,BUY,2025-01-30T01:32:00.000Z,2873,-119.20000000000073
2025-01-30T02:45:00.000Z,USD/JPY,BUY,2025-01-30T02:47:00.000Z,2873,12.299999999999045
2025-01-30T02:45:00.000Z,EUR/JPY,BUY,2025-01-30T02:47:00.000Z,2873,13.300000000000978
2025-01-30T03:15:00.000Z,USD/JPY,BUY,2025-01-30T03:17:00.000Z,2873,9.999999999999432
2025-01-30T03:15:00.000Z,EUR/JPY,BUY,2025-01-30T03:17:00.000Z,2873,9.999999999999432
2025-01-30T03:15:00.000Z,AUD/JPY,BUY,2025-01-30T03:17:00.000Z,2873,-32.70000000000124
2025-01-30T05:30:00.000Z,AUD/JPY,BUY,2025-01-30T05:32:00.000Z,2873,14.300000000000068
2025-01-30T06:15:00.000Z,AUD/JPY,BUY,2025-01-30T06:17:00.000Z,2873,10.099999999998488
2025-01-30T06:45:00.000Z,AUD/USD,BUY,2025-01-30T06:47:00.000Z,2873,10.000000000000009
2025-01-30T07:15:00.000Z,AUD/JPY,BUY,2025-01-30T07:17:00.000Z,2873,12.299999999999045
2025-01-30T07:45:00.000Z,AUD/JPY,BUY,2025-01-30T07:47:00.000Z,2873,9.999999999999432
2025-01-30T11:45:00.000Z,EUR/USD,BUY,2025-01-30T11:47:00.000Z,2873,9.999999999998899
2025-01-30T13:30:00.000Z,EUR/JPY,BUY,2025-01-30T13:32:00.000Z,2873,9.999999999999432
2025-01-30T13:45:00.000Z,USD/JPY,BUY,2025-01-30T13:47:00.000Z,2873,12.600000000000477
2025-01-30T14:15:00.000Z,EUR/USD,SELL,2025-01-30T14:17:00.000Z,2873,9.999999999998899
2025-01-30T21:00:00.000Z,EUR/USD,BUY,2025-01-30T21:02:00.000Z,2873,9.999999999998899
2025-01-30T21:00:00.000Z,AUD/USD,BUY,2025-01-30T21:02:00.000Z,2873,10.000000000000009
2025-01-31T06:00:00.000Z,USD/JPY,SELL,2025-01-31T06:02:00.000Z,2873,13.399999999998613
2025-01-31T06:00:00.000Z,EUR/JPY,SELL,2025-01-31T06:02:00.000Z,2873,12.599999999997635
2025-01-31T06:30:00.000Z,USD/JPY,SELL,2025-01-31T06:32:00.000Z,2873,10.699999999999932
2025-01-31T06:30:00.000Z,EUR/JPY,SELL,2025-01-31T06:32:00.000Z,2873,12.999999999996703
2025-01-31T06:30:00.000Z,AUD/JPY,SELL,2025-01-31T06:32:00.000Z,2873,12.899999999999068
2025-01-31T07:00:00.000Z,AUD/JPY,SELL,2025-01-31T07:02:00.000Z,2873,9.999999999999432
2025-01-31T07:45:00.000Z,AUD/JPY,SELL,2025-01-31T07:47:00.000Z,2873,14.099999999999113
2025-01-31T08:00:00.000Z,EUR/JPY,SELL,2025-01-31T08:02:00.000Z,2873,17.900000000000205
2025-01-31T08:00:00.000Z,EUR/USD,SELL,2025-01-31T08:02:00.000Z,2873,11.499999999999844
2025-01-31T08:15:00.000Z,AUD/JPY,SELL,2025-01-31T08:17:00.000Z,2873,9.999999999999432
2025-01-31T09:45:00.000Z,EUR/USD,BUY,2025-01-31T09:47:00.000Z,2873,9.999999999998899
2025-01-31T17:30:00.000Z,EUR/JPY,SELL,2025-01-31T17:32:00.000Z,2873,0
2025-01-31T17:45:00.000Z,EUR/USD,SELL,2025-01-31T17:47:00.000Z,2873,0
2025-01-31T18:30:00.000Z,AUD/JPY,SELL,2025-01-31T18:32:00.000Z,2873,0
2025-01-31T18:30:00.000Z,AUD/USD,SELL,2025-01-31T18:32:00.000Z,2873,10.000000000000009
2025-02-02T23:15:00.000Z,AUD/JPY,BUY,2025-02-02T23:17:00.000Z,2874,9.999999999999432
2025-02-03T00:15:00.000Z,EUR/JPY,BUY,2025-02-03T00:17:00.000Z,2874,16.59999999999968
2025-02-03T00:15:00.000Z,AUD/JPY,BUY,2025-02-03T00:17:00.000Z,2874,16.499999999999204
2025-02-03T01:15:00.000Z,AUD/JPY,BUY,2025-02-03T01:17:00.000Z,2874,11.299999999999955
2025-02-03T01:30:00.000Z,EUR/USD,BUY,2025-02-03T01:32:00.000Z,2874,9.999999999998899
2025-02-03T01:45:00.000Z,USD/JPY,SELL,2025-02-03T01:47:00.000Z,2874,14.399999999997704
2025-02-03T02:30:00.000Z,USD/JPY,SELL,2025-02-03T02:32:00.000Z,2874,0
2025-02-03T03:30:00.000Z,AUD/JPY,BUY,2025-02-03T03:32:00.000Z,2874,9.999999999999432
2025-02-03T04:00:00.000Z,EUR/USD,BUY,2025-02-03T04:02:00.000Z,2874,9.999999999998899
2025-02-03T04:00:00.000Z,AUD/USD,BUY,2025-02-03T04:02:00.000Z,2874,0
2025-02-03T10:15:00.000Z,EUR/JPY,BUY,2025-02-03T10:17:00.000Z,2874,9.999999999999432
2025-02-03T11:00:00.000Z,USD/JPY,BUY,2025-02-03T11:02:00.000Z,2874,12.5
2025-02-03T13:15:00.000Z,USD/JPY,BUY,2025-02-03T13:17:00.000Z,2874,10.599999999999454
2025-02-03T15:30:00.000Z,USD/JPY,BUY,2025-02-03T15:32:00.000Z,2874,9.999999999999432
2025-02-03T16:00:00.000Z,EUR/USD,SELL,2025-02-03T16:02:00.000Z,2874,11.699999999998933
2025-02-03T16:30:00.000Z,AUD/USD,SELL,2025-02-03T16:32:00.000Z,2874,10.099999999999554
2025-02-03T22:15:00.000Z,EUR/JPY,SELL,2025-02-03T22:17:00.000Z,2874,9.999999999999432
2025-02-03T22:15:00.000Z,EUR/USD,SELL,2025-02-03T22:17:00.000Z,2874,9.999999999998899
2025-02-03T23:00:00.000Z,EUR/USD,SELL,2025-02-03T23:02:00.000Z,2874,9.999999999998899
2025-02-03T23:30:00.000Z,EUR/USD,SELL,2025-02-03T23:32:00.000Z,2874,9.999999999998899
2025-02-03T23:30:00.000Z,AUD/USD,SELL,2025-02-03T23:32:00.000Z,2874,10.000000000000009
2025-02-03T23:45:00.000Z,EUR/JPY,SELL,2025-02-03T23:47:00.000Z,2874,9.999999999999432
2025-02-04T00:15:00.000Z,EUR/JPY,SELL,2025-02-04T00:17:00.000Z,2874,15.399999999999636
2025-02-04T00:45:00.000Z,USD/JPY,SELL,2025-02-04T00:47:00.000Z,2874,9.999999999999432
2025-02-04T00:45:00.000Z,EUR/JPY,SELL,2025-02-04T00:47:00.000Z,2874,9.999999999999432
2025-02-04T00:45:00.000Z,AUD/JPY,SELL,2025-02-04T00:47:00.000Z,2874,9.999999999999432
2025-02-04T01:30:00.000Z,USD/JPY,SELL,2025-02-04T01:32:00.000Z,2874,13.599999999999568
2025-02-04T05:30:00.000Z,EUR/JPY,BUY,2025-02-04T05:32:00.000Z,2874,-25.099999999997635
2025-02-04T05:30:00.000Z,AUD/JPY,BUY,2025-02-04T05:32:00.000Z,2874,10.099999999999909
2025-02-04T05:30:00.000Z,EUR/USD,BUY,2025-02-04T05:32:00.000Z,2874,0
2025-02-04T05:30:00.000Z,AUD/USD,BUY,2025-02-04T05:32:00.000Z,2874,10.299999999999754
2025-02-04T09:45:00.000Z,EUR/USD,SELL,2025-02-04T09:47:00.000Z,2874,13.199999999997658
2025-02-04T15:15:00.000Z,EUR/USD,SELL,2025-02-04T15:17:00.000Z,2874,-61.19999999999903
2025-02-04T17:15:00.000Z,EUR/USD,SELL,2025-02-04T17:17:00.000Z,2874,-46.19999999999846
2025-02-04T17:30:00.000Z,AUD/USD,SELL,2025-02-04T17:32:00.000Z,2874,-40.79999999999972
2025-02-04T19:00:00.000Z,EUR/USD,SELL,2025-02-04T19:02:00.000Z,2874,9.999999999998899
2025-02-04T19:30:00.000Z,USD/JPY,BUY,2025-02-04T19:32:00.000Z,2874,-180.99999999999739
2025-02-04T19:30:00.000Z,AUD/USD,SELL,2025-02-04T19:32:00.000Z,2874,11.600000000000499
2025-02-04T20:30:00.000Z,AUD/USD,SELL,2025-02-04T20:32:00.000Z,2874,10.000000000000009
2025-02-04T20:45:00.000Z,USD/JPY,BUY,2025-02-04T20:47:00.000Z,2874,-164.70000000000198
2025-02-04T21:15:00.000Z,AUD/USD,SELL,2025-02-04T21:17:00.000Z,2874,10.000000000000009
2025-02-05T00:15:00.000Z,EUR/JPY,BUY,2025-02-05T00:17:00.000Z,2874,-130.79999999999927
2025-02-05T03:00:00.000Z,EUR/JPY,BUY,2025-02-05T03:02:00.000Z,2874,12.700000000000955
2025-02-05T04:30:00.000Z,USD/JPY,BUY,2025-02-05T04:32:00.000Z,2874,14.899999999997249
2025-02-05T04:30:00.000Z,EUR/JPY,BUY,2025-02-05T04:32:00.000Z,2874,14.799999999999613
2025-02-05T05:00:00.000Z,EUR/JPY,BUY,2025-02-05T05:02:00.000Z,2874,9.999999999999432
2025-02-05T05:00:00.000Z,AUD/JPY,BUY,2025-02-05T05:02:00.000Z,2874,9.999999999999432
2025-02-05T07:45:00.000Z,EUR/USD,SELL,2025-02-05T07:47:00.000Z,2874,9.999999999998899
2025-02-05T10:00:00.000Z,USD/JPY,BUY,2025-02-05T10:02:00.000Z,2874,12.79999999999859
2025-02-05T10:00:00.000Z,AUD/USD,SELL,2025-02-05T10:02:00.000Z,2874,10.300000000000864
2025-02-05T11:15:00.000Z,EUR/USD,SELL,2025-02-05T11:17:00.000Z,2874,9.999999999998899
2025-02-05T11:15:00.000Z,AUD/USD,SELL,2025-02-05T11:17:00.000Z,2874,10.000000000000009
2025-02-05T16:15:00.000Z,USD/JPY,BUY,2025-02-05T16:17:00.000Z,2874,9.999999999999432
2025-02-05T16:15:00.000Z,AUD/USD,SELL,2025-02-05T16:17:00.000Z,2874,10.000000000000009
2025-02-06T02:00:00.000Z,AUD/JPY,BUY,2025-02-06T02:02:00.000Z,2874,9.999999999999432
2025-02-06T02:15:00.000Z,USD/JPY,BUY,2025-02-06T02:17:00.000Z,2874,9.999999999999432
2025-02-06T02:30:00.000Z,EUR/JPY,BUY,2025-02-06T02:32:00.000Z,2874,9.999999999999432
2025-02-06T03:00:00.000Z,AUD/JPY,BUY,2025-02-06T03:02:00.000Z,2874,9.999999999999432
2025-02-06T04:00:00.000Z,AUD/JPY,BUY,2025-02-06T04:02:00.000Z,2874,9.999999999999432
2025-02-06T04:15:00.000Z,AUD/USD,BUY,2025-02-06T04:17:00.000Z,2874,10.000000000000009
2025-02-06T09:45:00.000Z,USD/JPY,SELL,2025-02-06T09:47:00.000Z,2874,9.999999999999432
2025-02-06T10:30:00.000Z,EUR/USD,BUY,2025-02-06T10:32:00.000Z,2874,11.399999999999189
2025-02-06T11:00:00.000Z,EUR/USD,BUY,2025-02-06T11:02:00.000Z,2874,11.299999999998533
2025-02-06T12:30:00.000Z,EUR/JPY,BUY,2025-02-06T12:32:00.000Z,2874,16.399999999998727
2025-02-06T14:15:00.000Z,USD/JPY,BUY,2025-02-06T14:17:00.000Z,2874,9.999999999999432
2025-02-06T14:15:00.000Z,EUR/JPY,BUY,2025-02-06T14:17:00.000Z,2874,10.499999999998977
2025-02-06T14:15:00.000Z,AUD/JPY,BUY,2025-02-06T14:17:00.000Z,2874,9.999999999999432
2025-02-06T15:00:00.000Z,USD/JPY,BUY,2025-02-06T15:02:00.000Z,2874,10.80000000000041
2025-02-06T16:15:00.000Z,USD/JPY,BUY,2025-02-06T16:17:00.000Z,2874,9.999999999999432
2025-02-06T16:15:00.000Z,EUR/JPY,BUY,2025-02-06T16:17:00.000Z,2874,9.999999999999432
2025-02-06T19:00:00.000Z,EUR/USD,SELL,2025-02-06T19:02:00.000Z,2874,9.999999999998899
2025-02-06T20:00:00.000Z,USD/JPY,BUY,2025-02-06T20:02:00.000Z,2874,9.999999999999432
2025-02-06T20:00:00.000Z,EUR/JPY,BUY,2025-02-06T20:02:00.000Z,2874,9.999999999999432
2025-02-06T20:15:00.000Z,AUD/JPY,BUY,2025-02-06T20:17:00.000Z,2874,10.199999999998965
2025-02-06T23:30:00.000Z,USD/JPY,BUY,2025-02-06T23:32:00.000Z,2874,9.999999999999432
2025-02-07T00:15:00.000Z,AUD/JPY,BUY,2025-02-07T00:17:00.000Z,2874,9.999999999999432
2025-02-07T01:00:00.000Z,USD/JPY,BUY,2025-02-07T01:02:00.000Z,2874,9.999999999999432
2025-02-07T01:00:00.000Z,EUR/JPY,BUY,2025-02-07T01:02:00.000Z,2874,-75.7000000000005
2025-02-07T01:00:00.000Z,AUD/JPY,BUY,2025-02-07T01:02:00.000Z,2874,9.999999999999432
2025-02-07T02:30:00.000Z,AUD/JPY,SELL,2025-02-07T02:32:00.000Z,2874,9.999999999999432
2025-02-07T02:45:00.000Z,AUD/USD,SELL,2025-02-07T02:47:00.000Z,2874,10.000000000000009
2025-02-07T08:45:00.000Z,EUR/JPY,SELL,2025-02-07T08:47:00.000Z,2874,12.09999999999809
2025-02-07T09:15:00.000Z,EUR/USD,SELL,2025-02-07T09:17:00.000Z,2874,9.999999999998899
2025-02-07T09:30:00.000Z,AUD/USD,SELL,2025-02-07T09:32:00.000Z,2874,10.000000000000009
2025-02-07T10:45:00.000Z,EUR/JPY,SELL,2025-02-07T10:47:00.000Z,2874,9.999999999999432
2025-02-07T10:45:00.000Z,AUD/JPY,SELL,2025-02-07T10:47:00.000Z,2874,10.299999999999443
2025-02-07T11:15:00.000Z,USD/JPY,SELL,2025-02-07T11:17:00.000Z,2874,10.099999999999909
2025-02-07T12:30:00.000Z,USD/JPY,SELL,2025-02-07T12:32:00.000Z,2874,11.199999999999477
2025-02-07T14:15:00.000Z,EUR/USD,BUY,2025-02-07T14:17:00.000Z,2874,9.999999999998899
2025-02-07T17:00:00.000Z,USD/JPY,BUY,2025-02-07T17:02:00.000Z,2874,9.999999999999432
2025-02-07T17:00:00.000Z,EUR/JPY,BUY,2025-02-07T17:02:00.000Z,2874,9.999999999999432
2025-02-07T17:00:00.000Z,AUD/JPY,BUY,2025-02-07T17:02:00.000Z,2874,9.999999999999432
2025-02-07T17:00:00.000Z,AUD/USD,BUY,2025-02-07T17:02:00.000Z,2874,11.499999999999844
2025-02-07T17:15:00.000Z,EUR/USD,BUY,2025-02-07T17:17:00.000Z,2874,-4.100000000000215
2025-02-09T22:45:00.000Z,EUR/USD,BUY,2025-02-09T22:47:00.000Z,2875,12.499999999997513
2025-02-09T22:45:00.000Z,AUD/USD,BUY,2025-02-09T22:47:00.000Z,2875,10.000000000000009
2025-02-09T23:15:00.000Z,EUR/USD,BUY,2025-02-09T23:17:00.000Z,2875,9.999999999998899
2025-02-10T09:15:00.000Z,USD/JPY,SELL,2025-02-10T09:17:00.000Z,2875,14.500000000001023
2025-02-10T09:45:00.000Z,EUR/JPY,SELL,2025-02-10T09:47:00.000Z,2875,9.999999999999432
2025-02-10T10:00:00.000Z,AUD/JPY,SELL,2025-02-10T10:02:00.000Z,2875,11.099999999999
2025-02-10T15:30:00.000Z,EUR/JPY,BUY,2025-02-10T15:32:00.000Z,2875,9.999999999999432
2025-02-10T16:15:00.000Z,USD/JPY,BUY,2025-02-10T16:17:00.000Z,2875,9.999999999999432
2025-02-10T16:15:00.000Z,EUR/JPY,BUY,2025-02-10T16:17:00.000Z,2875,9.999999999999432
2025-02-11T00:30:00.000Z,EUR/JPY,BUY,2025-02-11T00:32:00.000Z,2875,9.999999999999432
2025-02-11T00:30:00.000Z,AUD/JPY,BUY,2025-02-11T00:32:00.000Z,2875,9.999999999999432
2025-02-11T03:30:00.000Z,EUR/USD,BUY,2025-02-11T03:32:00.000Z,2875,0
2025-02-11T03:30:00.000Z,AUD/USD,BUY,2025-02-11T03:32:00.000Z,2875,10.000000000000009
2025-02-11T09:30:00.000Z,EUR/USD,SELL,2025-02-11T09:32:00.000Z,2875,-53.49999999999966
2025-02-11T10:30:00.000Z,EUR/USD,SELL,2025-02-11T10:32:00.000Z,2875,-51.49999999999988
2025-02-11T10:45:00.000Z,EUR/JPY,SELL,2025-02-11T10:47:00.000Z,2875,-250.49999999999955
2025-02-11T12:15:00.000Z,USD/JPY,SELL,2025-02-11T12:17:00.000Z,2875,-134.60000000000036
2025-02-11T13:30:00.000Z,EUR/JPY,SELL,2025-02-11T13:32:00.000Z,2875,-220.29999999999745
2025-02-11T14:00:00.000Z,USD/JPY,SELL,2025-02-11T14:02:00.000Z,2875,-204.49999999999875
2025-02-11T15:45:00.000Z,EUR/USD,SELL,2025-02-11T15:47:00.000Z,2875,13.799999999997148
2025-02-11T16:15:00.000Z,EUR/JPY,SELL,2025-02-11T16:17:00.000Z,2875,-246.09999999999843
2025-02-11T16:45:00.000Z,AUD/USD,SELL,2025-02-11T16:47:00.000Z,2875,10.000000000000009
2025-02-11T17:00:00.000Z,EUR/USD,SELL,2025-02-11T17:02:00.000Z,2875,9.999999999998899
2025-02-11T18:00:00.000Z,EUR/USD,SELL,2025-02-11T18:02:00.000Z,2875,9.999999999998899
2025-02-11T18:45:00.000Z,EUR/JPY,SELL,2025-02-11T18:47:00.000Z,2875,-276.5999999999991
2025-02-11T20:00:00.000Z,EUR/USD,SELL,2025-02-11T20:02:00.000Z,2875,10.599999999998388
2025-02-11T21:15:00.000Z,EUR/JPY,SELL,2025-02-11T21:17:00.000Z,2875,-249.69999999999857
2025-02-11T21:15:00.000Z,AUD/JPY,SELL,2025-02-11T21:17:00.000Z,2875,-104.99999999999972
2025-02-11T21:15:00.000Z,EUR/USD,SELL,2025-02-11T21:17:00.000Z,2875,9.999999999998899
2025-02-12T03:00:00.000Z,AUD/USD,SELL,2025-02-12T03:02:00.000Z,2875,10.000000000000009
2025-02-12T04:45:00.000Z,AUD/JPY,SELL,2025-02-12T04:47:00.000Z,2875,9.999999999999432
2025-02-12T06:00:00.000Z,USD/JPY,SELL,2025-02-12T06:02:00.000Z,2875,9.999999999999432
2025-02-12T06:00:00.000Z,EUR/JPY,SELL,2025-02-12T06:02:00.000Z,2875,-186.5000000000009
2025-02-12T08:15:00.000Z,EUR/JPY,SELL,2025-02-12T08:17:00.000Z,2875,13.700000000000045
2025-02-12T08:30:00.000Z,EUR/USD,SELL,2025-02-12T08:32:00.000Z,2875,10.599999999998388
2025-02-12T09:45:00.000Z,AUD/USD,BUY,2025-02-12T09:47:00.000Z,2875,10.300000000000864
2025-02-12T10:30:00.000Z,AUD/USD,BUY,2025-02-12T10:32:00.000Z,2875,10.000000000000009
2025-02-12T14:15:00.000Z,EUR/USD,BUY,2025-02-12T14:17:00.000Z,2875,9.999999999998899
2025-02-12T14:30:00.000Z,USD/JPY,SELL,2025-02-12T14:32:00.000Z,2875,13.299999999998136
2025-02-12T15:00:00.000Z,AUD/USD,BUY,2025-02-12T15:02:00.000Z,2875,11.300000000000754
2025-02-12T15:45:00.000Z,USD/JPY,SELL,2025-02-12T15:47:00.000Z,2875,13.09999999999718
2025-02-12T17:00:00.000Z,USD/JPY,SELL,2025-02-12T17:02:00.000Z,2875,9.999999999999432
2025-02-12T18:30:00.000Z,EUR/JPY,SELL,2025-02-12T18:32:00.000Z,2875,9.999999999999432
2025-02-12T18:30:00.000Z,AUD/JPY,SELL,2025-02-12T18:32:00.000Z,2875,9.999999999999432
2025-02-13T05:00:00.000Z,AUD/JPY,SELL,2025-02-13T05:02:00.000Z,2875,13.400000000000034
2025-02-13T05:30:00.000Z,EUR/JPY,SELL,2025-02-13T05:32:00.000Z,2875,0
2025-02-13T05:45:00.000Z,EUR/USD,SELL,2025-02-13T05:47:00.000Z,2875,11.699999999998933
2025-02-13T06:45:00.000Z,EUR/USD,SELL,2025-02-13T06:47:00.000Z,2875,10.699999999999044
2025-02-13T09:45:00.000Z,AUD/JPY,BUY,2025-02-13T09:47:00.000Z,2875,12.5
2025-02-13T10:00:00.000Z,AUD/USD,BUY,2025-02-13T10:02:00.000Z,2875,10.000000000000009
2025-02-13T11:15:00.000Z,AUD/JPY,BUY,2025-02-13T11:17:00.000Z,2875,11.199999999999477
2025-02-13T12:30:00.000Z,EUR/JPY,BUY,2025-02-13T12:32:00.000Z,2875,9.999999999999432
2025-02-13T13:00:00.000Z,AUD/JPY,BUY,2025-02-13T13:02:00.000Z,2875,14.799999999999613
2025-02-13T14:30:00.000Z,USD/JPY,BUY,2025-02-13T14:32:00.000Z,2875,9.999999999999432
2025-02-13T15:00:00.000Z,USD/JPY,BUY,2025-02-13T15:02:00.000Z,2875,9.999999999999432
2025-02-13T15:00:00.000Z,EUR/JPY,BUY,2025-02-13T15:02:00.000Z,2875,9.999999999999432
2025-02-13T15:00:00.000Z,AUD/JPY,BUY,2025-02-13T15:02:00.000Z,2875,9.999999999999432
2025-02-13T16:45:00.000Z,USD/JPY,BUY,2025-02-13T16:47:00.000Z,2875,9.999999999999432
2025-02-13T16:45:00.000Z,AUD/USD,SELL,2025-02-13T16:47:00.000Z,2875,10.000000000000009
2025-02-13T19:45:00.000Z,USD/JPY,BUY,2025-02-13T19:47:00.000Z,2875,9.999999999999432
2025-02-13T21:30:00.000Z,USD/JPY,BUY,2025-02-13T21:32:00.000Z,2875,9.999999999999432
2025-02-13T21:30:00.000Z,AUD/USD,SELL,2025-02-13T21:32:00.000Z,2875,-42.599999999999305
2025-02-14T09:00:00.000Z,EUR/USD,SELL,2025-02-14T09:02:00.000Z,2875,12.699999999998823
2025-02-14T09:00:00.000Z,AUD/USD,SELL,2025-02-14T09:02:00.000Z,2875,-23.600000000000286
2025-02-14T09:45:00.000Z,AUD/USD,SELL,2025-02-14T09:47:00.000Z,2875,-18.000000000000238
2025-02-14T14:30:00.000Z,USD/JPY,BUY,2025-02-14T14:32:00.000Z,2875,9.999999999999432
2025-02-14T15:15:00.000Z,EUR/USD,SELL,2025-02-14T15:17:00.000Z,2875,5.20000000000076
2025-02-14T15:15:00.000Z,AUD/USD,SELL,2025-02-14T15:17:00.000Z,2875,0.700000000000145
2025-02-17T01:30:00.000Z,EUR/JPY,BUY,2025-02-17T01:32:00.000Z,2876,-50.60000000000002
2025-02-17T02:00:00.000Z,USD/JPY,BUY,2025-02-17T02:02:00.000Z,2876,-16.59999999999968
2025-02-17T02:15:00.000Z,AUD/USD,SELL,2025-02-17T02:17:00.000Z,2876,10.000000000000009
2025-02-17T03:30:00.000Z,USD/JPY,BUY,2025-02-17T03:32:00.000Z,2876,11.599999999998545
2025-02-17T06:15:00.000Z,EUR/JPY,BUY,2025-02-17T06:17:00.000Z,2876,9.999999999999432
2025-02-17T09:15:00.000Z,EUR/USD,BUY,2025-02-17T09:17:00.000Z,2876,9.999999999998899
2025-02-17T13:00:00.000Z,EUR/JPY,BUY,2025-02-17T13:02:00.000Z,2876,9.999999999999432
2025-02-17T13:45:00.000Z,EUR/JPY,BUY,2025-02-17T13:47:00.000Z,2876,9.999999999999432
2025-02-17T19:45:00.000Z,AUD/JPY,BUY,2025-02-17T19:47:00.000Z,2876,9.999999999999432
2025-02-17T23:30:00.000Z,USD/JPY,SELL,2025-02-17T23:32:00.000Z,2876,-58.40000000000032
2025-02-17T23:45:00.000Z,AUD/USD,BUY,2025-02-17T23:47:00.000Z,2876,10.000000000000009
2025-02-18T02:00:00.000Z,EUR/USD,BUY,2025-02-18T02:02:00.000Z,2876,-19.599999999999618
2025-02-18T02:15:00.000Z,AUD/USD,BUY,2025-02-18T02:17:00.000Z,2876,10.200000000000209
2025-02-18T04:15:00.000Z,AUD/JPY,SELL,2025-02-18T04:17:00.000Z,2876,9.999999999999432
2025-02-18T04:30:00.000Z,EUR/JPY,SELL,2025-02-18T04:32:00.000Z,2876,9.999999999999432
2025-02-18T05:30:00.000Z,USD/JPY,SELL,2025-02-18T05:32:00.000Z,2876,9.999999999999432
2025-02-18T06:00:00.000Z,USD/JPY,SELL,2025-02-18T06:02:00.000Z,2876,9.999999999999432
2025-02-18T06:15:00.000Z,EUR/USD,BUY,2025-02-18T06:17:00.000Z,2876,9.999999999998899
2025-02-18T14:15:00.000Z,EUR/JPY,BUY,2025-02-18T14:17:00.000Z,2876,11.50000000000091
2025-02-18T14:15:00.000Z,AUD/JPY,BUY,2025-02-18T14:17:00.000Z,2876,13.19999999999908
2025-02-18T21:45:00.000Z,AUD/JPY,SELL,2025-02-18T21:47:00.000Z,2876,9.999999999999432
2025-02-19T06:45:00.000Z,AUD/USD,SELL,2025-02-19T06:47:00.000Z,2876,10.000000000000009
2025-02-19T10:15:00.000Z,EUR/JPY,BUY,2025-02-19T10:17:00.000Z,2876,9.999999999999432
2025-02-19T11:15:00.000Z,EUR/USD,BUY,2025-02-19T11:17:00.000Z,2876,10.999999999998789
2025-02-19T12:00:00.000Z,AUD/USD,BUY,2025-02-19T12:02:00.000Z,2876,10.900000000000354
2025-02-19T15:15:00.000Z,USD/JPY,BUY,2025-02-19T15:17:00.000Z,2876,9.999999999999432
2025-02-19T15:15:00.000Z,EUR/JPY,BUY,2025-02-19T15:17:00.000Z,2876,9.999999999999432
2025-02-19T15:30:00.000Z,AUD/JPY,BUY,2025-02-19T15:32:00.000Z,2876,9.999999999999432
2025-02-19T15:45:00.000Z,USD/JPY,BUY,2025-02-19T15:47:00.000Z,2876,9.999999999999432
2025-02-19T15:45:00.000Z,EUR/JPY,BUY,2025-02-19T15:47:00.000Z,2876,9.999999999999432
2025-02-19T16:15:00.000Z,EUR/JPY,BUY,2025-02-19T16:17:00.000Z,2876,11.899999999999977
2025-02-19T16:45:00.000Z,EUR/JPY,BUY,2025-02-19T16:47:00.000Z,2876,13.100000000000023
2025-02-19T16:45:00.000Z,EUR/USD,BUY,2025-02-19T16:47:00.000Z,2876,11.599999999998278
2025-02-19T17:30:00.000Z,EUR/USD,BUY,2025-02-19T17:32:00.000Z,2876,9.999999999998899
2025-02-19T23:30:00.000Z,USD/JPY,BUY,2025-02-19T23:32:00.000Z,2876,-177.50000000000057
2025-02-20T00:00:00.000Z,EUR/JPY,BUY,2025-02-20T00:02:00.000Z,2876,-47.90000000000134
2025-02-20T00:45:00.000Z,AUD/JPY,BUY,2025-02-20T00:47:00.000Z,2876,-5.700000000000216
2025-02-20T02:30:00.000Z,AUD/JPY,BUY,2025-02-20T02:32:00.000Z,2876,12.79999999999859
2025-02-20T02:45:00.000Z,EUR/JPY,BUY,2025-02-20T02:47:00.000Z,2876,10.300000000000864
2025-02-20T03:00:00.000Z,USD/JPY,BUY,2025-02-20T03:02:00.000Z,2876,-29.90000000000066
2025-02-20T06:00:00.000Z,USD/JPY,BUY,2025-02-20T06:02:00.000Z,2876,12.899999999999068
2025-02-20T06:00:00.000Z,EUR/JPY,BUY,2025-02-20T06:02:00.000Z,2876,11.899999999999977
2025-02-20T07:30:00.000Z,USD/JPY,BUY,2025-02-20T07:32:00.000Z,2876,11.000000000001364
2025-02-20T07:30:00.000Z,EUR/JPY,BUY,2025-02-20T07:32:00.000Z,2876,9.999999999999432
2025-02-20T08:30:00.000Z,AUD/USD,SELL,2025-02-20T08:32:00.000Z,2876,-14.199999999999768
2025-02-20T16:15:00.000Z,EUR/USD,SELL,2025-02-20T16:17:00.000Z,2876,9.999999999998899
2025-02-20T18:30:00.000Z,EUR/USD,SELL,2025-02-20T18:32:00.000Z,2876,13.299999999998313
2025-02-20T19:30:00.000Z,EUR/USD,SELL,2025-02-20T19:32:00.000Z,2876,10.300000000000864
2025-02-20T20:15:00.000Z,EUR/JPY,SELL,2025-02-20T20:17:00.000Z,2876,10.599999999999454
2025-02-20T20:15:00.000Z,EUR/USD,SELL,2025-02-20T20:17:00.000Z,2876,10.200000000000209
2025-02-20T23:45:00.000Z,USD/JPY,BUY,2025-02-20T23:47:00.000Z,2876,9.999999999999432
2025-02-21T02:15:00.000Z,USD/JPY,SELL,2025-02-21T02:17:00.000Z,2876,9.999999999999432
2025-02-21T03:15:00.000Z,USD/JPY,SELL,2025-02-21T03:17:00.000Z,2876,10.299999999998022
2025-02-21T03:45:00.000Z,EUR/JPY,SELL,2025-02-21T03:47:00.000Z,2876,9.999999999999432
2025-02-21T03:45:00.000Z,AUD/JPY,SELL,2025-02-21T03:47:00.000Z,2876,9.999999999999432
2025-02-21T08:45:00.000Z,EUR/USD,BUY,2025-02-21T08:47:00.000Z,2876,-24.499999999998412
2025-02-21T16:00:00.000Z,AUD/USD,BUY,2025-02-21T16:02:00.000Z,2876,-19.600000000000726
2025-02-21T20:15:00.000Z,AUD/USD,BUY,2025-02-21T20:17:00.000Z,2876,-1.4999999999998348
2025-02-21T20:45:00.000Z,USD/JPY,BUY,2025-02-21T20:47:00.000Z,2876,0
2025-02-21T20:45:00.000Z,EUR/JPY,BUY,2025-02-21T20:47:00.000Z,2876,0
2025-02-21T20:45:00.000Z,AUD/JPY,BUY,2025-02-21T20:47:00.000Z,2876,0
2025-02-24T00:45:00.000Z,EUR/USD,SELL,2025-02-24T00:47:00.000Z,2877,13.199999999999878
2025-02-24T03:00:00.000Z,EUR/JPY,SELL,2025-02-24T03:02:00.000Z,2877,10.599999999999454
2025-02-24T03:00:00.000Z,AUD/USD,SELL,2025-02-24T03:02:00.000Z,2877,10.000000000000009
2025-02-24T04:00:00.000Z,EUR/USD,SELL,2025-02-24T04:02:00.000Z,2877,9.999999999998899
2025-02-24T09:00:00.000Z,EUR/USD,BUY,2025-02-24T09:02:00.000Z,2877,-8.100000000001994
2025-02-24T10:15:00.000Z,EUR/USD,BUY,2025-02-24T10:17:00.000Z,2877,12.299999999998423
2025-02-24T10:45:00.000Z,EUR/USD,BUY,2025-02-24T10:47:00.000Z,2877,9.999999999998899
2025-02-24T15:15:00.000Z,EUR/JPY,BUY,2025-02-24T15:17:00.000Z,2877,9.999999999999432
2025-02-24T15:15:00.000Z,AUD/JPY,BUY,2025-02-24T15:17:00.000Z,2877,9.999999999999432
2025-02-24T15:15:00.000Z,AUD/USD,BUY,2025-02-24T15:17:00.000Z,2877,10.500000000001064
2025-02-25T00:15:00.000Z,AUD/USD,BUY,2025-02-25T00:17:00.000Z,2877,10.200000000000209
2025-02-25T01:30:00.000Z,EUR/JPY,SELL,2025-02-25T01:32:00.000Z,2877,9.999999999999432
2025-02-25T01:45:00.000Z,USD/JPY,SELL,2025-02-25T01:47:00.000Z,2877,10.099999999997067
2025-02-25T05:00:00.000Z,USD/JPY,BUY,2025-02-25T05:02:00.000Z,2877,9.999999999999432
2025-02-25T08:15:00.000Z,USD/JPY,BUY,2025-02-25T08:17:00.000Z,2877,12.79999999999859
2025-02-25T08:15:00.000Z,EUR/JPY,BUY,2025-02-25T08:17:00.000Z,2877,13.2000000000005
2025-02-25T08:15:00.000Z,AUD/JPY,BUY,2025-02-25T08:17:00.000Z,2877,11.299999999999955
2025-02-25T08:15:00.000Z,AUD/USD,BUY,2025-02-25T08:17:00.000Z,2877,10.000000000000009
2025-02-25T10:45:00.000Z,AUD/USD,BUY,2025-02-25T10:47:00.000Z,2877,10.000000000000009
2025-02-25T11:15:00.000Z,AUD/USD,BUY,2025-02-25T11:17:00.000Z,2877,10.000000000000009
2025-02-25T12:45:00.000Z,EUR/USD,SELL,2025-02-25T12:47:00.000Z,2877,5.799999999998029
2025-02-25T14:00:00.000Z,EUR/USD,SELL,2025-02-25T14:02:00.000Z,2877,9.999999999998899
2025-02-25T15:45:00.000Z,USD/JPY,BUY,2025-02-25T15:47:00.000Z,2877,18.199999999998795
2025-02-25T16:00:00.000Z,AUD/JPY,BUY,2025-02-25T16:02:00.000Z,2877,9.999999999999432
2025-02-26T03:00:00.000Z,AUD/USD,BUY,2025-02-26T03:02:00.000Z,2877,-27.69999999999939
2025-02-26T05:30:00.000Z,EUR/USD,BUY,2025-02-26T05:32:00.000Z,2877,12.499999999999734
2025-02-26T06:45:00.000Z,EUR/USD,BUY,2025-02-26T06:47:00.000Z,2877,10.899999999998133
2025-02-26T12:30:00.000Z,AUD/USD,BUY,2025-02-26T12:32:00.000Z,2877,10.000000000000009
2025-02-26T13:15:00.000Z,EUR/USD,BUY,2025-02-26T13:17:00.000Z,2877,11.899999999998023
2025-02-26T13:15:00.000Z,AUD/USD,BUY,2025-02-26T13:17:00.000Z,2877,11.200000000000099
2025-02-26T14:45:00.000Z,AUD/USD,BUY,2025-02-26T14:47:00.000Z,2877,10.000000000000009
2025-02-26T17:45:00.000Z,EUR/USD,SELL,2025-02-26T17:47:00.000Z,2877,9.999999999998899
2025-02-26T19:30:00.000Z,EUR/JPY,BUY,2025-02-26T19:32:00.000Z,2877,9.999999999999432
2025-02-26T19:30:00.000Z,AUD/JPY,BUY,2025-02-26T19:32:00.000Z,2877,9.999999999999432
2025-02-26T20:45:00.000Z,AUD/JPY,BUY,2025-02-26T20:47:00.000Z,2877,9.999999999999432
2025-02-27T05:00:00.000Z,AUD/USD,BUY,2025-02-27T05:02:00.000Z,2877,10.800000000000809
2025-02-27T09:15:00.000Z,USD/JPY,SELL,2025-02-27T09:17:00.000Z,2877,11.400000000000432
2025-02-27T09:15:00.000Z,AUD/JPY,SELL,2025-02-27T09:17:00.000Z,2877,10.500000000000398
2025-02-27T10:30:00.000Z,USD/JPY,SELL,2025-02-27T10:32:00.000Z,2877,12.299999999999045
2025-02-27T10:30:00.000Z,EUR/JPY,SELL,2025-02-27T10:32:00.000Z,2877,10.900000000000887
2025-02-27T10:30:00.000Z,AUD/JPY,SELL,2025-02-27T10:32:00.000Z,2877,9.999999999999432
2025-02-27T11:30:00.000Z,EUR/JPY,SELL,2025-02-27T11:32:00.000Z,2877,0
2025-02-27T14:15:00.000Z,EUR/JPY,BUY,2025-02-27T14:17:00.000Z,2877,9.999999999999432
2025-02-27T14:15:00.000Z,EUR/USD,BUY,2025-02-27T14:17:00.000Z,2877,-24.399999999999977
2025-02-27T15:30:00.000Z,EUR/USD,BUY,2025-02-27T15:32:00.000Z,2877,-5.1000000000001044
2025-02-27T16:45:00.000Z,EUR/USD,BUY,2025-02-27T16:47:00.000Z,2877,-13.499999999999623
2025-02-27T16:45:00.000Z,AUD/USD,BUY,2025-02-27T16:47:00.000Z,2877,-48.6999999999993
2025-02-27T18:00:00.000Z,EUR/USD,BUY,2025-02-27T18:02:00.000Z,2877,9.999999999998899
2025-02-27T18:15:00.000Z,AUD/USD,BUY,2025-02-27T18:17:00.000Z,2877,-49.59999999999964
2025-02-27T21:45:00.000Z,AUD/JPY,BUY,2025-02-27T21:47:00.000Z,2877,9.999999999999432
2025-02-27T22:00:00.000Z,AUD/USD,BUY,2025-02-27T22:10:00.000Z,2877,-31.799999999999606
2025-02-27T23:15:00.000Z,EUR/USD,BUY,2025-02-27T23:17:00.000Z,2877,9.999999999998899
2025-02-27T23:15:00.000Z,AUD/USD,BUY,2025-02-27T23:17:00.000Z,2877,-32.29999999999955
2025-02-27T23:45:00.000Z,EUR/JPY,BUY,2025-02-27T23:47:00.000Z,2877,9.999999999999432
2025-02-27T23:45:00.000Z,AUD/JPY,BUY,2025-02-27T23:47:00.000Z,2877,9.999999999999432
2025-02-28T02:30:00.000Z,EUR/JPY,BUY,2025-02-28T02:32:00.000Z,2877,9.999999999999432
2025-02-28T02:30:00.000Z,AUD/JPY,BUY,2025-02-28T02:32:00.000Z,2877,9.999999999999432
2025-02-28T02:30:00.000Z,EUR/USD,BUY,2025-02-28T02:32:00.000Z,2877,9.999999999998899
2025-02-28T04:30:00.000Z,AUD/USD,BUY,2025-02-28T04:32:00.000Z,2877,-9.500000000000064
2025-02-28T07:45:00.000Z,AUD/USD,BUY,2025-02-28T07:47:00.000Z,2877,10.000000000000009
2025-02-28T08:15:00.000Z,USD/JPY,SELL,2025-02-28T08:17:00.000Z,2877,10.80000000000041
2025-02-28T09:15:00.000Z,USD/JPY,SELL,2025-02-28T09:17:00.000Z,2877,16.499999999999204
2025-02-28T09:15:00.000Z,AUD/JPY,SELL,2025-02-28T09:17:00.000Z,2877,13.999999999998636
2025-02-28T09:45:00.000Z,AUD/JPY,SELL,2025-02-28T09:47:00.000Z,2877,9.999999999999432
2025-02-28T10:00:00.000Z,EUR/JPY,SELL,2025-02-28T10:02:00.000Z,2877,14.099999999999113
2025-02-28T13:30:00.000Z,AUD/JPY,SELL,2025-02-28T13:32:00.000Z,2877,16.799999999999216
2025-02-28T14:00:00.000Z,USD/JPY,SELL,2025-02-28T14:02:00.000Z,2877,9.999999999999432
2025-02-28T14:00:00.000Z,EUR/JPY,SELL,2025-02-28T14:02:00.000Z,2877,9.999999999999432
2025-02-28T14:00:00.000Z,AUD/JPY,SELL,2025-02-28T14:02:00.000Z,2877,10.3999999999985
2025-02-28T14:30:00.000Z,EUR/JPY,SELL,2025-02-28T14:32:00.000Z,2877,9.999999999999432
2025-02-28T18:45:00.000Z,EUR/USD,BUY,2025-02-28T18:47:00.000Z,2877,-4.599999999999049
2025-02-28T19:15:00.000Z,EUR/USD,BUY,2025-02-28T19:17:00.000Z,2877,5.40000000000207
2025-03-02T23:45:00.000Z,EUR/JPY,SELL,2025-03-02T23:47:00.000Z,2878,9.999999999999432
2025-03-03T10:45:00.000Z,EUR/USD,SELL,2025-03-03T10:47:00.000Z,2878,-78.79999999999886
2025-03-03T12:45:00.000Z,USD/JPY,SELL,2025-03-03T12:47:00.000Z,2878,12.499999999997158
2025-03-03T12:45:00.000Z,AUD/JPY,SELL,2025-03-03T12:47:00.000Z,2878,12.299999999999045
2025-03-03T13:30:00.000Z,USD/JPY,SELL,2025-03-03T13:32:00.000Z,2878,0
2025-03-03T13:45:00.000Z,AUD/JPY,SELL,2025-03-03T13:47:00.000Z,2878,9.999999999999432
2025-03-03T14:00:00.000Z,EUR/JPY,SELL,2025-03-03T14:02:00.000Z,2878,9.999999999999432
2025-03-03T14:15:00.000Z,EUR/USD,SELL,2025-03-03T14:17:00.000Z,2878,-61.80000000000074
2025-03-03T16:00:00.000Z,EUR/USD,SELL,2025-03-03T16:02:00.000Z,2878,12.399999999999078
2025-03-03T16:00:00.000Z,AUD/USD,SELL,2025-03-03T16:02:00.000Z,2878,10.100000000000664
2025-03-03T21:00:00.000Z,USD/JPY,BUY,2025-03-03T21:02:00.000Z,2878,9.999999999999432
2025-03-03T21:00:00.000Z,EUR/JPY,BUY,2025-03-03T21:02:00.000Z,2878,9.999999999999432
2025-03-03T21:00:00.000Z,AUD/JPY,BUY,2025-03-03T21:02:00.000Z,2878,9.999999999999432
2025-03-03T21:00:00.000Z,AUD/USD,BUY,2025-03-03T21:02:00.000Z,2878,10.000000000000009
2025-03-04T00:00:00.000Z,AUD/JPY,BUY,2025-03-04T00:02:00.000Z,2878,9.999999999999432
2025-03-04T01:00:00.000Z,USD/JPY,BUY,2025-03-04T01:02:00.000Z,2878,9.999999999999432
2025-03-04T01:00:00.000Z,AUD/JPY,BUY,2025-03-04T01:02:00.000Z,2878,9.999999999999432
2025-03-04T01:30:00.000Z,AUD/JPY,BUY,2025-03-04T01:32:00.000Z,2878,12.899999999999068
2025-03-04T02:00:00.000Z,USD/JPY,BUY,2025-03-04T02:02:00.000Z,2878,9.999999999999432
2025-03-04T02:00:00.000Z,AUD/JPY,BUY,2025-03-04T02:02:00.000Z,2878,9.999999999999432
2025-03-04T09:15:00.000Z,EUR/USD,SELL,2025-03-04T09:17:00.000Z,2878,9.999999999998899
2025-03-04T10:00:00.000Z,EUR/USD,SELL,2025-03-04T10:02:00.000Z,2878,9.999999999998899
2025-03-04T12:45:00.000Z,USD/JPY,BUY,2025-03-04T12:47:00.000Z,2878,13.49999999999909
2025-03-04T13:00:00.000Z,AUD/USD,SELL,2025-03-04T13:02:00.000Z,2878,10.000000000000009
2025-03-04T13:30:00.000Z,EUR/USD,SELL,2025-03-04T13:32:00.000Z,2878,9.999999999998899
2025-03-04T20:45:00.000Z,EUR/JPY,SELL,2025-03-04T20:47:00.000Z,2878,-241.2000000000006
2025-03-04T20:45:00.000Z,AUD/JPY,SELL,2025-03-04T20:47:00.000Z,2878,-109.00000000000034
2025-03-04T20:45:00.000Z,AUD/USD,SELL,2025-03-04T20:47:00.000Z,2878,10.600000000000609
2025-03-04T22:30:00.000Z,AUD/USD,SELL,2025-03-04T22:32:00.000Z,2878,10.000000000000009
2025-03-04T22:45:00.000Z,USD/JPY,SELL,2025-03-04T22:47:00.000Z,2878,9.999999999999432
2025-03-04T22:45:00.000Z,AUD/JPY,SELL,2025-03-04T22:47:00.000Z,2878,9.999999999999432
2025-03-04T23:30:00.000Z,USD/JPY,SELL,2025-03-04T23:32:00.000Z,2878,9.999999999999432
2025-03-04T23:30:00.000Z,EUR/JPY,SELL,2025-03-04T23:32:00.000Z,2878,9.999999999999432
2025-03-04T23:30:00.000Z,AUD/JPY,SELL,2025-03-04T23:32:00.000Z,2878,9.999999999999432
2025-03-04T23:30:00.000Z,EUR/USD,SELL,2025-03-04T23:32:00.000Z,2878,9.999999999998899
2025-03-04T23:30:00.000Z,AUD/USD,SELL,2025-03-04T23:32:00.000Z,2878,-65.49999999999945
2025-03-05T09:45:00.000Z,AUD/USD,SELL,2025-03-05T09:47:00.000Z,2878,10.000000000000009
2025-03-05T10:30:00.000Z,EUR/USD,SELL,2025-03-05T10:32:00.000Z,2878,13.099999999999223
2025-03-05T15:15:00.000Z,USD/JPY,BUY,2025-03-05T15:17:00.000Z,2878,22.199999999998
2025-03-05T15:15:00.000Z,EUR/USD,SELL,2025-03-05T15:17:00.000Z,2878,-81.50000000000101
2025-03-05T15:15:00.000Z,AUD/USD,SELL,2025-03-05T15:17:00.000Z,2878,-45.30000000000034
2025-03-05T16:30:00.000Z,EUR/USD,SELL,2025-03-05T16:32:00.000Z,2878,-58.00000000000027
2025-03-05T18:15:00.000Z,EUR/USD,SELL,2025-03-05T18:17:00.000Z,2878,13.300000000000534
2025-03-05T18:15:00.000Z,AUD/USD,SELL,2025-03-05T18:17:00.000Z,2878,-20.700000000000163
2025-03-05T21:00:00.000Z,EUR/USD,SELL,2025-03-05T21:02:00.000Z,2878,9.999999999998899
2025-03-05T21:15:00.000Z,AUD/USD,SELL,2025-03-05T21:17:00.000Z,2878,10.000000000000009
2025-03-06T01:00:00.000Z,EUR/JPY,SELL,2025-03-06T01:02:00.000Z,2878,9.999999999999432
2025-03-06T02:15:00.000Z,AUD/USD,SELL,2025-03-06T02:17:00.000Z,2878,10.000000000000009
2025-03-06T02:30:00.000Z,EUR/USD,SELL,2025-03-06T02:32:00.000Z,2878,11.099999999999444
2025-03-06T10:30:00.000Z,USD/JPY,BUY,2025-03-06T10:32:00.000Z,2878,12.000000000000455
2025-03-06T10:30:00.000Z,AUD/JPY,BUY,2025-03-06T10:32:00.000Z,2878,10.999999999999943
2025-03-06T10:45:00.000Z,EUR/JPY,BUY,2025-03-06T10:47:00.000Z,2878,14.400000000000546
2025-03-06T11:45:00.000Z,AUD/JPY,BUY,2025-03-06T11:47:00.000Z,2878,12.399999999999523
2025-03-06T13:30:00.000Z,EUR/JPY,BUY,2025-03-06T13:32:00.000Z,2878,12.5
2025-03-06T13:45:00.000Z,USD/JPY,BUY,2025-03-06T13:47:00.000Z,2878,16.29999999999825
2025-03-06T14:15:00.000Z,USD/JPY,BUY,2025-03-06T14:17:00.000Z,2878,9.999999999999432
2025-03-06T14:15:00.000Z,AUD/JPY,BUY,2025-03-06T14:17:00.000Z,2878,9.999999999999432
2025-03-06T16:30:00.000Z,AUD/JPY,SELL,2025-03-06T16:32:00.000Z,2878,9.999999999999432
2025-03-06T19:00:00.000Z,EUR/USD,BUY,2025-03-06T19:02:00.000Z,2878,9.999999999998899
2025-03-07T04:15:00.000Z,AUD/USD,BUY,2025-03-07T04:17:00.000Z,2878,10.600000000000609
2025-03-07T04:45:00.000Z,AUD/JPY,BUY,2025-03-07T04:47:00.000Z,2878,9.999999999999432
2025-03-07T04:45:00.000Z,AUD/USD,BUY,2025-03-07T04:47:00.000Z,2878,10.000000000000009
2025-03-07T05:30:00.000Z,AUD/USD,BUY,2025-03-07T05:32:00.000Z,2878,10.299999999999754
2025-03-07T06:15:00.000Z,AUD/JPY,BUY,2025-03-07T06:17:00.000Z,2878,9.999999999999432
2025-03-07T07:00:00.000Z,AUD/USD,BUY,2025-03-07T07:02:00.000Z,2878,10.000000000000009
2025-03-07T08:00:00.000Z,EUR/USD,SELL,2025-03-07T08:02:00.000Z,2878,-22.199999999998887
2025-03-07T11:00:00.000Z,EUR/USD,SELL,2025-03-07T11:02:00.000Z,2878,9.999999999998899
2025-03-07T14:30:00.000Z,AUD/JPY,BUY,2025-03-07T14:32:00.000Z,2878,9.999999999999432
2025-03-07T14:45:00.000Z,USD/JPY,BUY,2025-03-07T14:47:00.000Z,2878,9.999999999999432
2025-03-10T08:30:00.000Z,EUR/JPY,BUY,2025-03-10T08:32:00.000Z,2879,11.199999999999477
2025-03-10T08:30:00.000Z,EUR/USD,BUY,2025-03-10T08:32:00.000Z,2879,9.999999999998899
2025-03-10T09:30:00.000Z,EUR/JPY,BUY,2025-03-10T09:32:00.000Z,2879,9.999999999999432
2025-03-10T11:15:00.000Z,USD/JPY,BUY,2025-03-10T11:17:00.000Z,2879,10.499999999998977
2025-03-10T17:30:00.000Z,AUD/USD,BUY,2025-03-10T17:32:00.000Z,2879,-17.399999999999636
2025-03-10T19:30:00.000Z,AUD/JPY,BUY,2025-03-10T19:32:00.000Z,2879,9.999999999999432
2025-03-10T19:30:00.000Z,AUD/USD,BUY,2025-03-10T19:32:00.000Z,2879,10.000000000000009
2025-03-10T23:45:00.000Z,AUD/JPY,BUY,2025-03-10T23:47:00.000Z,2879,9.999999999999432
2025-03-11T01:30:00.000Z,AUD/JPY,BUY,2025-03-11T01:32:00.000Z,2879,9.999999999999432
2025-03-11T02:30:00.000Z,EUR/USD,SELL,2025-03-11T02:32:00.000Z,2879,9.999999999998899
2025-03-11T08:00:00.000Z,EUR/USD,SELL,2025-03-11T08:02:00.000Z,2879,-11.799999999999589
2025-03-11T09:15:00.000Z,EUR/USD,SELL,2025-03-11T09:17:00.000Z,2879,9.999999999998899
2025-03-11T09:45:00.000Z,AUD/JPY,SELL,2025-03-11T09:47:00.000Z,2879,11.799999999998079
2025-03-11T10:15:00.000Z,EUR/JPY,SELL,2025-03-11T10:17:00.000Z,2879,13.899999999998158
2025-03-11T12:15:00.000Z,EUR/JPY,SELL,2025-03-11T12:17:00.000Z,2879,11.400000000000432
2025-03-11T13:30:00.000Z,USD/JPY,SELL,2025-03-11T13:32:00.000Z,2879,12.399999999999523
2025-03-11T13:30:00.000Z,AUD/JPY,SELL,2025-03-11T13:32:00.000Z,2879,9.999999999999432
2025-03-11T14:00:00.000Z,EUR/JPY,SELL,2025-03-11T14:02:00.000Z,2879,9.999999999999432
2025-03-11T14:00:00.000Z,AUD/JPY,SELL,2025-03-11T14:02:00.000Z,2879,-44.10000000000025
2025-03-11T14:00:00.000Z,EUR/USD,SELL,2025-03-11T14:02:00.000Z,2879,9.999999999998899
2025-03-12T08:15:00.000Z,USD/JPY,SELL,2025-03-12T08:17:00.000Z,2879,9.999999999999432
2025-03-12T08:15:00.000Z,EUR/JPY,SELL,2025-03-12T08:17:00.000Z,2879,13.79999999999768
2025-03-12T10:30:00.000Z,EUR/JPY,SELL,2025-03-12T10:32:00.000Z,2879,9.999999999999432
2025-03-12T11:30:00.000Z,AUD/JPY,SELL,2025-03-12T11:32:00.000Z,2879,10.3999999999985
2025-03-12T13:15:00.000Z,USD/JPY,SELL,2025-03-12T13:17:00.000Z,2879,9.999999999999432
2025-03-12T13:15:00.000Z,EUR/USD,BUY,2025-03-12T13:17:00.000Z,2879,12.199999999997768
2025-03-12T13:45:00.000Z,AUD/JPY,SELL,2025-03-12T13:47:00.000Z,2879,14.299999999998647
2025-03-12T16:30:00.000Z,AUD/USD,SELL,2025-03-12T16:32:00.000Z,2879,10.000000000000009
2025-03-12T18:00:00.000Z,AUD/USD,SELL,2025-03-12T18:02:00.000Z,2879,12.400000000000189
2025-03-12T23:30:00.000Z,AUD/USD,SELL,2025-03-12T23:32:00.000Z,2879,10.000000000000009
2025-03-13T05:00:00.000Z,EUR/JPY,BUY,2025-03-13T05:02:00.000Z,2879,12.399999999999523
2025-03-13T05:15:00.000Z,USD/JPY,BUY,2025-03-13T05:17:00.000Z,2879,10.499999999998977
2025-03-13T06:00:00.000Z,AUD/USD,BUY,2025-03-13T06:02:00.000Z,2879,-9.100000000000774
2025-03-13T07:00:00.000Z,USD/JPY,BUY,2025-03-13T07:02:00.000Z,2879,9.999999999999432
2025-03-13T07:00:00.000Z,EUR/JPY,BUY,2025-03-13T07:02:00.000Z,2879,9.999999999999432
2025-03-13T07:00:00.000Z,AUD/JPY,BUY,2025-03-13T07:02:00.000Z,2879,9.999999999999432
2025-03-13T07:00:00.000Z,AUD/USD,BUY,2025-03-13T07:02:00.000Z,2879,-2.5999999999992696
2025-03-13T08:00:00.000Z,AUD/USD,BUY,2025-03-13T08:02:00.000Z,2879,10.499999999999954
2025-03-13T13:30:00.000Z,EUR/USD,BUY,2025-03-13T13:32:00.000Z,2879,9.999999999998899
2025-03-13T13:30:00.000Z,AUD/USD,BUY,2025-03-13T13:32:00.000Z,2879,0
2025-03-13T17:45:00.000Z,USD/JPY,BUY,2025-03-13T17:47:00.000Z,2879,13.2000000000005
2025-03-13T17:45:00.000Z,AUD/JPY,BUY,2025-03-13T17:47:00.000Z,2879,11.7999999999995
2025-03-14T01:45:00.000Z,USD/JPY,SELL,2025-03-14T01:47:00.000Z,2879,-45.000000000001705
2025-03-14T02:00:00.000Z,AUD/JPY,SELL,2025-03-14T02:02:00.000Z,2879,-87.99999999999955
2025-03-14T05:00:00.000Z,USD/JPY,SELL,2025-03-14T05:02:00.000Z,2879,12.20000000000141
2025-03-14T06:00:00.000Z,USD/JPY,SELL,2025-03-14T06:02:00.000Z,2879,9.999999999999432
2025-03-14T06:00:00.000Z,EUR/JPY,SELL,2025-03-14T06:02:00.000Z,2879,-65.89999999999918
2025-03-14T06:00:00.000Z,AUD/JPY,SELL,2025-03-14T06:02:00.000Z,2879,-60.99999999999994
2025-03-14T07:45:00.000Z,USD/JPY,SELL,2025-03-14T07:47:00.000Z,2879,14.300000000000068
2025-03-14T07:45:00.000Z,EUR/JPY,SELL,2025-03-14T07:47:00.000Z,2879,-56.00000000000023
2025-03-14T08:15:00.000Z,AUD/JPY,SELL,2025-03-14T08:17:00.000Z,2879,9.999999999999432
2025-03-14T08:45:00.000Z,AUD/USD,SELL,2025-03-14T08:47:00.000Z,2879,10.200000000000209
2025-03-14T09:15:00.000Z,AUD/JPY,SELL,2025-03-14T09:17:00.000Z,2879,9.999999999999432
2025-03-14T09:15:00.000Z,AUD/USD,SELL,2025-03-14T09:17:00.000Z,2879,-24.89999999999992
2025-03-14T10:15:00.000Z,USD/JPY,SELL,2025-03-14T10:17:00.000Z,2879,9.999999999999432
2025-03-14T10:30:00.000Z,EUR/JPY,SELL,2025-03-14T10:32:00.000Z,2879,12.800000000001432
2025-03-14T12:15:00.000Z,EUR/JPY,SELL,2025-03-14T12:17:00.000Z,2879,9.999999999999432
2025-03-14T12:45:00.000Z,EUR/JPY,SELL,2025-03-14T12:47:00.000Z,2879,11.599999999998545
2025-03-14T12:45:00.000Z,EUR/USD,SELL,2025-03-14T12:47:00.000Z,2879,11.099999999999444
2025-03-14T13:15:00.000Z,AUD/USD,SELL,2025-03-14T13:17:00.000Z,2879,-10.499999999999954
2025-03-17T05:15:00.000Z,EUR/JPY,SELL,2025-03-17T05:17:00.000Z,2880,9.999999999999432
2025-03-17T05:30:00.000Z,USD/JPY,SELL,2025-03-17T05:32:00.000Z,2880,9.999999999999432
2025-03-17T08:30:00.000Z,AUD/USD,SELL,2025-03-17T08:32:00.000Z,2880,-50.70000000000019
2025-03-17T11:00:00.000Z,AUD/USD,SELL,2025-03-17T11:02:00.000Z,2880,-22.100000000000453
2025-03-17T11:15:00.000Z,EUR/USD,SELL,2025-03-17T11:17:00.000Z,2880,10.999999999998789
2025-03-17T11:30:00.000Z,USD/JPY,BUY,2025-03-17T11:32:00.000Z,2880,9.999999999999432
2025-03-17T12:00:00.000Z,AUD/USD,SELL,2025-03-17T12:02:00.000Z,2880,-18.69999999999927
2025-03-17T14:00:00.000Z,AUD/JPY,SELL,2025-03-17T14:02:00.000Z,2880,9.999999999999432
2025-03-17T14:00:00.000Z,AUD/USD,SELL,2025-03-17T14:02:00.000Z,2880,1.7000000000000348
2025-03-17T16:00:00.000Z,EUR/USD,SELL,2025-03-17T16:02:00.000Z,2880,9.999999999998899
2025-03-17T19:15:00.000Z,USD/JPY,SELL,2025-03-17T19:17:00.000Z,2880,9.999999999999432
2025-03-17T20:00:00.000Z,USD/JPY,SELL,2025-03-17T20:02:00.000Z,2880,-14.799999999999613
2025-03-17T20:00:00.000Z,EUR/JPY,SELL,2025-03-17T20:02:00.000Z,2880,-55.100000000001614
2025-03-17T20:00:00.000Z,AUD/USD,SELL,2025-03-17T20:02:00.000Z,2880,10.000000000000009
2025-03-17T20:15:00.000Z,AUD/JPY,SELL,2025-03-17T20:17:00.000Z,2880,10.099999999999909
2025-03-17T20:45:00.000Z,AUD/JPY,SELL,2025-03-17T20:47:00.000Z,2880,9.999999999999432
2025-03-17T20:45:00.000Z,AUD/USD,SELL,2025-03-17T20:47:00.000Z,2880,10.000000000000009
2025-03-17T23:15:00.000Z,AUD/JPY,SELL,2025-03-17T23:17:00.000Z,2880,9.999999999999432
2025-03-17T23:45:00.000Z,EUR/JPY,SELL,2025-03-17T23:47:00.000Z,2880,9.999999999999432
2025-03-18T02:00:00.000Z,AUD/JPY,SELL,2025-03-18T02:02:00.000Z,2880,9.999999999999432
2025-03-18T03:45:00.000Z,EUR/JPY,SELL,2025-03-18T03:47:00.000Z,2880,9.999999999999432
2025-03-18T04:00:00.000Z,AUD/USD,BUY,2025-03-18T04:02:00.000Z,2880,10.000000000000009
2025-03-18T04:15:00.000Z,USD/JPY,SELL,2025-03-18T04:17:00.000Z,2880,13.100000000000023
2025-03-18T04:45:00.000Z,USD/JPY,SELL,2025-03-18T04:47:00.000Z,2880,10.300000000000864
2025-03-18T07:00:00.000Z,USD/JPY,SELL,2025-03-18T07:02:00.000Z,2880,11.199999999999477
2025-03-18T08:00:00.000Z,AUD/JPY,SELL,2025-03-18T08:02:00.000Z,2880,13.599999999999568
2025-03-18T08:30:00.000Z,AUD/JPY,SELL,2025-03-18T08:32:00.000Z,2880,11.099999999999
2025-03-18T09:15:00.000Z,EUR/JPY,SELL,2025-03-18T09:17:00.000Z,2880,12.09999999999809
2025-03-18T09:15:00.000Z,EUR/USD,SELL,2025-03-18T09:17:00.000Z,2880,10.399999999997078
2025-03-18T10:15:00.000Z,EUR/JPY,SELL,2025-03-18T10:17:00.000Z,2880,9.999999999999432
2025-03-18T10:15:00.000Z,EUR/USD,SELL,2025-03-18T10:17:00.000Z,2880,9.999999999998899
2025-03-18T15:30:00.000Z,AUD/USD,BUY,2025-03-18T15:32:00.000Z,2880,10.000000000000009
2025-03-18T15:45:00.000Z,AUD/JPY,BUY,2025-03-18T15:47:00.000Z,2880,9.999999999999432
2025-03-19T07:00:00.000Z,USD/JPY,SELL,2025-03-19T07:02:00.000Z,2880,9.999999999999432
2025-03-19T08:00:00.000Z,EUR/JPY,BUY,2025-03-19T08:02:00.000Z,2880,9.999999999999432
2025-03-19T08:15:00.000Z,AUD/JPY,BUY,2025-03-19T08:17:00.000Z,2880,9.999999999999432
2025-03-19T08:15:00.000Z,EUR/USD,BUY,2025-03-19T08:17:00.000Z,2880,12.999999999998568
2025-03-19T08:30:00.000Z,AUD/USD,BUY,2025-03-19T08:32:00.000Z,2880,10.100000000000664
2025-03-19T09:45:00.000Z,AUD/USD,BUY,2025-03-19T09:47:00.000Z,2880,10.000000000000009
2025-03-19T14:15:00.000Z,USD/JPY,SELL,2025-03-19T14:17:00.000Z,2880,9.999999999999432
2025-03-19T18:00:00.000Z,EUR/USD,BUY,2025-03-19T18:02:00.000Z,2880,9.999999999998899
2025-03-19T19:00:00.000Z,AUD/JPY,BUY,2025-03-19T19:02:00.000Z,2880,-86.099999999999
2025-03-19T19:30:00.000Z,AUD/USD,SELL,2025-03-19T19:32:00.000Z,2880,10.000000000000009
2025-03-19T19:45:00.000Z,AUD/JPY,BUY,2025-03-19T19:47:00.000Z,2880,-79.50000000000017
2025-03-19T21:45:00.000Z,USD/JPY,BUY,2025-03-19T21:47:00.000Z,2880,9.999999999999432
2025-03-19T21:45:00.000Z,EUR/JPY,BUY,2025-03-19T21:47:00.000Z,2880,-79.20000000000016
2025-03-19T23:00:00.000Z,EUR/JPY,BUY,2025-03-19T23:02:00.000Z,2880,-69.10000000000025
2025-03-19T23:15:00.000Z,USD/JPY,BUY,2025-03-19T23:17:00.000Z,2880,9.999999999999432
2025-03-20T00:30:00.000Z,USD/JPY,BUY,2025-03-20T00:32:00.000Z,2880,10.69999999999709
2025-03-20T00:30:00.000Z,EUR/JPY,BUY,2025-03-20T00:32:00.000Z,2880,-35.20000000000039
2025-03-20T01:15:00.000Z,USD/JPY,BUY,2025-03-20T01:17:00.000Z,2880,9.999999999999432
2025-03-20T02:15:00.000Z,EUR/JPY,BUY,2025-03-20T02:17:00.000Z,2880,9.999999999999432
2025-03-20T02:30:00.000Z,USD/JPY,BUY,2025-03-20T02:32:00.000Z,2880,9.999999999999432
2025-03-20T03:00:00.000Z,AUD/JPY,BUY,2025-03-20T03:02:00.000Z,2880,12.299999999999045
2025-03-20T06:45:00.000Z,EUR/JPY,BUY,2025-03-20T06:47:00.000Z,2880,11.400000000000432
2025-03-20T06:45:00.000Z,AUD/JPY,BUY,2025-03-20T06:47:00.000Z,2880,9.999999999999432
2025-03-20T07:45:00.000Z,AUD/JPY,BUY,2025-03-20T07:47:00.000Z,2880,11.400000000000432
2025-03-20T08:00:00.000Z,EUR/USD,BUY,2025-03-20T08:02:00.000Z,2880,-37.59999999999985
2025-03-20T08:00:00.000Z,AUD/USD,BUY,2025-03-20T08:02:00.000Z,2880,-25.000000000000576
2025-03-20T10:00:00.000Z,EUR/USD,BUY,2025-03-20T10:02:00.000Z,2880,-22.600000000001508
2025-03-20T10:45:00.000Z,EUR/JPY,BUY,2025-03-20T10:47:00.000Z,2880,9.999999999999432
2025-03-20T10:45:00.000Z,EUR/USD,BUY,2025-03-20T10:47:00.000Z,2880,-16.099999999998893
2025-03-20T11:45:00.000Z,AUD/JPY,BUY,2025-03-20T11:47:00.000Z,2880,9.999999999999432
2025-03-20T12:15:00.000Z,AUD/JPY,BUY,2025-03-20T12:17:00.000Z,2880,9.999999999999432
2025-03-20T12:45:00.000Z,AUD/JPY,BUY,2025-03-20T12:47:00.000Z,2880,9.999999999999432
2025-03-20T14:00:00.000Z,EUR/USD,BUY,2025-03-20T14:02:00.000Z,2880,9.999999999998899
2025-03-20T14:00:00.000Z,AUD/USD,BUY,2025-03-20T14:02:00.000Z,2880,-5.499999999999394
2025-03-21T01:45:00.000Z,USD/JPY,SELL,2025-03-21T01:47:00.000Z,2880,10.499999999998977
2025-03-21T01:45:00.000Z,EUR/JPY,SELL,2025-03-21T01:47:00.000Z,2880,9.999999999999432
2025-03-21T06:00:00.000Z,EUR/USD,BUY,2025-03-21T06:02:00.000Z,2880,12.899999999997913
2025-03-21T07:15:00.000Z,USD/JPY,SELL,2025-03-21T07:17:00.000Z,2880,9.999999999999432
2025-03-21T07:15:00.000Z,EUR/JPY,SELL,2025-03-21T07:17:00.000Z,2880,9.999999999999432
2025-03-21T07:15:00.000Z,AUD/JPY,SELL,2025-03-21T07:17:00.000Z,2880,0
2025-03-21T13:15:00.000Z,EUR/JPY,BUY,2025-03-21T13:17:00.000Z,2880,9.999999999999432
2025-03-21T13:30:00.000Z,USD/JPY,BUY,2025-03-21T13:32:00.000Z,2880,9.999999999999432
2025-03-21T14:30:00.000Z,AUD/JPY,BUY,2025-03-21T14:32:00.000Z,2880,11.199999999999477
2025-03-21T16:00:00.000Z,AUD/JPY,BUY,2025-03-21T16:02:00.000Z,2880,9.999999999999432
2025-03-21T16:30:00.000Z,AUD/USD,BUY,2025-03-21T16:32:00.000Z,2880,0
2025-03-23T22:45:00.000Z,AUD/JPY,SELL,2025-03-23T22:47:00.000Z,2881,-77.7000000000001
2025-03-23T23:00:00.000Z,EUR/JPY,SELL,2025-03-23T23:02:00.000Z,2881,-102.00000000000102
2025-03-23T23:30:00.000Z,USD/JPY,SELL,2025-03-23T23:32:00.000Z,2881,9.999999999999432
2025-03-24T00:15:00.000Z,USD/JPY,SELL,2025-03-24T00:17:00.000Z,2881,-134.09999999999798
2025-03-24T00:15:00.000Z,EUR/JPY,SELL,2025-03-24T00:17:00.000Z,2881,-84.39999999999941
2025-03-24T00:15:00.000Z,AUD/JPY,SELL,2025-03-24T00:17:00.000Z,2881,11.399999999999011
2025-03-24T01:15:00.000Z,EUR/JPY,SELL,2025-03-24T01:17:00.000Z,2881,12.79999999999859
2025-03-24T01:45:00.000Z,AUD/JPY,SELL,2025-03-24T01:47:00.000Z,2881,9.999999999999432
2025-03-24T02:00:00.000Z,USD/JPY,SELL,2025-03-24T02:02:00.000Z,2881,11.199999999999477
2025-03-24T02:00:00.000Z,EUR/JPY,SELL,2025-03-24T02:02:00.000Z,2881,13.49999999999909
2025-03-24T07:45:00.000Z,EUR/JPY,SELL,2025-03-24T07:47:00.000Z,2881,9.999999999999432
2025-03-24T07:45:00.000Z,EUR/USD,SELL,2025-03-24T07:47:00.000Z,2881,9.999999999998899
2025-03-24T11:00:00.000Z,AUD/USD,SELL,2025-03-24T11:02:00.000Z,2881,10.000000000000009
2025-03-24T14:15:00.000Z,EUR/USD,BUY,2025-03-24T14:17:00.000Z,2881,9.999999999998899
2025-03-24T16:00:00.000Z,AUD/JPY,SELL,2025-03-24T16:02:00.000Z,2881,10.899999999999466
2025-03-24T16:30:00.000Z,EUR/JPY,SELL,2025-03-24T16:32:00.000Z,2881,9.999999999999432
2025-03-24T17:00:00.000Z,USD/JPY,SELL,2025-03-24T17:02:00.000Z,2881,9.999999999999432
2025-03-24T20:30:00.000Z,USD/JPY,SELL,2025-03-24T20:32:00.000Z,2881,9.999999999999432
2025-03-24T22:30:00.000Z,USD/JPY,SELL,2025-03-24T22:32:00.000Z,2881,9.999999999999432
2025-03-25T00:00:00.000Z,USD/JPY,SELL,2025-03-25T00:02:00.000Z,2881,20.899999999997476
2025-03-25T00:45:00.000Z,USD/JPY,SELL,2025-03-25T00:47:00.000Z,2881,9.999999999999432
2025-03-25T01:30:00.000Z,AUD/JPY,SELL,2025-03-25T01:32:00.000Z,2881,9.999999999999432
2025-03-25T08:45:00.000Z,EUR/USD,BUY,2025-03-25T08:47:00.000Z,2881,10.200000000000209
2025-03-25T11:15:00.000Z,EUR/USD,SELL,2025-03-25T11:17:00.000Z,2881,14.799999999997038
2025-03-25T12:00:00.000Z,USD/JPY,BUY,2025-03-25T12:02:00.000Z,2881,15.699999999998226
2025-03-25T14:00:00.000Z,AUD/USD,SELL,2025-03-25T14:02:00.000Z,2881,10.999999999999899
2025-03-25T14:30:00.000Z,AUD/JPY,BUY,2025-03-25T14:32:00.000Z,2881,13.100000000000023
2025-03-25T15:15:00.000Z,EUR/JPY,BUY,2025-03-25T15:17:00.000Z,2881,11.599999999998545
2025-03-25T15:45:00.000Z,AUD/JPY,BUY,2025-03-25T15:47:00.000Z,2881,9.999999999999432
2025-03-25T16:00:00.000Z,USD/JPY,BUY,2025-03-25T16:02:00.000Z,2881,9.999999999999432
2025-03-25T16:15:00.000Z,EUR/JPY,BUY,2025-03-25T16:17:00.000Z,2881,9.999999999999432
2025-03-26T01:30:00.000Z,EUR/USD,BUY,2025-03-26T01:32:00.000Z,2881,9.999999999998899
2025-03-26T01:30:00.000Z,AUD/USD,BUY,2025-03-26T01:32:00.000Z,2881,1.5999999999993797
2025-03-26T01:45:00.000Z,USD/JPY,SELL,2025-03-26T01:47:00.000Z,2881,9.999999999999432
2025-03-26T04:45:00.000Z,EUR/JPY,SELL,2025-03-26T04:47:00.000Z,2881,9.999999999999432
2025-03-26T05:45:00.000Z,USD/JPY,SELL,2025-03-26T05:47:00.000Z,2881,9.999999999999432
2025-03-26T05:45:00.000Z,EUR/JPY,SELL,2025-03-26T05:47:00.000Z,2881,9.999999999999432
2025-03-26T07:45:00.000Z,AUD/JPY,SELL,2025-03-26T07:47:00.000Z,2881,9.999999999999432
2025-03-26T10:00:00.000Z,AUD/USD,SELL,2025-03-26T10:02:00.000Z,2881,10.000000000000009
2025-03-26T13:45:00.000Z,EUR/USD,BUY,2025-03-26T13:47:00.000Z,2881,9.999999999998899
2025-03-26T17:45:00.000Z,EUR/USD,BUY,2025-03-26T17:47:00.000Z,2881,9.999999999998899
2025-03-26T17:45:00.000Z,AUD/USD,BUY,2025-03-26T17:47:00.000Z,2881,10.000000000000009
2025-03-26T18:15:00.000Z,EUR/USD,BUY,2025-03-26T18:17:00.000Z,2881,9.999999999998899
2025-03-26T18:45:00.000Z,EUR/USD,BUY,2025-03-26T18:47:00.000Z,2881,10.599999999998388
2025-03-26T19:45:00.000Z,EUR/USD,BUY,2025-03-26T19:47:00.000Z,2881,10.699999999999044
2025-03-26T19:45:00.000Z,AUD/USD,BUY,2025-03-26T19:47:00.000Z,2881,10.299999999999754
2025-03-26T21:45:00.000Z,EUR/USD,BUY,2025-03-26T21:47:00.000Z,2881,9.999999999998899
2025-03-26T22:45:00.000Z,EUR/JPY,BUY,2025-03-26T22:47:00.000Z,2881,9.999999999999432
2025-03-26T22:45:00.000Z,EUR/USD,BUY,2025-03-26T22:47:00.000Z,2881,0
2025-03-27T03:00:00.000Z,EUR/USD,SELL,2025-03-27T03:02:00.000Z,2881,9.999999999998899
2025-03-27T03:30:00.000Z,EUR/USD,SELL,2025-03-27T03:32:00.000Z,2881,10.099999999999554
2025-03-27T04:45:00.000Z,EUR/USD,SELL,2025-03-27T04:47:00.000Z,2881,9.999999999998899
2025-03-27T10:15:00.000Z,EUR/JPY,SELL,2025-03-27T10:17:00.000Z,2881,9.999999999999432
2025-03-27T11:15:00.000Z,USD/JPY,SELL,2025-03-27T11:17:00.000Z,2881,13.999999999998636
2025-03-27T11:45:00.000Z,EUR/JPY,SELL,2025-03-27T11:47:00.000Z,2881,13.300000000000978
2025-03-27T12:15:00.000Z,USD/JPY,SELL,2025-03-27T12:17:00.000Z,2881,9.999999999999432
2025-03-27T12:15:00.000Z,AUD/JPY,SELL,2025-03-27T12:17:00.000Z,2881,9.999999999999432
2025-03-27T12:30:00.000Z,EUR/JPY,SELL,2025-03-27T12:32:00.000Z,2881,20.09999999999934
2025-03-27T16:15:00.000Z,EUR/JPY,SELL,2025-03-27T16:17:00.000Z,2881,14.300000000000068
2025-03-27T17:00:00.000Z,EUR/JPY,SELL,2025-03-27T17:02:00.000Z,2881,9.999999999999432
2025-03-27T17:30:00.000Z,EUR/JPY,SELL,2025-03-27T17:32:00.000Z,2881,12.899999999999068
2025-03-28T04:00:00.000Z,AUD/JPY,BUY,2025-03-28T04:02:00.000Z,2881,14.19999999999959
2025-03-28T04:00:00.000Z,AUD/USD,BUY,2025-03-28T04:02:00.000Z,2881,11.700000000000044
2025-03-28T04:30:00.000Z,AUD/USD,BUY,2025-03-28T04:32:00.000Z,2881,10.000000000000009
2025-03-28T07:15:00.000Z,EUR/JPY,BUY,2025-03-28T07:17:00.000Z,2881,9.999999999999432
2025-03-28T08:15:00.000Z,USD/JPY,BUY,2025-03-28T08:17:00.000Z,2881,12.700000000000955
2025-03-28T09:00:00.000Z,EUR/JPY,BUY,2025-03-28T09:02:00.000Z,2881,11.600000000001387
2025-03-28T13:45:00.000Z,AUD/USD,SELL,2025-03-28T13:47:00.000Z,2881,10.100000000000664
2025-03-28T14:45:00.000Z,USD/JPY,BUY,2025-03-28T14:47:00.000Z,2881,13.999999999998636
2025-03-28T14:45:00.000Z,AUD/JPY,BUY,2025-03-28T14:47:00.000Z,2881,11.299999999999955
2025-03-28T16:00:00.000Z,EUR/USD,SELL,2025-03-28T16:02:00.000Z,2881,10.099999999999554
2025-03-28T17:45:00.000Z,AUD/JPY,BUY,2025-03-28T17:47:00.000Z,2881,9.999999999999432
2025-03-28T18:00:00.000Z,USD/JPY,BUY,2025-03-28T18:02:00.000Z,2881,-19.10000000000025
2025-03-28T20:45:00.000Z,USD/JPY,BUY,2025-03-28T20:47:00.000Z,2881,0
2025-03-28T20:45:00.000Z,AUD/JPY,BUY,2025-03-28T20:47:00.000Z,2881,0
2025-03-30T22:30:00.000Z,EUR/JPY,BUY,2025-03-30T22:32:00.000Z,2882,9.999999999999432
2025-03-30T22:30:00.000Z,AUD/USD,BUY,2025-03-30T22:32:00.000Z,2882,10.299999999999754
2025-03-30T23:00:00.000Z,EUR/JPY,BUY,2025-03-30T23:02:00.000Z,2882,9.999999999999432
2025-03-30T23:45:00.000Z,EUR/JPY,BUY,2025-03-30T23:47:00.000Z,2882,9.999999999999432
2025-03-30T23:45:00.000Z,AUD/JPY,BUY,2025-03-30T23:47:00.000Z,2882,9.999999999999432
2025-03-30T23:45:00.000Z,AUD/USD,BUY,2025-03-30T23:47:00.000Z,2882,10.000000000000009
2025-03-31T00:00:00.000Z,USD/JPY,BUY,2025-03-31T00:02:00.000Z,2882,18.999999999999773
2025-03-31T01:00:00.000Z,USD/JPY,BUY,2025-03-31T01:02:00.000Z,2882,11.499999999998067
2025-03-31T03:00:00.000Z,USD/JPY,BUY,2025-03-31T03:02:00.000Z,2882,10.200000000000387
2025-03-31T03:30:00.000Z,USD/JPY,BUY,2025-03-31T03:32:00.000Z,2882,9.999999999999432
2025-03-31T03:30:00.000Z,AUD/JPY,BUY,2025-03-31T03:32:00.000Z,2882,9.999999999999432
2025-03-31T11:15:00.000Z,AUD/USD,BUY,2025-03-31T11:17:00.000Z,2882,11.300000000000754
2025-03-31T15:00:00.000Z,USD/JPY,SELL,2025-03-31T15:02:00.000Z,2882,9.999999999999432
2025-03-31T15:00:00.000Z,AUD/USD,BUY,2025-03-31T15:02:00.000Z,2882,10.000000000000009
2025-03-31T18:45:00.000Z,USD/JPY,SELL,2025-03-31T18:47:00.000Z,2882,9.999999999999432
2025-03-31T18:45:00.000Z,EUR/JPY,SELL,2025-03-31T18:47:00.000Z,2882,9.999999999999432
2025-04-01T05:15:00.000Z,AUD/USD,SELL,2025-04-01T05:17:00.000Z,2882,11.500000000000954
2025-04-01T06:45:00.000Z,EUR/USD,BUY,2025-04-01T06:47:00.000Z,2882,10.299999999998644
2025-04-01T10:30:00.000Z,EUR/JPY,BUY,2025-04-01T10:32:00.000Z,2882,18.000000000000682
2025-04-01T12:15:00.000Z,USD/JPY,BUY,2025-04-01T12:17:00.000Z,2882,10.900000000000887
2025-04-01T12:15:00.000Z,EUR/JPY,BUY,2025-04-01T12:17:00.000Z,2882,14.6000000000015
2025-04-01T16:30:00.000Z,AUD/USD,SELL,2025-04-01T16:32:00.000Z,2882,10.000000000000009
2025-04-01T22:45:00.000Z,EUR/JPY,SELL,2025-04-01T22:47:00.000Z,2882,9.999999999999432
2025-04-01T22:45:00.000Z,AUD/JPY,SELL,2025-04-01T22:47:00.000Z,2882,9.999999999999432
2025-04-01T23:15:00.000Z,AUD/JPY,SELL,2025-04-01T23:17:00.000Z,2882,11.099999999999
2025-04-02T02:45:00.000Z,AUD/JPY,SELL,2025-04-02T02:47:00.000Z,2882,10.39999999999992
2025-04-02T02:45:00.000Z,AUD/USD,SELL,2025-04-02T02:47:00.000Z,2882,10.000000000000009
2025-04-02T03:45:00.000Z,AUD/USD,SELL,2025-04-02T03:47:00.000Z,2882,10.300000000000864
2025-04-02T06:45:00.000Z,AUD/JPY,SELL,2025-04-02T06:47:00.000Z,2882,9.999999999999432
2025-04-02T10:15:00.000Z,AUD/USD,SELL,2025-04-02T10:17:00.000Z,2882,10.499999999999954
2025-04-02T11:00:00.000Z,USD/JPY,BUY,2025-04-02T11:02:00.000Z,2882,9.999999999999432
2025-04-02T12:15:00.000Z,USD/JPY,BUY,2025-04-02T12:17:00.000Z,2882,9.999999999999432
2025-04-02T12:45:00.000Z,AUD/JPY,BUY,2025-04-02T12:47:00.000Z,2882,9.999999999999432
2025-04-02T13:00:00.000Z,USD/JPY,BUY,2025-04-02T13:02:00.000Z,2882,9.999999999999432
2025-04-02T13:45:00.000Z,EUR/USD,SELL,2025-04-02T13:47:00.000Z,2882,-277.4999999999994
2025-04-02T14:15:00.000Z,EUR/USD,SELL,2025-04-02T14:17:00.000Z,2882,9.999999999998899
2025-04-02T16:30:00.000Z,EUR/USD,SELL,2025-04-02T16:32:00.000Z,2882,9.999999999998899
2025-04-02T17:45:00.000Z,USD/JPY,SELL,2025-04-02T17:47:00.000Z,2882,9.999999999999432
2025-04-02T17:45:00.000Z,AUD/JPY,SELL,2025-04-02T17:47:00.000Z,2882,9.999999999999432
2025-04-02T19:00:00.000Z,EUR/JPY,SELL,2025-04-02T19:02:00.000Z,2882,11.599999999998545
2025-04-02T20:30:00.000Z,EUR/JPY,SELL,2025-04-02T20:32:00.000Z,2882,9.999999999999432
2025-04-02T20:30:00.000Z,AUD/JPY,SELL,2025-04-02T20:32:00.000Z,2882,29.49999999999875
2025-04-02T20:30:00.000Z,EUR/USD,SELL,2025-04-02T20:32:00.000Z,2882,-183.1999999999989
2025-04-02T20:30:00.000Z,AUD/USD,SELL,2025-04-02T20:32:00.000Z,2882,19.100000000000783
2025-04-02T22:30:00.000Z,EUR/JPY,BUY,2025-04-02T22:32:00.000Z,2882,9.999999999999432
2025-04-02T22:45:00.000Z,AUD/JPY,BUY,2025-04-02T22:47:00.000Z,2882,9.999999999999432
2025-04-03T00:30:00.000Z,USD/JPY,BUY,2025-04-03T00:32:00.000Z,2882,-199.89999999999952
2025-04-03T02:00:00.000Z,USD/JPY,BUY,2025-04-03T02:02:00.000Z,2882,-165.89999999999918
2025-04-03T04:15:00.000Z,USD/JPY,BUY,2025-04-03T04:17:00.000Z,2882,12.100000000000932
2025-04-03T06:00:00.000Z,EUR/USD,SELL,2025-04-03T06:02:00.000Z,2882,-138.69999999999825
2025-04-03T07:15:00.000Z,EUR/USD,SELL,2025-04-03T07:17:00.000Z,2882,16.399999999998638
2025-04-03T10:30:00.000Z,EUR/JPY,SELL,2025-04-03T10:32:00.000Z,2882,19.10000000000025
2025-04-03T10:45:00.000Z,EUR/USD,SELL,2025-04-03T10:47:00.000Z,2882,15.000000000000568
2025-04-03T10:45:00.000Z,AUD/USD,SELL,2025-04-03T10:47:00.000Z,2882,10.799999999999699
2025-04-03T12:15:00.000Z,USD/JPY,BUY,2025-04-03T12:17:00.000Z,2882,13.300000000000978
2025-04-03T12:30:00.000Z,AUD/USD,SELL,2025-04-03T12:32:00.000Z,2882,11.799999999999589
2025-04-03T13:30:00.000Z,USD/JPY,BUY,2025-04-03T13:32:00.000Z,2882,9.999999999999432
2025-04-03T13:30:00.000Z,EUR/USD,SELL,2025-04-03T13:32:00.000Z,2882,9.999999999998899
2025-04-03T13:45:00.000Z,AUD/USD,SELL,2025-04-03T13:47:00.000Z,2882,12.100000000000444
2025-04-03T15:00:00.000Z,AUD/USD,SELL,2025-04-03T15:02:00.000Z,2882,0
2025-04-03T20:30:00.000Z,AUD/USD,BUY,2025-04-03T20:32:00.000Z,2882,10.000000000000009
2025-04-03T23:30:00.000Z,AUD/JPY,BUY,2025-04-03T23:32:00.000Z,2882,9.999999999999432
2025-04-04T05:45:00.000Z,AUD/JPY,BUY,2025-04-04T05:47:00.000Z,2882,9.999999999999432
2025-04-04T05:45:00.000Z,EUR/USD,SELL,2025-04-04T05:47:00.000Z,2882,9.999999999998899
2025-04-04T06:00:00.000Z,AUD/USD,BUY,2025-04-04T06:02:00.000Z,2882,-210.8999999999994
2025-04-04T07:15:00.000Z,AUD/USD,BUY,2025-04-04T07:17:00.000Z,2882,-196.69999999999965
2025-04-04T08:00:00.000Z,AUD/JPY,BUY,2025-04-04T08:02:00.000Z,2882,13.699999999998624
2025-04-04T10:15:00.000Z,EUR/USD,BUY,2025-04-04T10:17:00.000Z,2882,10.399999999999299
2025-04-04T10:30:00.000Z,EUR/JPY,BUY,2025-04-04T10:32:00.000Z,2882,9.999999999999432
2025-04-04T11:45:00.000Z,EUR/JPY,BUY,2025-04-04T11:47:00.000Z,2882,9.999999999999432
2025-04-04T12:00:00.000Z,USD/JPY,BUY,2025-04-04T12:02:00.000Z,2882,14.799999999999613
2025-04-04T12:45:00.000Z,AUD/JPY,BUY,2025-04-04T12:47:00.000Z,2882,9.999999999999432
2025-04-04T13:15:00.000Z,AUD/USD,BUY,2025-04-04T13:17:00.000Z,2882,-84.40000000000002
2025-04-04T14:00:00.000Z,AUD/JPY,BUY,2025-04-04T14:02:00.000Z,2882,15.299999999999159
2025-04-04T15:00:00.000Z,EUR/JPY,BUY,2025-04-04T15:02:00.000Z,2882,0
2025-04-04T15:00:00.000Z,AUD/JPY,BUY,2025-04-04T15:02:00.000Z,2882,9.999999999999432
2025-04-04T15:15:00.000Z,AUD/USD,BUY,2025-04-04T15:17:00.000Z,2882,-31.90000000000026
2025-04-04T16:00:00.000Z,AUD/USD,BUY,2025-04-04T16:02:00.000Z,2882,10.000000000000009
2025-04-04T17:45:00.000Z,AUD/USD,BUY,2025-04-04T17:47:00.000Z,2882,10.000000000000009
2025-04-04T18:15:00.000Z,USD/JPY,SELL,2025-04-04T18:17:00.000Z,2882,9.999999999999432
2025-04-06T23:30:00.000Z,USD/JPY,BUY,2025-04-06T23:32:00.000Z,2883,17.300000000000182
2025-04-07T14:30:00.000Z,USD/JPY,SELL,2025-04-07T14:32:00.000Z,2883,29.800000000000182
2025-04-07T14:30:00.000Z,EUR/JPY,SELL,2025-04-07T14:32:00.000Z,2883,20.79999999999984
2025-04-08T03:15:00.000Z,EUR/USD,SELL,2025-04-08T03:17:00.000Z,2883,9.999999999998899
2025-04-08T04:45:00.000Z,EUR/USD,SELL,2025-04-08T04:47:00.000Z,2883,11.399999999999189
2025-04-08T05:15:00.000Z,AUD/JPY,SELL,2025-04-08T05:17:00.000Z,2883,9.999999999999432
2025-04-08T05:15:00.000Z,AUD/USD,SELL,2025-04-08T05:17:00.000Z,2883,10.000000000000009
2025-04-08T06:15:00.000Z,AUD/USD,SELL,2025-04-08T06:17:00.000Z,2883,10.000000000000009
2025-04-08T10:45:00.000Z,EUR/JPY,BUY,2025-04-08T10:47:00.000Z,2883,10.499999999998977
2025-04-08T17:45:00.000Z,USD/JPY,BUY,2025-04-08T17:47:00.000Z,2883,15.000000000000568
2025-04-08T17:45:00.000Z,AUD/JPY,BUY,2025-04-08T17:47:00.000Z,2883,20.000000000000284
2025-04-08T17:45:00.000Z,AUD/USD,BUY,2025-04-08T17:47:00.000Z,2883,14.899999999999913
2025-04-08T19:30:00.000Z,AUD/USD,BUY,2025-04-08T19:32:00.000Z,2883,10.599999999999499
2025-04-08T20:00:00.000Z,AUD/JPY,BUY,2025-04-08T20:02:00.000Z,2883,9.999999999999432
2025-04-08T20:00:00.000Z,AUD/USD,BUY,2025-04-08T20:02:00.000Z,2883,10.000000000000009
2025-04-08T21:00:00.000Z,AUD/USD,BUY,2025-04-08T21:10:00.000Z,2883,10.000000000000009
2025-04-09T00:00:00.000Z,USD/JPY,BUY,2025-04-09T00:02:00.000Z,2883,18.299999999999272
2025-04-09T00:00:00.000Z,AUD/JPY,BUY,2025-04-09T00:02:00.000Z,2883,14.300000000000068
2025-04-09T00:45:00.000Z,AUD/JPY,BUY,2025-04-09T00:47:00.000Z,2883,13.800000000000523
2025-04-09T01:00:00.000Z,USD/JPY,BUY,2025-04-09T01:02:00.000Z,2883,9.999999999999432
2025-04-09T02:00:00.000Z,EUR/USD,SELL,2025-04-09T02:02:00.000Z,2883,14.499999999999513
2025-04-09T03:45:00.000Z,EUR/USD,SELL,2025-04-09T03:47:00.000Z,2883,9.999999999998899
2025-04-09T04:45:00.000Z,USD/JPY,BUY,2025-04-09T04:47:00.000Z,2883,9.999999999999432
2025-04-09T05:15:00.000Z,EUR/USD,SELL,2025-04-09T05:17:00.000Z,2883,13.199999999997658
2025-04-09T13:00:00.000Z,USD/JPY,BUY,2025-04-09T13:02:00.000Z,2883,9.999999999999432
2025-04-09T18:30:00.000Z,EUR/USD,BUY,2025-04-09T18:32:00.000Z,2883,9.999999999998899
2025-04-09T19:00:00.000Z,EUR/JPY,SELL,2025-04-09T19:02:00.000Z,2883,11.700000000001864
2025-04-09T19:45:00.000Z,AUD/USD,SELL,2025-04-09T19:47:00.000Z,2883,10.000000000000009
2025-04-09T20:00:00.000Z,EUR/JPY,SELL,2025-04-09T20:02:00.000Z,2883,16.29999999999825
2025-04-09T20:45:00.000Z,USD/JPY,SELL,2025-04-09T20:47:00.000Z,2883,12.999999999999545
2025-04-09T20:45:00.000Z,AUD/JPY,SELL,2025-04-09T20:47:00.000Z,2883,11.999999999999034
2025-04-09T21:30:00.000Z,AUD/JPY,SELL,2025-04-09T21:32:00.000Z,2883,9.999999999999432
2025-04-10T06:15:00.000Z,AUD/USD,SELL,2025-04-10T06:17:00.000Z,2883,16.200000000000657
2025-04-10T06:45:00.000Z,AUD/USD,SELL,2025-04-10T06:47:00.000Z,2883,10.000000000000009
2025-04-10T08:45:00.000Z,EUR/USD,SELL,2025-04-10T08:47:00.000Z,2883,-399.8999999999997
2025-04-10T12:00:00.000Z,EUR/USD,SELL,2025-04-10T12:02:00.000Z,2883,-259.5999999999998
2025-04-10T13:00:00.000Z,USD/JPY,BUY,2025-04-10T13:02:00.000Z,2883,-292.4999999999983
2025-04-10T13:00:00.000Z,EUR/USD,SELL,2025-04-10T13:02:00.000Z,2883,-303.4000000000003
2025-04-10T15:15:00.000Z,AUD/USD,SELL,2025-04-10T15:17:00.000Z,2883,10.000000000000009
2025-04-10T16:15:00.000Z,EUR/USD,SELL,2025-04-10T16:17:00.000Z,2883,12.399999999996858
2025-04-10T16:45:00.000Z,USD/JPY,BUY,2025-04-10T16:47:00.000Z,2883,15.500000000000114
2025-04-10T16:45:00.000Z,EUR/USD,SELL,2025-04-10T16:47:00.000Z,2883,14.799999999997038
2025-04-10T19:00:00.000Z,EUR/USD,SELL,2025-04-10T19:02:00.000Z,2883,9.999999999998899
2025-04-11T00:45:00.000Z,AUD/JPY,BUY,2025-04-11T00:47:00.000Z,2883,9.999999999999432
2025-04-11T01:15:00.000Z,USD/JPY,BUY,2025-04-11T01:17:00.000Z,2883,15.799999999998704
2025-04-11T01:15:00.000Z,EUR/USD,SELL,2025-04-11T01:17:00.000Z,2883,9.999999999998899
2025-04-11T01:45:00.000Z,EUR/USD,SELL,2025-04-11T01:47:00.000Z,2883,9.999999999998899
2025-04-11T02:30:00.000Z,EUR/USD,SELL,2025-04-11T02:32:00.000Z,2883,9.999999999998899
2025-04-11T04:15:00.000Z,EUR/USD,SELL,2025-04-11T04:17:00.000Z,2883,9.999999999998899
2025-04-11T05:15:00.000Z,AUD/JPY,BUY,2025-04-11T05:17:00.000Z,2883,10.80000000000041
2025-04-11T09:15:00.000Z,EUR/USD,SELL,2025-04-11T09:17:00.000Z,2883,9.999999999998899
2025-04-11T19:00:00.000Z,AUD/JPY,SELL,2025-04-11T19:02:00.000Z,2883,13.89999999999958
2025-04-11T19:45:00.000Z,AUD/JPY,SELL,2025-04-11T19:47:00.000Z,2883,0
2025-04-11T19:45:00.000Z,AUD/USD,SELL,2025-04-11T19:47:00.000Z,2883,10.000000000000009
2025-04-14T02:00:00.000Z,USD/JPY,BUY,2025-04-14T02:02:00.000Z,2884,15.299999999999159
2025-04-14T07:15:00.000Z,AUD/USD,SELL,2025-04-14T07:17:00.000Z,2884,10.499999999999954
2025-04-14T08:45:00.000Z,AUD/JPY,SELL,2025-04-14T08:47:00.000Z,2884,9.999999999999432
2025-04-14T08:45:00.000Z,AUD/USD,SELL,2025-04-14T08:47:00.000Z,2884,10.000000000000009
2025-04-14T09:30:00.000Z,AUD/USD,SELL,2025-04-14T09:32:00.000Z,2884,11.700000000000044
2025-04-14T13:45:00.000Z,USD/JPY,SELL,2025-04-14T13:47:00.000Z,2884,9.999999999999432
2025-04-14T13:45:00.000Z,EUR/USD,BUY,2025-04-14T13:47:00.000Z,2884,9.999999999998899
2025-04-14T13:45:00.000Z,AUD/USD,BUY,2025-04-14T13:47:00.000Z,2884,10.000000000000009
2025-04-15T02:00:00.000Z,AUD/JPY,SELL,2025-04-15T02:02:00.000Z,2884,9.999999999999432
2025-04-15T05:45:00.000Z,AUD/JPY,SELL,2025-04-15T05:47:00.000Z,2884,13.899999999998158
2025-04-15T05:45:00.000Z,AUD/USD,SELL,2025-04-15T05:47:00.000Z,2884,10.899999999999244
2025-04-15T13:30:00.000Z,EUR/JPY,BUY,2025-04-15T13:32:00.000Z,2884,11.599999999998545
2025-04-15T14:30:00.000Z,EUR/USD,BUY,2025-04-15T14:32:00.000Z,2884,9.999999999998899
2025-04-15T17:15:00.000Z,EUR/JPY,BUY,2025-04-15T17:17:00.000Z,2884,9.999999999999432
2025-04-15T22:30:00.000Z,AUD/JPY,BUY,2025-04-15T22:32:00.000Z,2884,9.999999999999432
2025-04-16T01:00:00.000Z,AUD/JPY,BUY,2025-04-16T01:02:00.000Z,2884,9.999999999999432
2025-04-16T02:00:00.000Z,EUR/USD,SELL,2025-04-16T02:02:00.000Z,2884,-42.69999999999996
2025-04-16T03:00:00.000Z,EUR/USD,SELL,2025-04-16T03:02:00.000Z,2884,-48.6999999999993
2025-04-16T04:15:00.000Z,USD/JPY,BUY,2025-04-16T04:17:00.000Z,2884,9.999999999999432
2025-04-16T04:15:00.000Z,EUR/USD,SELL,2025-04-16T04:17:00.000Z,2884,-29.999999999998916
2025-04-16T06:15:00.000Z,USD/JPY,BUY,2025-04-16T06:17:00.000Z,2884,9.999999999999432
2025-04-16T06:45:00.000Z,EUR/USD,SELL,2025-04-16T06:47:00.000Z,2884,9.999999999998899
2025-04-16T07:45:00.000Z,USD/JPY,BUY,2025-04-16T07:47:00.000Z,2884,13.800000000000523
2025-04-16T07:45:00.000Z,EUR/USD,SELL,2025-04-16T07:47:00.000Z,2884,10.900000000000354
2025-04-16T19:45:00.000Z,USD/JPY,BUY,2025-04-16T19:47:00.000Z,2884,10.499999999998977
2025-04-16T19:45:00.000Z,AUD/JPY,BUY,2025-04-16T19:47:00.000Z,2884,9.999999999999432
2025-04-17T01:45:00.000Z,AUD/USD,BUY,2025-04-17T01:47:00.000Z,2884,10.000000000000009
2025-04-17T02:00:00.000Z,USD/JPY,SELL,2025-04-17T02:02:00.000Z,2884,9.999999999999432
2025-04-17T02:00:00.000Z,EUR/JPY,SELL,2025-04-17T02:02:00.000Z,2884,9.999999999999432
2025-04-17T06:00:00.000Z,AUD/USD,BUY,2025-04-17T06:02:00.000Z,2884,11.099999999999444
2025-04-17T08:15:00.000Z,EUR/JPY,SELL,2025-04-17T08:17:00.000Z,2884,13.399999999998613
2025-04-17T08:45:00.000Z,EUR/JPY,SELL,2025-04-17T08:47:00.000Z,2884,9.999999999999432
2025-04-17T12:45:00.000Z,EUR/JPY,BUY,2025-04-17T12:47:00.000Z,2884,11.000000000001364
2025-04-17T13:30:00.000Z,EUR/JPY,BUY,2025-04-17T13:32:00.000Z,2884,18.799999999998818
2025-04-17T14:45:00.000Z,USD/JPY,BUY,2025-04-17T14:47:00.000Z,2884,9.999999999999432
2025-04-17T14:45:00.000Z,AUD/USD,SELL,2025-04-17T14:47:00.000Z,2884,1.3999999999991797
2025-04-18T03:15:00.000Z,AUD/JPY,BUY,2025-04-18T03:17:00.000Z,2884,11.400000000000432
2025-04-18T03:15:00.000Z,AUD/USD,BUY,2025-04-18T03:17:00.000Z,2884,10.800000000000809
2025-04-18T12:45:00.000Z,EUR/USD,SELL,2025-04-18T12:47:00.000Z,2884,-14.800000000001479
2025-04-18T15:15:00.000Z,EUR/JPY,SELL,2025-04-18T15:17:00.000Z,2884,10.299999999998022
2025-04-18T15:15:00.000Z,EUR/USD,SELL,2025-04-18T15:17:00.000Z,2884,-7.600000000000939
2025-04-18T16:45:00.000Z,USD/JPY,BUY,2025-04-18T16:47:00.000Z,2884,10.899999999998045
2025-04-20T22:30:00.000Z,AUD/USD,SELL,2025-04-20T22:32:00.000Z,2885,-41.199999999999015
2025-04-20T22:45:00.000Z,AUD/JPY,BUY,2025-04-20T22:47:00.000Z,2885,9.999999999999432
2025-04-20T23:15:00.000Z,AUD/JPY,BUY,2025-04-20T23:17:00.000Z,2885,10.699999999999932
2025-04-20T23:45:00.000Z,AUD/JPY,BUY,2025-04-20T23:47:00.000Z,2885,9.999999999999432
2025-04-21T01:00:00.000Z,AUD/USD,SELL,2025-04-21T01:02:00.000Z,2885,-21.799999999999596
2025-04-21T01:45:00.000Z,AUD/JPY,BUY,2025-04-21T01:47:00.000Z,2885,11.599999999999966
2025-04-21T03:00:00.000Z,AUD/JPY,BUY,2025-04-21T03:02:00.000Z,2885,12.499999999998579
2025-04-21T04:15:00.000Z,USD/JPY,BUY,2025-04-21T04:17:00.000Z,2885,12.199999999998568
2025-04-21T04:15:00.000Z,EUR/USD,SELL,2025-04-21T04:17:00.000Z,2885,13.699999999998713
2025-04-21T04:15:00.000Z,AUD/USD,SELL,2025-04-21T04:17:00.000Z,2885,10.000000000000009
2025-04-21T04:45:00.000Z,EUR/USD,SELL,2025-04-21T04:47:00.000Z,2885,10.499999999997733
2025-04-21T06:15:00.000Z,USD/JPY,BUY,2025-04-21T06:17:00.000Z,2885,12.899999999999068
2025-04-21T06:15:00.000Z,EUR/USD,SELL,2025-04-21T06:17:00.000Z,2885,11.899999999998023
2025-04-21T06:15:00.000Z,AUD/USD,SELL,2025-04-21T06:17:00.000Z,2885,10.800000000000809
2025-04-21T08:15:00.000Z,USD/JPY,BUY,2025-04-21T08:17:00.000Z,2885,11.100000000001842
2025-04-21T08:15:00.000Z,EUR/USD,SELL,2025-04-21T08:17:00.000Z,2885,9.999999999998899
2025-04-21T08:15:00.000Z,AUD/USD,SELL,2025-04-21T08:17:00.000Z,2885,10.000000000000009
2025-04-21T09:30:00.000Z,EUR/JPY,SELL,2025-04-21T09:32:00.000Z,2885,10.099999999999909
2025-04-21T09:30:00.000Z,EUR/USD,SELL,2025-04-21T09:32:00.000Z,2885,13.299999999998313
2025-04-21T14:45:00.000Z,EUR/JPY,BUY,2025-04-21T14:47:00.000Z,2885,10.799999999997567
2025-04-22T03:45:00.000Z,EUR/JPY,BUY,2025-04-22T03:47:00.000Z,2885,12.299999999999045
2025-04-22T04:00:00.000Z,USD/JPY,BUY,2025-04-22T04:02:00.000Z,2885,16.799999999997794
2025-04-22T04:00:00.000Z,EUR/USD,SELL,2025-04-22T04:02:00.000Z,2885,12.900000000000134
2025-04-22T04:00:00.000Z,AUD/USD,SELL,2025-04-22T04:02:00.000Z,2885,10.000000000000009
2025-04-22T04:30:00.000Z,USD/JPY,BUY,2025-04-22T04:32:00.000Z,2885,11.7999999999995
2025-04-22T05:45:00.000Z,USD/JPY,BUY,2025-04-22T05:47:00.000Z,2885,13.700000000000045
2025-04-22T06:30:00.000Z,EUR/JPY,BUY,2025-04-22T06:32:00.000Z,2885,10.899999999998045
2025-04-22T07:30:00.000Z,EUR/JPY,BUY,2025-04-22T07:32:00.000Z,2885,13.900000000001
2025-04-22T10:45:00.000Z,AUD/JPY,BUY,2025-04-22T10:47:00.000Z,2885,9.999999999999432
2025-04-22T12:00:00.000Z,AUD/JPY,BUY,2025-04-22T12:02:00.000Z,2885,9.999999999999432
2025-04-22T12:00:00.000Z,AUD/USD,BUY,2025-04-22T12:02:00.000Z,2885,11.400000000000299
2025-04-22T14:00:00.000Z,AUD/USD,BUY,2025-04-22T14:02:00.000Z,2885,10.000000000000009
2025-04-22T17:15:00.000Z,AUD/JPY,SELL,2025-04-22T17:17:00.000Z,2885,-85.90000000000089
2025-04-22T17:30:00.000Z,USD/JPY,SELL,2025-04-22T17:32:00.000Z,2885,-201.5999999999991
2025-04-22T17:30:00.000Z,EUR/USD,BUY,2025-04-22T17:32:00.000Z,2885,-111.20000000000019
2025-04-22T19:30:00.000Z,USD/JPY,SELL,2025-04-22T19:32:00.000Z,2885,-181.09999999999786
2025-04-22T20:15:00.000Z,USD/JPY,SELL,2025-04-22T20:17:00.000Z,2885,-188.29999999999814
2025-04-22T20:15:00.000Z,AUD/USD,BUY,2025-04-22T20:17:00.000Z,2885,10.000000000000009
2025-04-22T22:30:00.000Z,EUR/JPY,SELL,2025-04-22T22:32:00.000Z,2885,14.799999999999613
2025-04-22T22:30:00.000Z,AUD/JPY,SELL,2025-04-22T22:32:00.000Z,2885,12.800000000000011
2025-04-22T23:15:00.000Z,USD/JPY,SELL,2025-04-22T23:17:00.000Z,2885,9.999999999999432
2025-04-22T23:15:00.000Z,AUD/JPY,SELL,2025-04-22T23:17:00.000Z,2885,9.999999999999432
2025-04-22T23:15:00.000Z,EUR/USD,BUY,2025-04-22T23:17:00.000Z,2885,9.999999999998899
2025-04-22T23:45:00.000Z,USD/JPY,SELL,2025-04-22T23:47:00.000Z,2885,9.999999999999432
2025-04-23T07:15:00.000Z,AUD/USD,SELL,2025-04-23T07:17:00.000Z,2885,10.000000000000009
2025-04-23T07:30:00.000Z,EUR/JPY,BUY,2025-04-23T07:32:00.000Z,2885,9.999999999999432
2025-04-23T14:15:00.000Z,USD/JPY,SELL,2025-04-23T14:17:00.000Z,2885,10.900000000000887
2025-04-23T14:15:00.000Z,AUD/JPY,SELL,2025-04-23T14:17:00.000Z,2885,9.999999999999432
2025-04-23T14:15:00.000Z,EUR/USD,BUY,2025-04-23T14:17:00.000Z,2885,15.300000000000313
2025-04-23T15:00:00.000Z,AUD/JPY,SELL,2025-04-23T15:02:00.000Z,2885,0
2025-04-23T16:45:00.000Z,AUD/USD,BUY,2025-04-23T16:47:00.000Z,2885,10.000000000000009
2025-04-23T19:30:00.000Z,USD/JPY,SELL,2025-04-23T19:32:00.000Z,2885,14.099999999999113
2025-04-23T20:45:00.000Z,USD/JPY,SELL,2025-04-23T20:47:00.000Z,2885,0
2025-04-24T02:15:00.000Z,AUD/JPY,BUY,2025-04-24T02:17:00.000Z,2885,9.999999999999432
2025-04-24T07:45:00.000Z,EUR/USD,SELL,2025-04-24T07:47:00.000Z,2885,10.399999999999299
2025-04-24T08:30:00.000Z,EUR/USD,SELL,2025-04-24T08:32:00.000Z,2885,11.499999999999844
2025-04-24T10:30:00.000Z,EUR/USD,SELL,2025-04-24T10:32:00.000Z,2885,11.399999999999189
2025-04-24T15:00:00.000Z,AUD/USD,SELL,2025-04-24T15:02:00.000Z,2885,10.000000000000009
2025-04-24T15:30:00.000Z,AUD/USD,SELL,2025-04-24T15:32:00.000Z,2885,10.000000000000009
2025-04-24T15:45:00.000Z,AUD/JPY,SELL,2025-04-24T15:47:00.000Z,2885,-71.79999999999893
2025-04-24T17:30:00.000Z,AUD/JPY,SELL,2025-04-24T17:32:00.000Z,2885,-65.09999999999962
2025-04-24T19:00:00.000Z,AUD/JPY,SELL,2025-04-24T19:02:00.000Z,2885,-55.30000000000115
2025-04-24T22:30:00.000Z,AUD/JPY,SELL,2025-04-24T22:32:00.000Z,2885,9.999999999999432
2025-04-25T01:30:00.000Z,EUR/USD,BUY,2025-04-25T01:32:00.000Z,2885,9.999999999998899
2025-04-25T02:15:00.000Z,EUR/USD,BUY,2025-04-25T02:17:00.000Z,2885,9.999999999998899
2025-04-25T04:30:00.000Z,EUR/JPY,SELL,2025-04-25T04:32:00.000Z,2885,-57.59999999999934
2025-04-25T04:30:00.000Z,EUR/USD,BUY,2025-04-25T04:32:00.000Z,2885,9.999999999998899
2025-04-25T05:00:00.000Z,EUR/JPY,SELL,2025-04-25T05:02:00.000Z,2885,13.899999999998158
2025-04-25T05:00:00.000Z,AUD/JPY,SELL,2025-04-25T05:02:00.000Z,2885,15.600000000000591
2025-04-25T05:30:00.000Z,USD/JPY,SELL,2025-04-25T05:32:00.000Z,2885,11.699999999999022
2025-04-25T05:30:00.000Z,EUR/JPY,SELL,2025-04-25T05:32:00.000Z,2885,9.999999999999432
2025-04-25T05:30:00.000Z,AUD/JPY,SELL,2025-04-25T05:32:00.000Z,2885,9.999999999999432
2025-04-25T06:00:00.000Z,USD/JPY,SELL,2025-04-25T06:02:00.000Z,2885,12.5
2025-04-25T14:30:00.000Z,AUD/JPY,SELL,2025-04-25T14:32:00.000Z,2885,9.999999999999432
2025-04-25T15:15:00.000Z,USD/JPY,SELL,2025-04-25T15:17:00.000Z,2885,9.999999999999432
2025-04-25T15:45:00.000Z,EUR/JPY,SELL,2025-04-25T15:47:00.000Z,2885,9.999999999999432
2025-04-28T00:45:00.000Z,AUD/USD,BUY,2025-04-28T00:47:00.000Z,2886,10.000000000000009
2025-04-28T07:15:00.000Z,EUR/USD,BUY,2025-04-28T07:17:00.000Z,2886,12.199999999997768
2025-04-28T12:45:00.000Z,USD/JPY,BUY,2025-04-28T12:47:00.000Z,2886,9.999999999999432
2025-04-28T15:00:00.000Z,USD/JPY,BUY,2025-04-28T15:02:00.000Z,2886,-49.60000000000093
2025-04-28T17:45:00.000Z,AUD/JPY,BUY,2025-04-28T17:47:00.000Z,2886,10.499999999998977
2025-04-28T18:00:00.000Z,USD/JPY,BUY,2025-04-28T18:02:00.000Z,2886,9.999999999999432
2025-04-28T20:15:00.000Z,AUD/USD,SELL,2025-04-28T20:17:00.000Z,2886,10.000000000000009
2025-04-28T21:30:00.000Z,USD/JPY,BUY,2025-04-28T21:32:00.000Z,2886,9.999999999999432
2025-04-29T02:30:00.000Z,AUD/USD,SELL,2025-04-29T02:32:00.000Z,2886,10.400000000000409
2025-04-29T10:15:00.000Z,USD/JPY,SELL,2025-04-29T10:17:00.000Z,2886,12.09999999999809
2025-04-29T14:00:00.000Z,USD/JPY,BUY,2025-04-29T14:02:00.000Z,2886,23.699999999999477
2025-04-29T14:45:00.000Z,AUD/USD,BUY,2025-04-29T14:47:00.000Z,2886,10.000000000000009
2025-04-29T15:00:00.000Z,AUD/JPY,BUY,2025-04-29T15:02:00.000Z,2886,9.999999999999432
2025-04-30T02:00:00.000Z,AUD/USD,SELL,2025-04-30T02:02:00.000Z,2886,10.000000000000009
2025-04-30T02:15:00.000Z,EUR/USD,BUY,2025-04-30T02:17:00.000Z,2886,9.999999999998899
2025-04-30T02:45:00.000Z,AUD/JPY,SELL,2025-04-30T02:47:00.000Z,2886,10.3999999999985
2025-04-30T05:30:00.000Z,AUD/USD,SELL,2025-04-30T05:32:00.000Z,2886,10.000000000000009
2025-04-30T06:45:00.000Z,AUD/JPY,SELL,2025-04-30T06:47:00.000Z,2886,9.999999999999432
2025-04-30T07:45:00.000Z,EUR/JPY,SELL,2025-04-30T07:47:00.000Z,2886,12.899999999999068
2025-04-30T08:30:00.000Z,EUR/JPY,SELL,2025-04-30T08:32:00.000Z,2886,9.999999999999432
2025-04-30T10:00:00.000Z,EUR/JPY,SELL,2025-04-30T10:02:00.000Z,2886,9.999999999999432
2025-04-30T11:45:00.000Z,USD/JPY,SELL,2025-04-30T11:47:00.000Z,2886,12.20000000000141
2025-04-30T13:00:00.000Z,AUD/JPY,BUY,2025-04-30T13:02:00.000Z,2886,14.100000000000534
2025-04-30T13:30:00.000Z,AUD/JPY,BUY,2025-04-30T13:32:00.000Z,2886,21.599999999999397
2025-04-30T13:30:00.000Z,AUD/USD,BUY,2025-04-30T13:32:00.000Z,2886,15.899999999999803
2025-04-30T14:15:00.000Z,AUD/JPY,BUY,2025-04-30T14:17:00.000Z,2886,9.999999999999432
2025-04-30T14:15:00.000Z,AUD/USD,BUY,2025-04-30T14:17:00.000Z,2886,10.000000000000009
2025-04-30T15:45:00.000Z,EUR/JPY,BUY,2025-04-30T15:47:00.000Z,2886,22.399999999998954
2025-05-01T02:15:00.000Z,EUR/USD,BUY,2025-05-01T02:17:00.000Z,2886,9.999999999998899
2025-05-01T03:00:00.000Z,AUD/JPY,SELL,2025-05-01T03:02:00.000Z,2886,-137.5
2025-05-01T03:00:00.000Z,AUD/USD,SELL,2025-05-01T03:02:00.000Z,2886,10.000000000000009
2025-05-01T04:30:00.000Z,AUD/JPY,SELL,2025-05-01T04:32:00.000Z,2886,-111.2000000000009
2025-05-01T05:45:00.000Z,EUR/USD,BUY,2025-05-01T05:47:00.000Z,2886,10.199999999997988
2025-05-01T06:00:00.000Z,AUD/JPY,SELL,2025-05-01T06:02:00.000Z,2886,-97.49999999999943
2025-05-01T07:30:00.000Z,AUD/JPY,SELL,2025-05-01T07:32:00.000Z,2886,9.999999999999432
2025-05-01T07:45:00.000Z,USD/JPY,SELL,2025-05-01T07:47:00.000Z,2886,9.999999999999432
2025-05-01T09:00:00.000Z,EUR/JPY,SELL,2025-05-01T09:02:00.000Z,2886,-91.70000000000016
2025-05-01T10:00:00.000Z,EUR/JPY,SELL,2025-05-01T10:02:00.000Z,2886,-69.90000000000123
2025-05-01T10:30:00.000Z,EUR/JPY,SELL,2025-05-01T10:32:00.000Z,2886,-69.70000000000027
2025-05-01T11:15:00.000Z,EUR/JPY,SELL,2025-05-01T11:17:00.000Z,2886,-40.89999999999918
2025-05-01T12:30:00.000Z,EUR/JPY,SELL,2025-05-01T12:32:00.000Z,2886,-33.500000000000796
2025-05-01T13:45:00.000Z,EUR/JPY,SELL,2025-05-01T13:47:00.000Z,2886,18.299999999999272
2025-05-01T16:00:00.000Z,AUD/JPY,SELL,2025-05-01T16:02:00.000Z,2886,-62.80000000000001
2025-05-01T16:00:00.000Z,EUR/USD,BUY,2025-05-01T16:02:00.000Z,2886,14.899999999999913
2025-05-01T17:00:00.000Z,USD/JPY,SELL,2025-05-01T17:02:00.000Z,2886,9.999999999999432
2025-05-01T18:00:00.000Z,USD/JPY,SELL,2025-05-01T18:02:00.000Z,2886,18.999999999999773
2025-05-01T19:15:00.000Z,USD/JPY,SELL,2025-05-01T19:17:00.000Z,2886,10.200000000000387
2025-05-01T19:15:00.000Z,AUD/JPY,SELL,2025-05-01T19:17:00.000Z,2886,9.999999999999432
2025-05-01T20:00:00.000Z,EUR/JPY,SELL,2025-05-01T20:02:00.000Z,2886,9.999999999999432
2025-05-01T20:00:00.000Z,AUD/JPY,SELL,2025-05-01T20:02:00.000Z,2886,-63.60000000000099
2025-05-02T01:15:00.000Z,AUD/JPY,SELL,2025-05-02T01:17:00.000Z,2886,9.999999999999432
2025-05-02T01:30:00.000Z,AUD/USD,SELL,2025-05-02T01:32:00.000Z,2886,-43.400000000000105
2025-05-02T03:00:00.000Z,AUD/USD,SELL,2025-05-02T03:02:00.000Z,2886,-37.200000000000564
2025-05-02T06:45:00.000Z,EUR/USD,SELL,2025-05-02T06:47:00.000Z,2886,9.999999999998899
2025-05-02T10:15:00.000Z,EUR/USD,SELL,2025-05-02T10:17:00.000Z,2886,9.999999999998899
2025-05-02T10:30:00.000Z,USD/JPY,BUY,2025-05-02T10:32:00.000Z,2886,9.999999999999432
2025-05-02T10:30:00.000Z,AUD/USD,SELL,2025-05-02T10:32:00.000Z,2886,10.000000000000009
2025-05-02T12:00:00.000Z,USD/JPY,BUY,2025-05-02T12:02:00.000Z,2886,12.600000000000477
2025-05-02T12:00:00.000Z,EUR/JPY,BUY,2025-05-02T12:02:00.000Z,2886,-17.40000000000066
2025-05-02T13:00:00.000Z,USD/JPY,BUY,2025-05-02T13:02:00.000Z,2886,12.09999999999809
2025-05-02T13:00:00.000Z,EUR/JPY,BUY,2025-05-02T13:02:00.000Z,2886,17.40000000000066
2025-05-02T13:30:00.000Z,EUR/JPY,BUY,2025-05-02T13:32:00.000Z,2886,15.399999999996794
2025-05-02T14:00:00.000Z,EUR/JPY,BUY,2025-05-02T14:02:00.000Z,2886,11.999999999997613
2025-05-02T14:00:00.000Z,AUD/USD,SELL,2025-05-02T14:02:00.000Z,2886,11.799999999999589
2025-05-02T14:15:00.000Z,USD/JPY,BUY,2025-05-02T14:17:00.000Z,2886,9.999999999999432
2025-05-05T01:45:00.000Z,USD/JPY,BUY,2025-05-05T01:47:00.000Z,2887,-30.500000000000682
2025-05-05T01:45:00.000Z,AUD/USD,SELL,2025-05-05T01:47:00.000Z,2887,10.000000000000009
2025-05-05T09:15:00.000Z,EUR/JPY,BUY,2025-05-05T09:17:00.000Z,2887,12.79999999999859
2025-05-05T13:30:00.000Z,USD/JPY,BUY,2025-05-05T13:32:00.000Z,2887,9.999999999999432
2025-05-05T14:30:00.000Z,AUD/JPY,BUY,2025-05-05T14:32:00.000Z,2887,9.999999999999432
2025-05-05T15:30:00.000Z,EUR/JPY,BUY,2025-05-05T15:32:00.000Z,2887,9.999999999999432
2025-05-05T16:45:00.000Z,EUR/USD,BUY,2025-05-05T16:47:00.000Z,2887,12.300000000000644
2025-05-05T17:15:00.000Z,EUR/USD,BUY,2025-05-05T17:17:00.000Z,2887,9.999999999998899
2025-05-05T20:45:00.000Z,EUR/JPY,BUY,2025-05-05T20:47:00.000Z,2887,9.999999999999432
2025-05-05T21:30:00.000Z,EUR/JPY,BUY,2025-05-05T21:32:00.000Z,2887,9.999999999999432
2025-05-05T21:30:00.000Z,AUD/JPY,BUY,2025-05-05T21:32:00.000Z,2887,-48.60000000000042
2025-05-06T00:00:00.000Z,EUR/JPY,BUY,2025-05-06T00:02:00.000Z,2887,9.999999999999432
2025-05-06T00:00:00.000Z,AUD/JPY,BUY,2025-05-06T00:02:00.000Z,2887,9.999999999999432
2025-05-06T01:00:00.000Z,EUR/JPY,BUY,2025-05-06T01:02:00.000Z,2887,9.999999999999432
2025-05-06T01:00:00.000Z,AUD/JPY,BUY,2025-05-06T01:02:00.000Z,2887,9.999999999999432
2025-05-06T01:15:00.000Z,EUR/USD,BUY,2025-05-06T01:17:00.000Z,2887,13.799999999999368
2025-05-06T01:15:00.000Z,AUD/USD,BUY,2025-05-06T01:17:00.000Z,2887,11.499999999999844
2025-05-06T01:45:00.000Z,USD/JPY,SELL,2025-05-06T01:47:00.000Z,2887,9.999999999999432
2025-05-06T07:00:00.000Z,EUR/USD,SELL,2025-05-06T07:02:00.000Z,2887,16.999999999998128
2025-05-06T08:00:00.000Z,USD/JPY,BUY,2025-05-06T08:02:00.000Z,2887,-0.49999999999954525
2025-05-06T08:00:00.000Z,AUD/JPY,BUY,2025-05-06T08:02:00.000Z,2887,9.999999999999432
2025-05-06T08:00:00.000Z,EUR/USD,SELL,2025-05-06T08:02:00.000Z,2887,11.299999999998533
2025-05-06T09:00:00.000Z,USD/JPY,BUY,2025-05-06T09:02:00.000Z,2887,9.999999999999432
2025-05-06T10:00:00.000Z,AUD/JPY,BUY,2025-05-06T10:02:00.000Z,2887,9.999999999999432
2025-05-06T10:45:00.000Z,EUR/JPY,BUY,2025-05-06T10:47:00.000Z,2887,9.999999999999432
2025-05-06T12:30:00.000Z,EUR/JPY,BUY,2025-05-06T12:32:00.000Z,2887,9.999999999999432
2025-05-06T13:30:00.000Z,USD/JPY,BUY,2025-05-06T13:32:00.000Z,2887,9.999999999999432
2025-05-06T13:30:00.000Z,EUR/JPY,BUY,2025-05-06T13:32:00.000Z,2887,9.999999999999432
2025-05-06T14:15:00.000Z,USD/JPY,BUY,2025-05-06T14:17:00.000Z,2887,9.999999999999432
2025-05-06T15:00:00.000Z,AUD/USD,SELL,2025-05-06T15:02:00.000Z,2887,10.300000000000864
2025-05-06T17:00:00.000Z,AUD/USD,SELL,2025-05-06T17:02:00.000Z,2887,10.300000000000864
2025-05-06T17:45:00.000Z,AUD/USD,SELL,2025-05-06T17:47:00.000Z,2887,10.000000000000009
2025-05-06T22:45:00.000Z,USD/JPY,SELL,2025-05-06T22:47:00.000Z,2887,9.999999999999432
2025-05-06T22:45:00.000Z,AUD/USD,SELL,2025-05-06T22:47:00.000Z,2887,10.000000000000009
2025-05-06T23:15:00.000Z,USD/JPY,SELL,2025-05-06T23:17:00.000Z,2887,9.999999999999432
2025-05-06T23:15:00.000Z,EUR/JPY,SELL,2025-05-06T23:17:00.000Z,2887,-24.200000000001864
2025-05-06T23:15:00.000Z,AUD/JPY,SELL,2025-05-06T23:17:00.000Z,2887,9.999999999999432
2025-05-07T05:30:00.000Z,EUR/JPY,SELL,2025-05-07T05:32:00.000Z,2887,9.999999999999432
2025-05-07T06:30:00.000Z,EUR/JPY,SELL,2025-05-07T06:32:00.000Z,2887,-36.299999999999955
2025-05-07T09:00:00.000Z,EUR/JPY,SELL,2025-05-07T09:02:00.000Z,2887,10.899999999998045
2025-05-07T18:30:00.000Z,AUD/JPY,BUY,2025-05-07T18:32:00.000Z,2887,9.999999999999432
2025-05-07T19:45:00.000Z,AUD/USD,BUY,2025-05-07T19:47:00.000Z,2887,10.499999999999954
2025-05-07T20:30:00.000Z,EUR/USD,BUY,2025-05-07T20:32:00.000Z,2887,9.999999999998899
2025-05-08T07:00:00.000Z,EUR/USD,BUY,2025-05-08T07:02:00.000Z,2887,16.999999999998128
2025-05-08T07:30:00.000Z,EUR/USD,BUY,2025-05-08T07:32:00.000Z,2887,9.999999999998899
2025-05-08T07:30:00.000Z,AUD/USD,BUY,2025-05-08T07:32:00.000Z,2887,10.000000000000009
2025-05-08T08:00:00.000Z,USD/JPY,SELL,2025-05-08T08:02:00.000Z,2887,-82.59999999999934
2025-05-08T08:00:00.000Z,EUR/JPY,SELL,2025-05-08T08:02:00.000Z,2887,-29.000000000002046
2025-05-08T10:00:00.000Z,EUR/JPY,SELL,2025-05-08T10:02:00.000Z,2887,13.2000000000005
2025-05-08T10:30:00.000Z,USD/JPY,SELL,2025-05-08T10:32:00.000Z,2887,9.999999999999432
2025-05-08T11:00:00.000Z,EUR/JPY,SELL,2025-05-08T11:02:00.000Z,2887,9.999999999999432
2025-05-08T16:45:00.000Z,EUR/USD,BUY,2025-05-08T16:47:00.000Z,2887,12.900000000000134
2025-05-08T18:00:00.000Z,USD/JPY,SELL,2025-05-08T18:02:00.000Z,2887,9.999999999999432
2025-05-08T18:00:00.000Z,AUD/JPY,SELL,2025-05-08T18:02:00.000Z,2887,9.999999999999432
2025-05-08T18:00:00.000Z,EUR/USD,BUY,2025-05-08T18:02:00.000Z,2887,9.999999999998899
2025-05-08T19:45:00.000Z,USD/JPY,SELL,2025-05-08T19:47:00.000Z,2887,9.999999999999432
2025-05-08T19:45:00.000Z,EUR/JPY,SELL,2025-05-08T19:47:00.000Z,2887,9.999999999999432
2025-05-08T19:45:00.000Z,AUD/JPY,SELL,2025-05-08T19:47:00.000Z,2887,0
2025-05-09T02:30:00.000Z,EUR/USD,BUY,2025-05-09T02:32:00.000Z,2887,0
2025-05-09T02:30:00.000Z,AUD/USD,BUY,2025-05-09T02:32:00.000Z,2887,0
2025-05-09T14:45:00.000Z,EUR/USD,SELL,2025-05-09T14:47:00.000Z,2887,9.999999999998899
2025-05-09T14:45:00.000Z,AUD/USD,SELL,2025-05-09T14:47:00.000Z,2887,10.000000000000009
2025-05-11T23:00:00.000Z,AUD/JPY,SELL,2025-05-11T23:02:00.000Z,2888,-93.90000000000072
2025-05-11T23:15:00.000Z,USD/JPY,SELL,2025-05-11T23:17:00.000Z,2888,-277.4000000000001
2025-05-11T23:15:00.000Z,EUR/USD,BUY,2025-05-11T23:17:00.000Z,2888,-143.9999999999997
2025-05-12T01:45:00.000Z,USD/JPY,SELL,2025-05-12T01:47:00.000Z,2888,11.7999999999995
2025-05-12T01:45:00.000Z,EUR/JPY,SELL,2025-05-12T01:47:00.000Z,2888,9.999999999999432
2025-05-12T01:45:00.000Z,AUD/JPY,SELL,2025-05-12T01:47:00.000Z,2888,9.999999999999432
2025-05-12T08:45:00.000Z,EUR/USD,BUY,2025-05-12T08:47:00.000Z,2888,9.999999999998899
2025-05-12T11:00:00.000Z,EUR/JPY,SELL,2025-05-12T11:02:00.000Z,2888,9.999999999999432
2025-05-12T11:00:00.000Z,AUD/JPY,SELL,2025-05-12T11:02:00.000Z,2888,10.099999999999909
2025-05-12T11:15:00.000Z,USD/JPY,SELL,2025-05-12T11:17:00.000Z,2888,9.999999999999432
2025-05-12T11:15:00.000Z,EUR/USD,BUY,2025-05-12T11:17:00.000Z,2888,9.999999999998899
2025-05-12T14:30:00.000Z,EUR/JPY,SELL,2025-05-12T14:32:00.000Z,2888,9.999999999999432
2025-05-12T16:30:00.000Z,AUD/USD,BUY,2025-05-12T16:32:00.000Z,2888,10.100000000000664
2025-05-12T18:45:00.000Z,EUR/USD,BUY,2025-05-12T18:47:00.000Z,2888,0
2025-05-13T01:15:00.000Z,USD/JPY,BUY,2025-05-13T01:17:00.000Z,2888,11.199999999999477
2025-05-13T01:30:00.000Z,EUR/JPY,BUY,2025-05-13T01:32:00.000Z,2888,9.999999999999432
2025-05-13T01:30:00.000Z,AUD/JPY,BUY,2025-05-13T01:32:00.000Z,2888,9.999999999999432
2025-05-13T05:00:00.000Z,AUD/JPY,SELL,2025-05-13T05:02:00.000Z,2888,-36.49999999999949
2025-05-13T06:15:00.000Z,AUD/USD,SELL,2025-05-13T06:17:00.000Z,2888,-67.00000000000038
2025-05-13T07:30:00.000Z,AUD/JPY,SELL,2025-05-13T07:32:00.000Z,2888,11.699999999999022
2025-05-13T07:30:00.000Z,AUD/USD,SELL,2025-05-13T07:32:00.000Z,2888,10.000000000000009
2025-05-13T08:00:00.000Z,AUD/USD,SELL,2025-05-13T08:02:00.000Z,2888,-79.40000000000057
2025-05-13T11:00:00.000Z,AUD/JPY,SELL,2025-05-13T11:02:00.000Z,2888,12.900000000000489
2025-05-13T13:15:00.000Z,AUD/JPY,SELL,2025-05-13T13:17:00.000Z,2888,15.299999999999159
2025-05-13T13:15:00.000Z,AUD/USD,SELL,2025-05-13T13:17:00.000Z,2888,-32.30000000000066
2025-05-13T14:00:00.000Z,EUR/USD,SELL,2025-05-13T14:02:00.000Z,2888,-79.29999999999993
2025-05-13T14:00:00.000Z,AUD/USD,SELL,2025-05-13T14:02:00.000Z,2888,-34.399999999999984
2025-05-13T16:15:00.000Z,EUR/JPY,SELL,2025-05-13T16:17:00.000Z,2888,9.999999999999432
2025-05-13T16:45:00.000Z,AUD/JPY,SELL,2025-05-13T16:47:00.000Z,2888,11.199999999999477
2025-05-13T17:15:00.000Z,EUR/USD,SELL,2025-05-13T17:17:00.000Z,2888,-16.100000000001113
2025-05-13T18:00:00.000Z,AUD/JPY,SELL,2025-05-13T18:02:00.000Z,2888,9.999999999999432
2025-05-13T20:00:00.000Z,AUD/USD,SELL,2025-05-13T20:02:00.000Z,2888,10.099999999999554
2025-05-13T21:00:00.000Z,EUR/USD,SELL,2025-05-13T21:10:00.000Z,2888,9.999999999998899
2025-05-13T23:15:00.000Z,EUR/USD,SELL,2025-05-13T23:17:00.000Z,2888,9.999999999998899
2025-05-14T01:45:00.000Z,USD/JPY,BUY,2025-05-14T01:47:00.000Z,2888,12.800000000001432
2025-05-14T02:15:00.000Z,AUD/USD,SELL,2025-05-14T02:17:00.000Z,2888,10.000000000000009
2025-05-14T05:15:00.000Z,AUD/JPY,BUY,2025-05-14T05:17:00.000Z,2888,9.999999999999432
2025-05-14T05:30:00.000Z,USD/JPY,BUY,2025-05-14T05:32:00.000Z,2888,9.999999999999432
2025-05-14T05:45:00.000Z,EUR/JPY,BUY,2025-05-14T05:47:00.000Z,2888,9.999999999999432
2025-05-14T08:45:00.000Z,AUD/USD,SELL,2025-05-14T08:47:00.000Z,2888,13.000000000000789
2025-05-14T10:00:00.000Z,EUR/JPY,BUY,2025-05-14T10:02:00.000Z,2888,13.49999999999909
2025-05-14T10:15:00.000Z,EUR/USD,SELL,2025-05-14T10:17:00.000Z,2888,0
2025-05-14T11:15:00.000Z,USD/JPY,BUY,2025-05-14T11:17:00.000Z,2888,9.999999999999432
2025-05-14T11:15:00.000Z,EUR/JPY,BUY,2025-05-14T11:17:00.000Z,2888,12.20000000000141
2025-05-14T12:00:00.000Z,AUD/JPY,BUY,2025-05-14T12:02:00.000Z,2888,-101.30000000000052
2025-05-14T15:00:00.000Z,AUD/JPY,BUY,2025-05-14T15:02:00.000Z,2888,-111.70000000000044
2025-05-14T15:30:00.000Z,AUD/USD,BUY,2025-05-14T15:32:00.000Z,2888,11.099999999999444
2025-05-14T17:00:00.000Z,AUD/USD,BUY,2025-05-14T17:02:00.000Z,2888,10.000000000000009
2025-05-14T23:45:00.000Z,AUD/JPY,BUY,2025-05-14T23:47:00.000Z,2888,10.3999999999985
2025-05-15T01:30:00.000Z,EUR/JPY,BUY,2025-05-15T01:32:00.000Z,2888,-104.30000000000064
2025-05-15T04:00:00.000Z,USD/JPY,BUY,2025-05-15T04:02:00.000Z,2888,14.19999999999959
2025-05-15T06:00:00.000Z,AUD/JPY,BUY,2025-05-15T06:02:00.000Z,2888,-40.399999999999636
2025-05-15T06:00:00.000Z,AUD/USD,BUY,2025-05-15T06:02:00.000Z,2888,10.000000000000009
2025-05-15T07:15:00.000Z,USD/JPY,BUY,2025-05-15T07:17:00.000Z,2888,13.299999999998136
2025-05-15T07:15:00.000Z,EUR/USD,SELL,2025-05-15T07:17:00.000Z,2888,9.999999999998899
2025-05-15T07:30:00.000Z,AUD/JPY,BUY,2025-05-15T07:32:00.000Z,2888,-39.20000000000101
2025-05-15T08:15:00.000Z,AUD/JPY,BUY,2025-05-15T08:17:00.000Z,2888,-39.09999999999911
2025-05-15T09:15:00.000Z,AUD/JPY,BUY,2025-05-15T09:17:00.000Z,2888,-25.7000000000005
2025-05-15T10:45:00.000Z,AUD/JPY,BUY,2025-05-15T10:47:00.000Z,2888,-10.39999999999992
2025-05-15T10:45:00.000Z,AUD/USD,BUY,2025-05-15T10:47:00.000Z,2888,12.000000000000899
2025-05-15T15:45:00.000Z,AUD/JPY,BUY,2025-05-15T15:47:00.000Z,2888,9.999999999999432
2025-05-15T16:45:00.000Z,AUD/JPY,BUY,2025-05-15T16:47:00.000Z,2888,9.999999999999432
2025-05-15T18:15:00.000Z,EUR/JPY,BUY,2025-05-15T18:17:00.000Z,2888,10.699999999999932
2025-05-15T19:00:00.000Z,EUR/JPY,BUY,2025-05-15T19:02:00.000Z,2888,10.900000000000887
2025-05-16T01:30:00.000Z,USD/JPY,BUY,2025-05-16T01:32:00.000Z,2888,11.899999999999977
2025-05-16T01:30:00.000Z,EUR/JPY,BUY,2025-05-16T01:32:00.000Z,2888,9.999999999999432
2025-05-16T01:30:00.000Z,AUD/JPY,BUY,2025-05-16T01:32:00.000Z,2888,9.999999999999432
2025-05-16T06:15:00.000Z,AUD/USD,SELL,2025-05-16T06:17:00.000Z,2888,10.000000000000009
2025-05-16T15:00:00.000Z,USD/JPY,SELL,2025-05-16T15:02:00.000Z,2888,9.999999999999432
2025-05-16T15:00:00.000Z,AUD/USD,BUY,2025-05-16T15:02:00.000Z,2888,10.700000000000154
2025-05-16T16:00:00.000Z,AUD/USD,BUY,2025-05-16T16:02:00.000Z,2888,10.000000000000009
2025-05-16T16:30:00.000Z,USD/JPY,SELL,2025-05-16T16:32:00.000Z,2888,9.999999999999432
2025-05-16T17:00:00.000Z,EUR/USD,BUY,2025-05-16T17:02:00.000Z,2888,10.799999999997478
2025-05-16T18:00:00.000Z,EUR/USD,BUY,2025-05-16T18:02:00.000Z,2888,9.999999999998899
2025-05-18T22:45:00.000Z,EUR/JPY,BUY,2025-05-18T22:47:00.000Z,2889,9.999999999999432
2025-05-18T22:45:00.000Z,EUR/USD,SELL,2025-05-18T22:47:00.000Z,2889,9.999999999998899
2025-05-18T23:15:00.000Z,AUD/JPY,BUY,2025-05-18T23:17:00.000Z,2889,9.999999999999432
2025-05-18T23:45:00.000Z,USD/JPY,BUY,2025-05-18T23:47:00.000Z,2889,-46.79999999999893
2025-05-18T23:45:00.000Z,EUR/USD,SELL,2025-05-18T23:47:00.000Z,2889,9.999999999998899
2025-05-19T01:15:00.000Z,USD/JPY,BUY,2025-05-19T01:17:00.000Z,2889,9.999999999999432
2025-05-19T02:00:00.000Z,EUR/JPY,BUY,2025-05-19T02:02:00.000Z,2889,0
2025-05-19T08:00:00.000Z,USD/JPY,BUY,2025-05-19T08:02:00.000Z,2889,9.999999999999432
2025-05-19T10:15:00.000Z,AUD/JPY,SELL,2025-05-19T10:17:00.000Z,2889,9.999999999999432
2025-05-19T11:30:00.000Z,EUR/USD,SELL,2025-05-19T11:32:00.000Z,2889,9.999999999998899
2025-05-19T11:45:00.000Z,EUR/JPY,SELL,2025-05-19T11:47:00.000Z,2889,11.7999999999995
2025-05-19T12:15:00.000Z,EUR/JPY,SELL,2025-05-19T12:17:00.000Z,2889,9.999999999999432
2025-05-19T12:15:00.000Z,AUD/JPY,SELL,2025-05-19T12:17:00.000Z,2889,9.999999999999432
2025-05-19T12:15:00.000Z,AUD/USD,SELL,2025-05-19T12:17:00.000Z,2889,10.000000000000009
2025-05-19T14:00:00.000Z,AUD/JPY,SELL,2025-05-19T14:02:00.000Z,2889,14.19999999999959
2025-05-19T14:30:00.000Z,AUD/JPY,SELL,2025-05-19T14:32:00.000Z,2889,9.999999999999432
2025-05-19T16:00:00.000Z,AUD/JPY,SELL,2025-05-19T16:02:00.000Z,2889,9.999999999999432
2025-05-19T16:00:00.000Z,AUD/USD,SELL,2025-05-19T16:02:00.000Z,2889,10.000000000000009
2025-05-20T00:45:00.000Z,EUR/JPY,SELL,2025-05-20T00:47:00.000Z,2889,9.999999999999432
2025-05-20T00:45:00.000Z,EUR/USD,BUY,2025-05-20T00:47:00.000Z,2889,0
2025-05-20T01:00:00.000Z,USD/JPY,SELL,2025-05-20T01:02:00.000Z,2889,0
2025-05-20T01:00:00.000Z,AUD/JPY,SELL,2025-05-20T01:02:00.000Z,2889,0
2025-05-20T02:15:00.000Z,AUD/USD,BUY,2025-05-20T02:17:00.000Z,2889,-0.6000000000006
2025-05-20T05:15:00.000Z,AUD/JPY,BUY,2025-05-20T05:17:00.000Z,2889,-36.70000000000044
2025-05-20T05:15:00.000Z,AUD/USD,BUY,2025-05-20T05:17:00.000Z,2889,10.000000000000009
2025-05-20T06:15:00.000Z,EUR/JPY,BUY,2025-05-20T06:17:00.000Z,2889,12.100000000000932
2025-05-20T06:15:00.000Z,AUD/USD,BUY,2025-05-20T06:17:00.000Z,2889,10.000000000000009
2025-05-20T06:30:00.000Z,USD/JPY,BUY,2025-05-20T06:32:00.000Z,2889,13.599999999999568
2025-05-20T06:30:00.000Z,AUD/JPY,BUY,2025-05-20T06:32:00.000Z,2889,10.3999999999985
2025-05-20T07:15:00.000Z,AUD/JPY,BUY,2025-05-20T07:17:00.000Z,2889,13.399999999998613
2025-05-20T07:45:00.000Z,AUD/JPY,BUY,2025-05-20T07:47:00.000Z,2889,14.799999999999613
2025-05-20T08:15:00.000Z,USD/JPY,BUY,2025-05-20T08:17:00.000Z,2889,9.999999999999432
2025-05-20T08:15:00.000Z,EUR/USD,SELL,2025-05-20T08:17:00.000Z,2889,10.900000000000354
2025-05-20T13:30:00.000Z,AUD/USD,BUY,2025-05-20T13:32:00.000Z,2889,10.299999999999754
2025-05-20T14:00:00.000Z,AUD/USD,BUY,2025-05-20T14:02:00.000Z,2889,10.899999999999244
2025-05-20T17:45:00.000Z,EUR/JPY,SELL,2025-05-20T17:47:00.000Z,2889,11.199999999999477
2025-05-21T01:00:00.000Z,EUR/USD,SELL,2025-05-21T01:02:00.000Z,2889,-18.399999999998418
2025-05-21T01:30:00.000Z,AUD/USD,SELL,2025-05-21T01:32:00.000Z,2889,-9.000000000000119
2025-05-21T02:30:00.000Z,AUD/USD,SELL,2025-05-21T02:32:00.000Z,2889,10.199999999999099
2025-05-21T03:15:00.000Z,USD/JPY,BUY,2025-05-21T03:17:00.000Z,2889,14.500000000001023
2025-05-21T04:15:00.000Z,USD/JPY,BUY,2025-05-21T04:17:00.000Z,2889,12.100000000000932
2025-05-21T04:15:00.000Z,AUD/USD,SELL,2025-05-21T04:17:00.000Z,2889,10.000000000000009
2025-05-21T05:00:00.000Z,EUR/USD,SELL,2025-05-21T05:02:00.000Z,2889,9.999999999998899
2025-05-21T05:45:00.000Z,EUR/USD,SELL,2025-05-21T05:47:00.000Z,2889,10.499999999997733
2025-05-21T05:45:00.000Z,AUD/USD,SELL,2025-05-21T05:47:00.000Z,2889,10.000000000000009
2025-05-21T06:15:00.000Z,USD/JPY,BUY,2025-05-21T06:17:00.000Z,2889,16.200000000000614
2025-05-21T06:45:00.000Z,EUR/USD,SELL,2025-05-21T06:47:00.000Z,2889,9.999999999998899
2025-05-21T07:00:00.000Z,USD/JPY,BUY,2025-05-21T07:02:00.000Z,2889,9.999999999999432
2025-05-21T10:45:00.000Z,EUR/USD,SELL,2025-05-21T10:47:00.000Z,2889,9.999999999998899
2025-05-21T17:45:00.000Z,USD/JPY,BUY,2025-05-21T17:47:00.000Z,2889,9.999999999999432
2025-05-21T22:45:00.000Z,USD/JPY,SELL,2025-05-21T22:47:00.000Z,2889,9.999999999999432
2025-05-21T22:45:00.000Z,EUR/JPY,SELL,2025-05-21T22:47:00.000Z,2889,9.999999999999432
2025-05-22T08:00:00.000Z,EUR/JPY,BUY,2025-05-22T08:02:00.000Z,2889,19.199999999997885
2025-05-22T08:30:00.000Z,USD/JPY,BUY,2025-05-22T08:32:00.000Z,2889,0
2025-05-22T08:30:00.000Z,EUR/JPY,BUY,2025-05-22T08:32:00.000Z,2889,9.999999999999432
2025-05-22T18:00:00.000Z,USD/JPY,SELL,2025-05-22T18:02:00.000Z,2889,11.199999999999477
2025-05-23T02:30:00.000Z,USD/JPY,BUY,2025-05-23T02:32:00.000Z,2889,-108.79999999999939
2025-05-23T02:45:00.000Z,AUD/USD,SELL,2025-05-23T02:47:00.000Z,2889,-66.70000000000064
2025-05-23T03:45:00.000Z,EUR/USD,SELL,2025-05-23T03:47:00.000Z,2889,9.999999999998899
2025-05-23T04:00:00.000Z,AUD/USD,SELL,2025-05-23T04:02:00.000Z,2889,-63.30000000000057
2025-05-23T05:00:00.000Z,USD/JPY,BUY,2025-05-23T05:02:00.000Z,2889,9.999999999999432
2025-05-23T05:00:00.000Z,EUR/USD,SELL,2025-05-23T05:02:00.000Z,2889,10.699999999999044
2025-05-23T05:00:00.000Z,AUD/USD,SELL,2025-05-23T05:02:00.000Z,2889,-63.40000000000012
2025-05-23T05:45:00.000Z,EUR/USD,SELL,2025-05-23T05:47:00.000Z,2889,13.299999999998313
2025-05-23T08:30:00.000Z,EUR/USD,SELL,2025-05-23T08:32:00.000Z,2889,9.999999999998899
2025-05-23T08:30:00.000Z,AUD/USD,SELL,2025-05-23T08:32:00.000Z,2889,10.000000000000009
2025-05-23T10:15:00.000Z,AUD/JPY,SELL,2025-05-23T10:17:00.000Z,2889,11.399999999999011
2025-05-23T10:30:00.000Z,EUR/USD,SELL,2025-05-23T10:32:00.000Z,2889,9.999999999998899
2025-05-23T10:45:00.000Z,AUD/JPY,SELL,2025-05-23T10:47:00.000Z,2889,10.500000000000398
2025-05-23T11:15:00.000Z,AUD/USD,SELL,2025-05-23T11:17:00.000Z,2889,10.399999999999299
2025-05-23T11:45:00.000Z,AUD/USD,SELL,2025-05-23T11:47:00.000Z,2889,10.000000000000009
2025-05-23T12:30:00.000Z,AUD/JPY,BUY,2025-05-23T12:32:00.000Z,2889,9.999999999999432
2025-05-23T12:45:00.000Z,EUR/JPY,BUY,2025-05-23T12:47:00.000Z,2889,15.299999999999159
2025-05-23T13:15:00.000Z,USD/JPY,BUY,2025-05-23T13:17:00.000Z,2889,13.79999999999768
2025-05-23T18:45:00.000Z,AUD/USD,SELL,2025-05-23T18:47:00.000Z,2889,-3.7000000000009248
2025-05-23T19:30:00.000Z,AUD/USD,SELL,2025-05-23T19:32:00.000Z,2889,-1.100000000000545
2025-05-25T22:30:00.000Z,AUD/USD,SELL,2025-05-25T22:32:00.000Z,2890,10.000000000000009
2025-05-25T22:45:00.000Z,EUR/JPY,SELL,2025-05-25T22:47:00.000Z,2890,-12.199999999998568
2025-05-25T22:45:00.000Z,AUD/JPY,SELL,2025-05-25T22:47:00.000Z,2890,9.999999999999432
2025-05-26T00:00:00.000Z,AUD/JPY,SELL,2025-05-26T00:02:00.000Z,2890,9.999999999999432
2025-05-26T00:00:00.000Z,AUD/USD,SELL,2025-05-26T00:02:00.000Z,2890,10.000000000000009
2025-05-26T00:45:00.000Z,EUR/USD,SELL,2025-05-26T00:47:00.000Z,2890,9.999999999998899
2025-05-26T01:15:00.000Z,EUR/USD,SELL,2025-05-26T01:17:00.000Z,2890,16.199999999999548
2025-05-26T03:00:00.000Z,AUD/USD,SELL,2025-05-26T03:02:00.000Z,2890,10.000000000000009
2025-05-26T03:15:00.000Z,EUR/USD,SELL,2025-05-26T03:17:00.000Z,2890,9.999999999998899
2025-05-26T04:45:00.000Z,EUR/JPY,SELL,2025-05-26T04:47:00.000Z,2890,9.999999999999432
2025-05-26T06:00:00.000Z,EUR/JPY,SELL,2025-05-26T06:02:00.000Z,2890,11.600000000001387
2025-05-26T06:45:00.000Z,EUR/JPY,SELL,2025-05-26T06:47:00.000Z,2890,12.899999999999068
2025-05-26T07:00:00.000Z,AUD/JPY,SELL,2025-05-26T07:02:00.000Z,2890,0
2025-05-26T20:00:00.000Z,AUD/JPY,BUY,2025-05-26T20:02:00.000Z,2890,13.700000000000045
2025-05-26T20:15:00.000Z,AUD/USD,BUY,2025-05-26T20:17:00.000Z,2890,10.000000000000009
2025-05-26T21:30:00.000Z,USD/JPY,SELL,2025-05-26T21:32:00.000Z,2890,-161.19999999999948
2025-05-26T21:30:00.000Z,EUR/JPY,SELL,2025-05-26T21:32:00.000Z,2890,-99.20000000000186
2025-05-26T23:00:00.000Z,AUD/JPY,BUY,2025-05-26T23:02:00.000Z,2890,9.999999999999432
2025-05-27T00:15:00.000Z,AUD/USD,BUY,2025-05-27T00:17:00.000Z,2890,-37.39999999999965
2025-05-27T00:45:00.000Z,EUR/USD,SELL,2025-05-27T00:47:00.000Z,2890,10.300000000000864
2025-05-27T01:00:00.000Z,AUD/JPY,BUY,2025-05-27T01:02:00.000Z,2890,13.800000000000523
2025-05-27T01:30:00.000Z,EUR/USD,SELL,2025-05-27T01:32:00.000Z,2890,9.999999999998899
2025-05-27T01:45:00.000Z,USD/JPY,BUY,2025-05-27T01:47:00.000Z,2890,9.999999999999432
2025-05-27T01:45:00.000Z,AUD/JPY,BUY,2025-05-27T01:47:00.000Z,2890,10.799999999998988
2025-05-27T02:30:00.000Z,EUR/JPY,BUY,2025-05-27T02:32:00.000Z,2890,9.999999999999432
2025-05-27T03:00:00.000Z,AUD/JPY,BUY,2025-05-27T03:02:00.000Z,2890,9.999999999999432
2025-05-27T05:45:00.000Z,AUD/USD,BUY,2025-05-27T05:47:00.000Z,2890,10.000000000000009
2025-05-27T06:15:00.000Z,USD/JPY,SELL,2025-05-27T06:17:00.000Z,2890,-124.10000000000139
2025-05-27T07:15:00.000Z,AUD/JPY,SELL,2025-05-27T07:17:00.000Z,2890,-9.700000000000841
2025-05-27T07:30:00.000Z,EUR/JPY,SELL,2025-05-27T07:32:00.000Z,2890,-25.40000000000191
2025-05-27T08:00:00.000Z,EUR/JPY,SELL,2025-05-27T08:02:00.000Z,2890,-18.299999999999272
2025-05-27T08:15:00.000Z,EUR/USD,BUY,2025-05-27T08:17:00.000Z,2890,9.999999999998899
2025-05-27T08:15:00.000Z,AUD/USD,BUY,2025-05-27T08:17:00.000Z,2890,-6.899999999999684
2025-05-27T09:30:00.000Z,EUR/JPY,SELL,2025-05-27T09:32:00.000Z,2890,12.700000000000955
2025-05-27T10:00:00.000Z,EUR/JPY,SELL,2025-05-27T10:02:00.000Z,2890,10.499999999998977
2025-05-27T11:15:00.000Z,EUR/JPY,SELL,2025-05-27T11:17:00.000Z,2890,10.499999999998977
2025-05-27T12:00:00.000Z,EUR/JPY,SELL,2025-05-27T12:02:00.000Z,2890,15.800000000001546
2025-05-27T12:30:00.000Z,USD/JPY,SELL,2025-05-27T12:32:00.000Z,2890,10.699999999999932
2025-05-27T13:15:00.000Z,EUR/JPY,SELL,2025-05-27T13:17:00.000Z,2890,13.2000000000005
2025-05-27T14:45:00.000Z,EUR/JPY,SELL,2025-05-27T14:47:00.000Z,2890,9.999999999999432
2025-05-27T15:15:00.000Z,USD/JPY,SELL,2025-05-27T15:17:00.000Z,2890,9.999999999999432
2025-05-27T16:30:00.000Z,EUR/USD,BUY,2025-05-27T16:32:00.000Z,2890,9.999999999998899
2025-05-28T01:00:00.000Z,USD/JPY,BUY,2025-05-28T01:02:00.000Z,2890,12.000000000000455
2025-05-28T01:00:00.000Z,EUR/JPY,BUY,2025-05-28T01:02:00.000Z,2890,11.899999999999977
2025-05-28T02:15:00.000Z,AUD/USD,BUY,2025-05-28T02:17:00.000Z,2890,10.000000000000009
2025-05-28T03:15:00.000Z,EUR/USD,BUY,2025-05-28T03:17:00.000Z,2890,10.699999999999044
2025-05-28T03:45:00.000Z,EUR/USD,BUY,2025-05-28T03:47:00.000Z,2890,9.999999999998899
2025-05-28T14:15:00.000Z,USD/JPY,SELL,2025-05-28T14:17:00.000Z,2890,9.999999999999432
2025-05-28T14:15:00.000Z,EUR/JPY,SELL,2025-05-28T14:17:00.000Z,2890,9.999999999999432
2025-05-28T14:15:00.000Z,AUD/USD,BUY,2025-05-28T14:17:00.000Z,2890,10.800000000000809
2025-05-28T16:15:00.000Z,USD/JPY,SELL,2025-05-28T16:17:00.000Z,2890,9.999999999999432
2025-05-28T23:30:00.000Z,EUR/JPY,SELL,2025-05-28T23:32:00.000Z,2890,9.999999999999432
2025-05-29T00:15:00.000Z,EUR/USD,BUY,2025-05-29T00:17:00.000Z,2890,13.099999999999223
2025-05-29T01:15:00.000Z,EUR/JPY,SELL,2025-05-29T01:17:00.000Z,2890,12.299999999999045
2025-05-29T01:30:00.000Z,USD/JPY,SELL,2025-05-29T01:32:00.000Z,2890,10.099999999999909
2025-05-29T01:30:00.000Z,AUD/JPY,SELL,2025-05-29T01:32:00.000Z,2890,9.999999999999432
2025-05-29T06:30:00.000Z,EUR/JPY,SELL,2025-05-29T06:32:00.000Z,2890,11.50000000000091
2025-05-29T14:30:00.000Z,USD/JPY,BUY,2025-05-29T14:32:00.000Z,2890,-52.70000000000152
2025-05-29T14:30:00.000Z,EUR/USD,SELL,2025-05-29T14:32:00.000Z,2890,11.699999999998933
2025-05-29T15:00:00.000Z,AUD/JPY,BUY,2025-05-29T15:02:00.000Z,2890,-18.600000000000705
2025-05-29T16:15:00.000Z,AUD/JPY,BUY,2025-05-29T16:17:00.000Z,2890,-17.100000000000648
2025-05-29T17:15:00.000Z,USD/JPY,BUY,2025-05-29T17:17:00.000Z,2890,9.999999999999432
2025-05-29T17:15:00.000Z,EUR/USD,SELL,2025-05-29T17:17:00.000Z,2890,10.299999999998644
2025-05-29T18:00:00.000Z,USD/JPY,BUY,2025-05-29T18:02:00.000Z,2890,15.999999999999659
2025-05-29T18:00:00.000Z,EUR/USD,SELL,2025-05-29T18:02:00.000Z,2890,15.899999999997583
2025-05-29T18:30:00.000Z,USD/JPY,BUY,2025-05-29T18:32:00.000Z,2890,11.400000000000432
2025-05-30T00:15:00.000Z,USD/JPY,BUY,2025-05-30T00:17:00.000Z,2890,17.40000000000066
2025-05-30T00:15:00.000Z,AUD/JPY,BUY,2025-05-30T00:17:00.000Z,2890,13.299999999999557
2025-05-30T00:45:00.000Z,USD/JPY,BUY,2025-05-30T00:47:00.000Z,2890,14.000000000001478
2025-05-30T01:30:00.000Z,AUD/JPY,BUY,2025-05-30T01:32:00.000Z,2890,16.100000000000136
2025-05-30T05:15:00.000Z,EUR/JPY,BUY,2025-05-30T05:17:00.000Z,2890,9.999999999999432
2025-05-30T07:30:00.000Z,AUD/USD,BUY,2025-05-30T07:32:00.000Z,2890,10.000000000000009
2025-05-30T15:15:00.000Z,EUR/JPY,SELL,2025-05-30T15:17:00.000Z,2890,9.999999999999432
2025-05-30T15:15:00.000Z,AUD/JPY,SELL,2025-05-30T15:17:00.000Z,2890,9.999999999999432
2025-06-02T01:45:00.000Z,AUD/USD,SELL,2025-06-02T01:47:00.000Z,2891,10.000000000000009
2025-06-02T02:00:00.000Z,USD/JPY,BUY,2025-06-02T02:02:00.000Z,2891,12.600000000000477
2025-06-02T07:00:00.000Z,USD/JPY,BUY,2025-06-02T07:02:00.000Z,2891,-34.10000000000082
2025-06-02T08:00:00.000Z,AUD/USD,SELL,2025-06-02T08:02:00.000Z,2891,10.599999999999499
2025-06-02T10:00:00.000Z,USD/JPY,BUY,2025-06-02T10:02:00.000Z,2891,10.799999999997567
2025-06-02T10:00:00.000Z,EUR/USD,SELL,2025-06-02T10:02:00.000Z,2891,9.999999999998899
2025-06-02T11:45:00.000Z,USD/JPY,BUY,2025-06-02T11:47:00.000Z,2891,9.999999999999432
2025-06-02T12:00:00.000Z,EUR/JPY,BUY,2025-06-02T12:02:00.000Z,2891,9.999999999999432
2025-06-02T22:45:00.000Z,USD/JPY,BUY,2025-06-02T22:47:00.000Z,2891,9.999999999999432
2025-06-03T00:15:00.000Z,USD/JPY,BUY,2025-06-03T00:17:00.000Z,2891,9.999999999999432
2025-06-03T02:00:00.000Z,EUR/JPY,SELL,2025-06-03T02:02:00.000Z,2891,13.999999999998636
2025-06-03T02:15:00.000Z,USD/JPY,SELL,2025-06-03T02:17:00.000Z,2891,13.400000000001455
2025-06-03T03:00:00.000Z,USD/JPY,SELL,2025-06-03T03:02:00.000Z,2891,10.999999999998522
2025-06-03T03:15:00.000Z,AUD/USD,BUY,2025-06-03T03:17:00.000Z,2891,10.000000000000009
2025-06-03T04:30:00.000Z,AUD/USD,BUY,2025-06-03T04:32:00.000Z,2891,11.399999999999189
2025-06-03T05:45:00.000Z,AUD/JPY,BUY,2025-06-03T05:47:00.000Z,2891,10.099999999999909
2025-06-03T05:45:00.000Z,AUD/USD,BUY,2025-06-03T05:47:00.000Z,2891,10.899999999999244
2025-06-03T11:45:00.000Z,EUR/USD,BUY,2025-06-03T11:47:00.000Z,2891,9.999999999998899
2025-06-03T12:30:00.000Z,EUR/USD,BUY,2025-06-03T12:32:00.000Z,2891,14.199999999999768
2025-06-03T13:00:00.000Z,EUR/USD,BUY,2025-06-03T13:02:00.000Z,2891,9.999999999998899
2025-06-03T13:15:00.000Z,USD/JPY,SELL,2025-06-03T13:17:00.000Z,2891,-30.800000000002115
2025-06-03T14:00:00.000Z,AUD/JPY,SELL,2025-06-03T14:02:00.000Z,2891,-48.0000000000004
2025-06-03T14:45:00.000Z,USD/JPY,SELL,2025-06-03T14:47:00.000Z,2891,13.199999999997658
2025-06-03T16:00:00.000Z,EUR/JPY,SELL,2025-06-03T16:02:00.000Z,2891,12.600000000000477
2025-06-03T17:00:00.000Z,EUR/JPY,SELL,2025-06-03T17:02:00.000Z,2891,9.999999999999432
2025-06-03T17:15:00.000Z,USD/JPY,SELL,2025-06-03T17:17:00.000Z,2891,13.700000000000045
2025-06-03T18:00:00.000Z,AUD/JPY,SELL,2025-06-03T18:02:00.000Z,2891,9.999999999999432
2025-06-03T19:45:00.000Z,AUD/JPY,SELL,2025-06-03T19:47:00.000Z,2891,9.999999999999432
2025-06-03T20:15:00.000Z,USD/JPY,SELL,2025-06-03T20:17:00.000Z,2891,9.999999999999432
2025-06-03T20:15:00.000Z,AUD/JPY,SELL,2025-06-03T20:17:00.000Z,2891,9.999999999999432
2025-06-04T05:15:00.000Z,USD/JPY,SELL,2025-06-04T05:17:00.000Z,2891,10.699999999999932
2025-06-04T10:30:00.000Z,AUD/JPY,SELL,2025-06-04T10:32:00.000Z,2891,9.999999999999432
2025-06-04T12:30:00.000Z,AUD/JPY,SELL,2025-06-04T12:32:00.000Z,2891,9.999999999999432
2025-06-04T13:15:00.000Z,AUD/USD,SELL,2025-06-04T13:17:00.000Z,2891,-37.09999999999991
2025-06-04T14:00:00.000Z,AUD/USD,SELL,2025-06-04T14:02:00.000Z,2891,-31.200000000000117
2025-06-04T14:30:00.000Z,EUR/USD,SELL,2025-06-04T14:32:00.000Z,2891,11.699999999998933
2025-06-04T15:15:00.000Z,USD/JPY,BUY,2025-06-04T15:17:00.000Z,2891,12.599999999997635
2025-06-04T15:15:00.000Z,EUR/USD,SELL,2025-06-04T15:17:00.000Z,2891,10.099999999999554
2025-06-04T15:15:00.000Z,AUD/USD,SELL,2025-06-04T15:17:00.000Z,2891,-25.999999999999357
2025-06-04T16:00:00.000Z,EUR/JPY,BUY,2025-06-04T16:02:00.000Z,2891,14.099999999999113
2025-06-04T17:45:00.000Z,EUR/JPY,BUY,2025-06-04T17:47:00.000Z,2891,10.599999999999454
2025-06-04T18:00:00.000Z,USD/JPY,BUY,2025-06-04T18:02:00.000Z,2891,9.999999999999432
2025-06-04T18:30:00.000Z,USD/JPY,BUY,2025-06-04T18:32:00.000Z,2891,9.999999999999432
2025-06-04T21:30:00.000Z,AUD/JPY,BUY,2025-06-04T21:32:00.000Z,2891,9.999999999999432
2025-06-04T21:45:00.000Z,EUR/JPY,BUY,2025-06-04T21:47:00.000Z,2891,9.999999999999432
2025-06-05T07:30:00.000Z,AUD/JPY,SELL,2025-06-05T07:32:00.000Z,2891,-39.30000000000007
2025-06-05T08:30:00.000Z,AUD/JPY,SELL,2025-06-05T08:32:00.000Z,2891,12.999999999999545
2025-06-05T08:45:00.000Z,EUR/JPY,SELL,2025-06-05T08:47:00.000Z,2891,9.999999999999432
2025-06-05T10:00:00.000Z,AUD/JPY,SELL,2025-06-05T10:02:00.000Z,2891,9.999999999999432
2025-06-05T13:45:00.000Z,EUR/JPY,SELL,2025-06-05T13:47:00.000Z,2891,-82.30000000000075
2025-06-05T13:45:00.000Z,AUD/JPY,SELL,2025-06-05T13:47:00.000Z,2891,9.999999999999432
2025-06-05T14:00:00.000Z,AUD/USD,SELL,2025-06-05T14:02:00.000Z,2891,10.000000000000009
2025-06-05T14:15:00.000Z,EUR/USD,SELL,2025-06-05T14:17:00.000Z,2891,9.999999999998899
2025-06-05T16:30:00.000Z,USD/JPY,SELL,2025-06-05T16:32:00.000Z,2891,10.499999999998977
2025-06-05T16:30:00.000Z,AUD/JPY,SELL,2025-06-05T16:32:00.000Z,2891,9.999999999999432
2025-06-05T16:45:00.000Z,EUR/JPY,SELL,2025-06-05T16:47:00.000Z,2891,10.299999999998022
2025-06-06T01:15:00.000Z,EUR/JPY,SELL,2025-06-06T01:17:00.000Z,2891,10.799999999997567
2025-06-06T07:00:00.000Z,EUR/JPY,SELL,2025-06-06T07:02:00.000Z,2891,11.199999999999477
2025-06-06T09:30:00.000Z,EUR/USD,BUY,2025-06-06T09:32:00.000Z,2891,9.999999999998899
2025-06-06T13:45:00.000Z,EUR/USD,BUY,2025-06-06T13:47:00.000Z,2891,12.799999999999478
2025-06-06T14:30:00.000Z,USD/JPY,SELL,2025-06-06T14:32:00.000Z,2891,-20.09999999999934
2025-06-06T15:00:00.000Z,EUR/JPY,SELL,2025-06-06T15:02:00.000Z,2891,-6.900000000001683
2025-06-06T15:00:00.000Z,AUD/JPY,SELL,2025-06-06T15:02:00.000Z,2891,-8.400000000000318
2025-06-06T15:30:00.000Z,USD/JPY,SELL,2025-06-06T15:32:00.000Z,2891,9.999999999999432
2025-06-06T15:30:00.000Z,EUR/JPY,SELL,2025-06-06T15:32:00.000Z,2891,-4.000000000002046
2025-06-06T15:30:00.000Z,AUD/JPY,SELL,2025-06-06T15:32:00.000Z,2891,-5.5999999999997385
2025-06-09T02:45:00.000Z,AUD/USD,SELL,2025-06-09T02:47:00.000Z,2892,-6.800000000000139
2025-06-09T05:45:00.000Z,AUD/USD,SELL,2025-06-09T05:47:00.000Z,2892,-0.10000000000065512
2025-06-09T09:00:00.000Z,USD/JPY,BUY,2025-06-09T09:02:00.000Z,2892,12.999999999999545
2025-06-09T09:00:00.000Z,AUD/USD,SELL,2025-06-09T09:02:00.000Z,2892,11.299999999999644
2025-06-09T09:30:00.000Z,USD/JPY,BUY,2025-06-09T09:32:00.000Z,2892,9.999999999999432
2025-06-09T09:30:00.000Z,AUD/USD,SELL,2025-06-09T09:32:00.000Z,2892,10.000000000000009
2025-06-09T14:00:00.000Z,USD/JPY,SELL,2025-06-09T14:02:00.000Z,2892,9.999999999999432
2025-06-09T15:15:00.000Z,AUD/JPY,SELL,2025-06-09T15:17:00.000Z,2892,9.999999999999432
2025-06-09T19:15:00.000Z,AUD/JPY,SELL,2025-06-09T19:17:00.000Z,2892,9.999999999999432
2025-06-09T19:45:00.000Z,EUR/JPY,SELL,2025-06-09T19:47:00.000Z,2892,9.999999999999432
2025-06-10T02:45:00.000Z,USD/JPY,SELL,2025-06-10T02:47:00.000Z,2892,9.999999999999432
2025-06-10T02:45:00.000Z,EUR/JPY,SELL,2025-06-10T02:47:00.000Z,2892,9.999999999999432
2025-06-10T03:00:00.000Z,EUR/USD,BUY,2025-06-10T03:02:00.000Z,2892,12.099999999999334
2025-06-10T03:15:00.000Z,AUD/JPY,SELL,2025-06-10T03:17:00.000Z,2892,10.3999999999985
2025-06-10T04:30:00.000Z,AUD/JPY,SELL,2025-06-10T04:32:00.000Z,2892,10.899999999999466
2025-06-10T06:30:00.000Z,AUD/JPY,BUY,2025-06-10T06:32:00.000Z,2892,12.899999999999068
2025-06-10T07:30:00.000Z,EUR/JPY,BUY,2025-06-10T07:32:00.000Z,2892,9.999999999999432
2025-06-10T07:30:00.000Z,EUR/USD,BUY,2025-06-10T07:32:00.000Z,2892,9.999999999998899
2025-06-10T13:30:00.000Z,EUR/JPY,SELL,2025-06-10T13:32:00.000Z,2892,-78.60000000000014
2025-06-10T14:15:00.000Z,EUR/USD,SELL,2025-06-10T14:17:00.000Z,2892,9.999999999998899
2025-06-10T15:00:00.000Z,AUD/JPY,SELL,2025-06-10T15:02:00.000Z,2892,9.999999999999432
2025-06-10T17:30:00.000Z,EUR/JPY,SELL,2025-06-10T17:32:00.000Z,2892,9.999999999999432
2025-06-10T18:00:00.000Z,EUR/JPY,SELL,2025-06-10T18:02:00.000Z,2892,9.999999999999432
2025-06-10T23:45:00.000Z,EUR/JPY,SELL,2025-06-10T23:47:00.000Z,2892,9.999999999999432
2025-06-10T23:45:00.000Z,AUD/JPY,SELL,2025-06-10T23:47:00.000Z,2892,9.999999999999432
2025-06-11T02:15:00.000Z,AUD/USD,BUY,2025-06-11T02:17:00.000Z,2892,10.000000000000009
2025-06-11T03:30:00.000Z,AUD/USD,BUY,2025-06-11T03:32:00.000Z,2892,10.000000000000009
2025-06-11T09:00:00.000Z,EUR/JPY,SELL,2025-06-11T09:02:00.000Z,2892,11.199999999999477
2025-06-11T11:30:00.000Z,EUR/JPY,SELL,2025-06-11T11:32:00.000Z,2892,9.999999999999432
2025-06-11T12:30:00.000Z,EUR/JPY,SELL,2025-06-11T12:32:00.000Z,2892,9.999999999999432
2025-06-11T13:00:00.000Z,USD/JPY,BUY,2025-06-11T13:02:00.000Z,2892,13.800000000000523
2025-06-11T13:00:00.000Z,EUR/USD,SELL,2025-06-11T13:02:00.000Z,2892,-153.30000000000064
2025-06-11T13:00:00.000Z,AUD/USD,SELL,2025-06-11T13:02:00.000Z,2892,10.000000000000009
2025-06-11T15:15:00.000Z,EUR/USD,SELL,2025-06-11T15:17:00.000Z,2892,-89.39999999999948
2025-06-11T16:15:00.000Z,EUR/USD,SELL,2025-06-11T16:17:00.000Z,2892,-91.40000000000147
2025-06-11T18:15:00.000Z,EUR/USD,SELL,2025-06-11T18:17:00.000Z,2892,-80.00000000000007
2025-06-11T18:45:00.000Z,AUD/JPY,BUY,2025-06-11T18:47:00.000Z,2892,-35.99999999999994
2025-06-11T20:00:00.000Z,AUD/JPY,BUY,2025-06-11T20:02:00.000Z,2892,-28.50000000000108
2025-06-11T23:30:00.000Z,EUR/USD,SELL,2025-06-11T23:32:00.000Z,2892,-92.9000000000002
2025-06-12T00:15:00.000Z,EUR/USD,SELL,2025-06-12T00:17:00.000Z,2892,-73.70000000000098
2025-06-12T01:45:00.000Z,EUR/USD,SELL,2025-06-12T01:47:00.000Z,2892,13.199999999997658
2025-06-12T02:00:00.000Z,USD/JPY,BUY,2025-06-12T02:02:00.000Z,2892,9.999999999999432
2025-06-12T02:00:00.000Z,AUD/JPY,BUY,2025-06-12T02:02:00.000Z,2892,9.999999999999432
2025-06-12T02:00:00.000Z,AUD/USD,BUY,2025-06-12T02:02:00.000Z,2892,10.000000000000009
2025-06-12T02:45:00.000Z,AUD/JPY,BUY,2025-06-12T02:47:00.000Z,2892,9.999999999999432
2025-06-12T10:45:00.000Z,EUR/JPY,SELL,2025-06-12T10:47:00.000Z,2892,10.199999999997544
2025-06-12T11:45:00.000Z,EUR/USD,SELL,2025-06-12T11:47:00.000Z,2892,11.499999999999844
2025-06-12T12:30:00.000Z,EUR/JPY,SELL,2025-06-12T12:32:00.000Z,2892,19.999999999998863
2025-06-12T13:00:00.000Z,EUR/USD,SELL,2025-06-12T13:02:00.000Z,2892,13.600000000000279
2025-06-12T13:00:00.000Z,AUD/USD,SELL,2025-06-12T13:02:00.000Z,2892,10.000000000000009
2025-06-12T15:30:00.000Z,AUD/JPY,SELL,2025-06-12T15:32:00.000Z,2892,9.999999999999432
2025-06-13T00:15:00.000Z,EUR/USD,SELL,2025-06-13T00:17:00.000Z,2892,21.599999999999397
2025-06-13T01:00:00.000Z,USD/JPY,BUY,2025-06-13T01:02:00.000Z,2892,15.099999999998204
2025-06-13T02:00:00.000Z,EUR/JPY,BUY,2025-06-13T02:02:00.000Z,2892,11.199999999999477
2025-06-13T02:00:00.000Z,AUD/JPY,BUY,2025-06-13T02:02:00.000Z,2892,10.099999999999909
2025-06-13T02:00:00.000Z,AUD/USD,BUY,2025-06-13T02:02:00.000Z,2892,10.000000000000009
2025-06-13T10:15:00.000Z,USD/JPY,SELL,2025-06-13T10:17:00.000Z,2892,9.999999999999432
2025-06-13T11:30:00.000Z,EUR/USD,BUY,2025-06-13T11:32:00.000Z,2892,10.799999999997478
2025-06-13T11:45:00.000Z,USD/JPY,SELL,2025-06-13T11:47:00.000Z,2892,9.999999999999432
2025-06-13T16:00:00.000Z,EUR/JPY,SELL,2025-06-13T16:02:00.000Z,2892,9.999999999999432
2025-06-13T16:00:00.000Z,AUD/JPY,SELL,2025-06-13T16:02:00.000Z,2892,9.999999999999432
2025-06-13T17:00:00.000Z,AUD/JPY,SELL,2025-06-13T17:02:00.000Z,2892,0
2025-06-13T17:00:00.000Z,AUD/USD,SELL,2025-06-13T17:02:00.000Z,2892,10.000000000000009
2025-06-15T23:00:00.000Z,USD/JPY,SELL,2025-06-15T23:02:00.000Z,2893,9.999999999999432
2025-06-15T23:30:00.000Z,USD/JPY,SELL,2025-06-15T23:32:00.000Z,2893,9.999999999999432
2025-06-16T06:15:00.000Z,EUR/USD,SELL,2025-06-16T06:17:00.000Z,2893,9.999999999998899
2025-06-16T07:15:00.000Z,EUR/USD,SELL,2025-06-16T07:17:00.000Z,2893,12.499999999999734
2025-06-16T07:45:00.000Z,EUR/JPY,SELL,2025-06-16T07:47:00.000Z,2893,14.099999999999113
2025-06-16T07:45:00.000Z,AUD/JPY,SELL,2025-06-16T07:47:00.000Z,2893,-58.99999999999892
2025-06-16T07:45:00.000Z,AUD/USD,SELL,2025-06-16T07:47:00.000Z,2893,-24.30000000000043
2025-06-16T08:00:00.000Z,EUR/USD,SELL,2025-06-16T08:02:00.000Z,2893,9.999999999998899
2025-06-16T11:00:00.000Z,AUD/USD,SELL,2025-06-16T11:02:00.000Z,2893,10.000000000000009
2025-06-16T12:30:00.000Z,AUD/JPY,SELL,2025-06-16T12:32:00.000Z,2893,9.999999999999432
2025-06-16T12:30:00.000Z,AUD/USD,SELL,2025-06-16T12:32:00.000Z,2893,10.000000000000009
2025-06-16T14:45:00.000Z,USD/JPY,BUY,2025-06-16T14:47:00.000Z,2893,9.999999999999432
2025-06-16T14:45:00.000Z,EUR/USD,SELL,2025-06-16T14:47:00.000Z,2893,9.999999999998899
2025-06-16T14:45:00.000Z,AUD/USD,SELL,2025-06-16T14:47:00.000Z,2893,10.000000000000009
2025-06-16T16:45:00.000Z,AUD/JPY,SELL,2025-06-16T16:47:00.000Z,2893,14.699999999999136
2025-06-16T18:00:00.000Z,AUD/JPY,SELL,2025-06-16T18:02:00.000Z,2893,9.999999999999432
2025-06-16T19:30:00.000Z,EUR/JPY,SELL,2025-06-16T19:32:00.000Z,2893,9.999999999999432
2025-06-16T19:30:00.000Z,AUD/JPY,SELL,2025-06-16T19:32:00.000Z,2893,9.999999999999432
2025-06-16T20:15:00.000Z,EUR/USD,BUY,2025-06-16T20:17:00.000Z,2893,9.999999999998899
2025-06-16T21:15:00.000Z,USD/JPY,SELL,2025-06-16T21:17:00.000Z,2893,9.999999999999432
2025-06-16T21:45:00.000Z,USD/JPY,SELL,2025-06-16T21:47:00.000Z,2893,9.999999999999432
2025-06-17T01:00:00.000Z,EUR/USD,BUY,2025-06-17T01:02:00.000Z,2893,9.999999999998899
2025-06-17T01:15:00.000Z,USD/JPY,SELL,2025-06-17T01:17:00.000Z,2893,9.999999999999432
2025-06-17T15:00:00.000Z,EUR/USD,BUY,2025-06-17T15:02:00.000Z,2893,9.999999999998899
2025-06-17T15:00:00.000Z,AUD/USD,BUY,2025-06-17T15:02:00.000Z,2893,10.000000000000009
2025-06-17T19:00:00.000Z,AUD/JPY,BUY,2025-06-17T19:02:00.000Z,2893,11.699999999999022
2025-06-17T19:30:00.000Z,EUR/USD,BUY,2025-06-17T19:32:00.000Z,2893,12.099999999999334
2025-06-17T20:30:00.000Z,EUR/USD,BUY,2025-06-17T20:32:00.000Z,2893,9.999999999998899
2025-06-17T21:00:00.000Z,AUD/USD,BUY,2025-06-17T21:10:00.000Z,2893,10.000000000000009
2025-06-18T05:00:00.000Z,USD/JPY,BUY,2025-06-18T05:02:00.000Z,2893,9.999999999999432
2025-06-18T05:15:00.000Z,AUD/USD,SELL,2025-06-18T05:17:00.000Z,2893,11.399999999999189
2025-06-18T11:15:00.000Z,EUR/JPY,BUY,2025-06-18T11:17:00.000Z,2893,9.999999999999432
2025-06-18T11:15:00.000Z,AUD/JPY,BUY,2025-06-18T11:17:00.000Z,2893,9.999999999999432
2025-06-19T01:30:00.000Z,AUD/JPY,BUY,2025-06-19T01:32:00.000Z,2893,11.599999999998545
2025-06-19T02:45:00.000Z,EUR/USD,BUY,2025-06-19T02:47:00.000Z,2893,9.999999999998899
2025-06-19T02:45:00.000Z,AUD/USD,BUY,2025-06-19T02:47:00.000Z,2893,10.000000000000009
2025-06-19T06:30:00.000Z,AUD/JPY,BUY,2025-06-19T06:32:00.000Z,2893,9.999999999999432
2025-06-19T07:00:00.000Z,AUD/USD,BUY,2025-06-19T07:02:00.000Z,2893,11.300000000000754
2025-06-19T08:00:00.000Z,EUR/JPY,SELL,2025-06-19T08:02:00.000Z,2893,-81.8000000000012
2025-06-19T08:15:00.000Z,USD/JPY,SELL,2025-06-19T08:17:00.000Z,2893,-16.99999999999875
2025-06-19T12:30:00.000Z,USD/JPY,SELL,2025-06-19T12:32:00.000Z,2893,11.400000000000432
2025-06-19T12:30:00.000Z,EUR/JPY,SELL,2025-06-19T12:32:00.000Z,2893,10.69999999999709
2025-06-19T20:15:00.000Z,EUR/USD,SELL,2025-06-19T20:17:00.000Z,2893,-26.399999999999757
2025-06-20T00:30:00.000Z,USD/JPY,BUY,2025-06-20T00:32:00.000Z,2893,0
2025-06-20T00:30:00.000Z,AUD/USD,SELL,2025-06-20T00:32:00.000Z,2893,10.000000000000009
2025-06-20T01:15:00.000Z,EUR/USD,SELL,2025-06-20T01:17:00.000Z,2893,-10.600000000000609
2025-06-20T04:30:00.000Z,EUR/USD,SELL,2025-06-20T04:32:00.000Z,2893,0
2025-06-20T05:00:00.000Z,EUR/JPY,SELL,2025-06-20T05:02:00.000Z,2893,9.999999999999432
2025-06-20T06:15:00.000Z,EUR/JPY,SELL,2025-06-20T06:17:00.000Z,2893,9.999999999999432
2025-06-20T12:45:00.000Z,USD/JPY,SELL,2025-06-20T12:47:00.000Z,2893,6.499999999999773
2025-06-20T14:00:00.000Z,USD/JPY,SELL,2025-06-20T14:02:00.000Z,2893,6.499999999999773
2025-06-20T14:30:00.000Z,EUR/JPY,SELL,2025-06-20T14:32:00.000Z,2893,9.999999999999432
2025-06-20T15:00:00.000Z,AUD/USD,BUY,2025-06-20T15:02:00.000Z,2893,-17.700000000000493
2025-06-20T15:15:00.000Z,USD/JPY,SELL,2025-06-20T15:17:00.000Z,2893,6.499999999999773
2025-06-20T16:00:00.000Z,EUR/JPY,SELL,2025-06-20T16:02:00.000Z,2893,-24.100000000001387
2025-06-20T16:15:00.000Z,USD/JPY,SELL,2025-06-20T16:17:00.000Z,2893,6.499999999999773
2025-06-20T16:30:00.000Z,AUD/USD,BUY,2025-06-20T16:32:00.000Z,2893,-11.800000000000699
2025-06-20T18:00:00.000Z,AUD/USD,BUY,2025-06-20T18:02:00.000Z,2893,-9.099999999999664
2025-06-20T20:30:00.000Z,EUR/JPY,SELL,2025-06-20T20:32:00.000Z,2893,0
2025-06-22T22:45:00.000Z,EUR/USD,BUY,2025-06-22T22:47:00.000Z,2894,10.399999999999299
2025-06-22T22:45:00.000Z,AUD/USD,BUY,2025-06-22T22:47:00.000Z,2894,10.000000000000009
2025-06-22T23:00:00.000Z,USD/JPY,SELL,2025-06-22T23:02:00.000Z,2894,9.999999999999432
2025-06-23T01:45:00.000Z,EUR/USD,BUY,2025-06-23T01:47:00.000Z,2894,10.399999999999299
2025-06-23T01:45:00.000Z,AUD/USD,BUY,2025-06-23T01:47:00.000Z,2894,10.000000000000009
2025-06-23T02:15:00.000Z,USD/JPY,SELL,2025-06-23T02:17:00.000Z,2894,9.999999999999432
2025-06-23T03:45:00.000Z,AUD/JPY,BUY,2025-06-23T03:47:00.000Z,2894,13.299999999999557
2025-06-23T05:00:00.000Z,AUD/USD,BUY,2025-06-23T05:02:00.000Z,2894,10.000000000000009
2025-06-23T06:45:00.000Z,USD/JPY,SELL,2025-06-23T06:47:00.000Z,2894,9.999999999999432
2025-06-23T06:45:00.000Z,AUD/JPY,SELL,2025-06-23T06:47:00.000Z,2894,11.599999999998545
2025-06-23T07:00:00.000Z,EUR/JPY,SELL,2025-06-23T07:02:00.000Z,2894,9.999999999999432
2025-06-23T08:30:00.000Z,USD/JPY,SELL,2025-06-23T08:32:00.000Z,2894,9.999999999999432
2025-06-23T08:30:00.000Z,EUR/JPY,SELL,2025-06-23T08:32:00.000Z,2894,10.099999999999909
2025-06-23T08:45:00.000Z,AUD/JPY,SELL,2025-06-23T08:47:00.000Z,2894,9.999999999999432
2025-06-23T09:45:00.000Z,EUR/USD,BUY,2025-06-23T09:47:00.000Z,2894,9.999999999998899
2025-06-23T10:30:00.000Z,EUR/JPY,SELL,2025-06-23T10:32:00.000Z,2894,9.999999999999432
2025-06-23T11:15:00.000Z,USD/JPY,SELL,2025-06-23T11:17:00.000Z,2894,9.999999999999432
2025-06-23T12:00:00.000Z,AUD/USD,BUY,2025-06-23T12:02:00.000Z,2894,10.000000000000009
2025-06-23T16:00:00.000Z,EUR/USD,SELL,2025-06-23T16:02:00.000Z,2894,11.099999999999444
2025-06-23T16:00:00.000Z,AUD/USD,SELL,2025-06-23T16:02:00.000Z,2894,11.200000000000099
2025-06-23T17:00:00.000Z,EUR/USD,SELL,2025-06-23T17:02:00.000Z,2894,-78.00000000000028
2025-06-23T17:15:00.000Z,USD/JPY,BUY,2025-06-23T17:17:00.000Z,2894,-184.2000000000013
2025-06-23T19:30:00.000Z,USD/JPY,BUY,2025-06-23T19:32:00.000Z,2894,-147.30000000000132
2025-06-23T19:30:00.000Z,AUD/USD,SELL,2025-06-23T19:32:00.000Z,2894,-49.89999999999939
2025-06-23T21:15:00.000Z,AUD/USD,SELL,2025-06-23T21:17:00.000Z,2894,-35.50000000000053
2025-06-23T22:45:00.000Z,USD/JPY,BUY,2025-06-23T22:47:00.000Z,2894,-108.29999999999984
2025-06-23T22:45:00.000Z,EUR/USD,SELL,2025-06-23T22:47:00.000Z,2894,-22.199999999998887
2025-06-23T22:45:00.000Z,AUD/USD,SELL,2025-06-23T22:47:00.000Z,2894,-21.800000000000708
2025-06-24T00:00:00.000Z,USD/JPY,BUY,2025-06-24T00:02:00.000Z,2894,-96.69999999999845
2025-06-24T00:00:00.000Z,EUR/USD,SELL,2025-06-24T00:02:00.000Z,2894,9.999999999998899
2025-06-24T00:00:00.000Z,AUD/USD,SELL,2025-06-24T00:02:00.000Z,2894,-19.09999999999967
2025-06-24T01:30:00.000Z,USD/JPY,BUY,2025-06-24T01:32:00.000Z,2894,13.49999999999909
2025-06-24T01:30:00.000Z,AUD/USD,SELL,2025-06-24T01:32:00.000Z,2894,-16.399999999999746
2025-06-24T03:30:00.000Z,AUD/USD,SELL,2025-06-24T03:32:00.000Z,2894,-13.400000000000079
2025-06-24T04:00:00.000Z,USD/JPY,BUY,2025-06-24T04:02:00.000Z,2894,-43.79999999999882
2025-06-24T07:00:00.000Z,USD/JPY,BUY,2025-06-24T07:02:00.000Z,2894,15.600000000000591
2025-06-24T07:00:00.000Z,EUR/JPY,BUY,2025-06-24T07:02:00.000Z,2894,13.999999999998636
2025-06-24T07:45:00.000Z,USD/JPY,BUY,2025-06-24T07:47:00.000Z,2894,12.399999999999523
2025-06-24T07:45:00.000Z,EUR/JPY,BUY,2025-06-24T07:47:00.000Z,2894,16.499999999999204
2025-06-24T07:45:00.000Z,AUD/USD,SELL,2025-06-24T07:47:00.000Z,2894,10.000000000000009
2025-06-24T09:00:00.000Z,EUR/JPY,BUY,2025-06-24T09:02:00.000Z,2894,9.999999999999432
2025-06-24T14:30:00.000Z,AUD/JPY,BUY,2025-06-24T14:32:00.000Z,2894,11.199999999999477
2025-06-24T15:00:00.000Z,USD/JPY,BUY,2025-06-24T15:02:00.000Z,2894,9.999999999999432
2025-06-24T20:45:00.000Z,AUD/JPY,BUY,2025-06-24T20:47:00.000Z,2894,9.999999999999432
2025-06-25T06:45:00.000Z,EUR/JPY,SELL,2025-06-25T06:47:00.000Z,2894,9.999999999999432
2025-06-25T07:30:00.000Z,USD/JPY,SELL,2025-06-25T07:32:00.000Z,2894,14.900000000000091
2025-06-25T08:00:00.000Z,AUD/JPY,SELL,2025-06-25T08:02:00.000Z,2894,9.999999999999432
2025-06-25T09:30:00.000Z,EUR/JPY,SELL,2025-06-25T09:32:00.000Z,2894,15.399999999996794
2025-06-25T10:00:00.000Z,AUD/JPY,SELL,2025-06-25T10:02:00.000Z,2894,9.999999999999432
2025-06-25T11:45:00.000Z,EUR/JPY,SELL,2025-06-25T11:47:00.000Z,2894,9.999999999999432
2025-06-25T12:15:00.000Z,USD/JPY,SELL,2025-06-25T12:17:00.000Z,2894,11.999999999997613
2025-06-25T12:15:00.000Z,AUD/JPY,SELL,2025-06-25T12:17:00.000Z,2894,11.999999999999034
2025-06-25T13:00:00.000Z,EUR/JPY,SELL,2025-06-25T13:02:00.000Z,2894,15.799999999998704
2025-06-25T13:45:00.000Z,USD/JPY,SELL,2025-06-25T13:47:00.000Z,2894,15.300000000002001
2025-06-25T13:45:00.000Z,EUR/JPY,SELL,2025-06-25T13:47:00.000Z,2894,14.6000000000015
2025-06-25T15:15:00.000Z,EUR/JPY,SELL,2025-06-25T15:17:00.000Z,2894,13.100000000000023
2025-06-25T20:00:00.000Z,USD/JPY,BUY,2025-06-25T20:02:00.000Z,2894,-88.59999999999957
2025-06-25T20:00:00.000Z,AUD/USD,SELL,2025-06-25T20:02:00.000Z,2894,-38.900000000000595
2025-06-25T20:15:00.000Z,EUR/USD,SELL,2025-06-25T20:17:00.000Z,2894,-45.399999999999885
2025-06-26T00:45:00.000Z,AUD/USD,SELL,2025-06-26T00:47:00.000Z,2894,10.700000000000154
2025-06-26T01:15:00.000Z,EUR/JPY,BUY,2025-06-26T01:17:00.000Z,2894,10.699999999999932
2025-06-26T01:15:00.000Z,EUR/USD,SELL,2025-06-26T01:17:00.000Z,2894,-16.300000000000203
2025-06-26T01:30:00.000Z,USD/JPY,BUY,2025-06-26T01:32:00.000Z,2894,9.999999999999432
2025-06-26T01:30:00.000Z,AUD/JPY,BUY,2025-06-26T01:32:00.000Z,2894,9.999999999999432
2025-06-26T03:45:00.000Z,USD/JPY,BUY,2025-06-26T03:47:00.000Z,2894,9.999999999999432
2025-06-26T03:45:00.000Z,EUR/USD,SELL,2025-06-26T03:47:00.000Z,2894,9.999999999998899
2025-06-26T04:15:00.000Z,AUD/USD,SELL,2025-06-26T04:17:00.000Z,2894,-21.90000000000025
2025-06-26T06:30:00.000Z,EUR/JPY,BUY,2025-06-26T06:32:00.000Z,2894,13.599999999999568
2025-06-26T08:30:00.000Z,AUD/JPY,BUY,2025-06-26T08:32:00.000Z,2894,12.800000000000011
2025-06-26T09:00:00.000Z,EUR/USD,SELL,2025-06-26T09:02:00.000Z,2894,10.099999999999554
2025-06-26T09:00:00.000Z,AUD/USD,SELL,2025-06-26T09:02:00.000Z,2894,10.000000000000009
2025-06-26T09:15:00.000Z,USD/JPY,BUY,2025-06-26T09:17:00.000Z,2894,10.599999999999454
2025-06-26T14:45:00.000Z,AUD/JPY,SELL,2025-06-26T14:47:00.000Z,2894,13.500000000000512
2025-06-27T00:45:00.000Z,AUD/JPY,SELL,2025-06-27T00:47:00.000Z,2894,11.400000000000432
2025-06-27T01:15:00.000Z,AUD/JPY,SELL,2025-06-27T01:17:00.000Z,2894,10.599999999999454
2025-06-27T07:30:00.000Z,EUR/USD,SELL,2025-06-27T07:32:00.000Z,2894,13.399999999998968
2025-06-27T11:00:00.000Z,AUD/USD,BUY,2025-06-27T11:02:00.000Z,2894,10.000000000000009
2025-06-27T13:15:00.000Z,EUR/USD,SELL,2025-06-27T13:17:00.000Z,2894,9.999999999998899
2025-06-27T14:15:00.000Z,EUR/JPY,SELL,2025-06-27T14:17:00.000Z,2894,9.999999999999432
2025-06-27T15:15:00.000Z,EUR/JPY,SELL,2025-06-27T15:17:00.000Z,2894,9.999999999999432
2025-06-27T19:00:00.000Z,AUD/USD,BUY,2025-06-27T19:02:00.000Z,2894,0
2025-06-30T02:45:00.000Z,USD/JPY,BUY,2025-06-30T02:47:00.000Z,2895,9.999999999999432
2025-06-30T02:45:00.000Z,EUR/JPY,BUY,2025-06-30T02:47:00.000Z,2895,9.999999999999432
2025-06-30T02:45:00.000Z,AUD/JPY,BUY,2025-06-30T02:47:00.000Z,2895,9.999999999999432
2025-06-30T03:45:00.000Z,EUR/JPY,BUY,2025-06-30T03:47:00.000Z,2895,11.50000000000091
2025-06-30T06:00:00.000Z,USD/JPY,BUY,2025-06-30T06:02:00.000Z,2895,10.699999999999932
2025-06-30T06:45:00.000Z,EUR/JPY,BUY,2025-06-30T06:47:00.000Z,2895,9.999999999999432
2025-06-30T07:30:00.000Z,USD/JPY,BUY,2025-06-30T07:32:00.000Z,2895,9.999999999999432
2025-06-30T13:15:00.000Z,USD/JPY,SELL,2025-06-30T13:17:00.000Z,2895,13.199999999997658
2025-06-30T15:00:00.000Z,EUR/USD,SELL,2025-06-30T15:02:00.000Z,2895,-39.400000000000546
2025-06-30T15:15:00.000Z,EUR/JPY,SELL,2025-06-30T15:17:00.000Z,2895,18.999999999999773
2025-06-30T15:15:00.000Z,AUD/JPY,SELL,2025-06-30T15:17:00.000Z,2895,13.099999999998602
2025-06-30T16:15:00.000Z,EUR/USD,SELL,2025-06-30T16:17:00.000Z,2895,13.600000000000279
2025-06-30T17:00:00.000Z,EUR/JPY,SELL,2025-06-30T17:02:00.000Z,2895,10.999999999998522
2025-06-30T17:45:00.000Z,EUR/JPY,SELL,2025-06-30T17:47:00.000Z,2895,11.50000000000091
2025-06-30T17:45:00.000Z,AUD/USD,SELL,2025-06-30T17:47:00.000Z,2895,10.000000000000009
2025-06-30T18:45:00.000Z,EUR/JPY,SELL,2025-06-30T18:47:00.000Z,2895,11.299999999999955
2025-06-30T18:45:00.000Z,EUR/USD,SELL,2025-06-30T18:47:00.000Z,2895,9.999999999998899
2025-06-30T19:15:00.000Z,AUD/JPY,SELL,2025-06-30T19:17:00.000Z,2895,10.39999999999992
2025-06-30T19:45:00.000Z,AUD/JPY,SELL,2025-06-30T19:47:00.000Z,2895,9.999999999999432
2025-06-30T21:15:00.000Z,EUR/USD,SELL,2025-06-30T21:17:00.000Z,2895,9.999999999998899
2025-06-30T21:15:00.000Z,AUD/USD,SELL,2025-06-30T21:17:00.000Z,2895,10.000000000000009
2025-06-30T22:45:00.000Z,EUR/USD,SELL,2025-06-30T22:47:00.000Z,2895,9.999999999998899
2025-07-01T00:30:00.000Z,EUR/USD,SELL,2025-07-01T00:32:00.000Z,2895,12.999999999998568
2025-07-01T00:45:00.000Z,USD/JPY,BUY,2025-07-01T00:47:00.000Z,2895,10.80000000000041
2025-07-01T00:45:00.000Z,AUD/JPY,BUY,2025-07-01T00:47:00.000Z,2895,-0.6000000000000227
2025-07-01T01:15:00.000Z,EUR/USD,SELL,2025-07-01T01:17:00.000Z,2895,10.399999999999299
2025-07-01T01:45:00.000Z,USD/JPY,BUY,2025-07-01T01:47:00.000Z,2895,9.999999999999432
2025-07-01T02:30:00.000Z,AUD/JPY,BUY,2025-07-01T02:32:00.000Z,2895,11.299999999998533
2025-07-01T02:30:00.000Z,AUD/USD,BUY,2025-07-01T02:32:00.000Z,2895,10.400000000000409
2025-07-01T08:30:00.000Z,AUD/JPY,BUY,2025-07-01T08:32:00.000Z,2895,10.599999999999454
2025-07-01T09:00:00.000Z,EUR/JPY,BUY,2025-07-01T09:02:00.000Z,2895,9.999999999999432
2025-07-01T10:00:00.000Z,EUR/USD,SELL,2025-07-01T10:02:00.000Z,2895,10.999999999998789
2025-07-01T11:00:00.000Z,USD/JPY,BUY,2025-07-01T11:02:00.000Z,2895,12.399999999999523
2025-07-01T12:15:00.000Z,USD/JPY,BUY,2025-07-01T12:17:00.000Z,2895,9.999999999999432
2025-07-01T12:15:00.000Z,AUD/JPY,BUY,2025-07-01T12:17:00.000Z,2895,9.999999999999432
2025-07-01T16:00:00.000Z,EUR/USD,BUY,2025-07-01T16:02:00.000Z,2895,12.399999999999078
2025-07-01T17:00:00.000Z,USD/JPY,SELL,2025-07-01T17:02:00.000Z,2895,14.19999999999959
2025-07-01T17:00:00.000Z,EUR/USD,BUY,2025-07-01T17:02:00.000Z,2895,9.999999999998899
2025-07-01T17:30:00.000Z,USD/JPY,SELL,2025-07-01T17:32:00.000Z,2895,9.999999999999432
2025-07-01T20:15:00.000Z,EUR/JPY,SELL,2025-07-01T20:17:00.000Z,2895,11.499999999998067
2025-07-02T07:45:00.000Z,USD/JPY,SELL,2025-07-02T07:47:00.000Z,2895,11.199999999999477
2025-07-02T08:15:00.000Z,EUR/USD,BUY,2025-07-02T08:17:00.000Z,2895,10.099999999999554
2025-07-02T08:15:00.000Z,AUD/USD,BUY,2025-07-02T08:17:00.000Z,2895,10.299999999999754
2025-07-02T09:45:00.000Z,EUR/USD,BUY,2025-07-02T09:47:00.000Z,2895,9.999999999998899
2025-07-02T10:00:00.000Z,USD/JPY,SELL,2025-07-02T10:02:00.000Z,2895,9.999999999999432
2025-07-02T12:15:00.000Z,EUR/USD,BUY,2025-07-02T12:17:00.000Z,2895,9.999999999998899
2025-07-02T13:00:00.000Z,AUD/JPY,BUY,2025-07-02T13:02:00.000Z,2895,9.999999999999432
2025-07-02T20:15:00.000Z,AUD/USD,SELL,2025-07-02T20:17:00.000Z,2895,10.100000000000664
2025-07-03T02:45:00.000Z,AUD/USD,BUY,2025-07-03T02:47:00.000Z,2895,10.000000000000009
2025-07-03T13:15:00.000Z,EUR/USD,BUY,2025-07-03T13:17:00.000Z,2895,9.999999999998899
2025-07-03T13:15:00.000Z,AUD/USD,BUY,2025-07-03T13:17:00.000Z,2895,-4.8000000000003595
2025-07-03T13:45:00.000Z,USD/JPY,SELL,2025-07-03T13:47:00.000Z,2895,9.999999999999432
2025-07-03T15:30:00.000Z,USD/JPY,SELL,2025-07-03T15:32:00.000Z,2895,10.499999999998977
2025-07-03T15:30:00.000Z,EUR/JPY,SELL,2025-07-03T15:32:00.000Z,2895,11.499999999998067
2025-07-03T17:00:00.000Z,USD/JPY,SELL,2025-07-03T17:02:00.000Z,2895,10.80000000000041
2025-07-03T18:15:00.000Z,AUD/JPY,SELL,2025-07-03T18:17:00.000Z,2895,9.999999999999432
2025-07-04T01:15:00.000Z,USD/JPY,BUY,2025-07-04T01:17:00.000Z,2895,15.899999999999181
2025-07-04T01:15:00.000Z,EUR/JPY,BUY,2025-07-04T01:17:00.000Z,2895,13.800000000000523
2025-07-04T03:45:00.000Z,EUR/JPY,BUY,2025-07-04T03:47:00.000Z,2895,9.999999999999432
2025-07-04T04:00:00.000Z,USD/JPY,BUY,2025-07-04T04:02:00.000Z,2895,-1.9000000000005457
2025-07-04T04:00:00.000Z,AUD/JPY,BUY,2025-07-04T04:02:00.000Z,2895,-29.999999999999716
2025-07-04T05:00:00.000Z,AUD/JPY,BUY,2025-07-04T05:02:00.000Z,2895,-22.800000000000864
2025-07-04T06:15:00.000Z,EUR/USD,SELL,2025-07-04T06:17:00.000Z,2895,10.599999999998388
2025-07-04T07:15:00.000Z,USD/JPY,BUY,2025-07-04T07:17:00.000Z,2895,12.899999999999068
2025-07-04T07:15:00.000Z,EUR/JPY,BUY,2025-07-04T07:17:00.000Z,2895,9.999999999999432
2025-07-04T08:00:00.000Z,AUD/JPY,BUY,2025-07-04T08:02:00.000Z,2895,-1.100000000000989
2025-07-04T08:00:00.000Z,AUD/USD,BUY,2025-07-04T08:02:00.000Z,2895,-4.999999999999449
2025-07-04T08:30:00.000Z,AUD/JPY,BUY,2025-07-04T08:32:00.000Z,2895,-3.4000000000006025
2025-07-04T16:00:00.000Z,EUR/JPY,SELL,2025-07-04T16:02:00.000Z,2895,9.999999999999432
2025-07-07T01:45:00.000Z,EUR/JPY,BUY,2025-07-07T01:47:00.000Z,2896,0
2025-07-07T02:00:00.000Z,AUD/JPY,BUY,2025-07-07T02:02:00.000Z,2896,9.999999999999432
2025-07-07T02:15:00.000Z,AUD/USD,BUY,2025-07-07T02:17:00.000Z,2896,-18.399999999999526
2025-07-07T03:15:00.000Z,USD/JPY,SELL,2025-07-07T03:17:00.000Z,2896,-143.29999999999927
2025-07-07T06:00:00.000Z,USD/JPY,SELL,2025-07-07T06:02:00.000Z,2896,-115.0999999999982
2025-07-07T06:00:00.000Z,AUD/USD,BUY,2025-07-07T06:02:00.000Z,2896,11.300000000000754
2025-07-07T06:30:00.000Z,EUR/JPY,SELL,2025-07-07T06:32:00.000Z,2896,9.999999999999432
2025-07-07T07:00:00.000Z,USD/JPY,SELL,2025-07-07T07:02:00.000Z,2896,-123.90000000000043
2025-07-07T07:00:00.000Z,EUR/USD,BUY,2025-07-07T07:02:00.000Z,2896,-9.699999999999154
2025-07-07T07:00:00.000Z,AUD/USD,BUY,2025-07-07T07:02:00.000Z,2896,10.699999999999044
2025-07-07T08:30:00.000Z,USD/JPY,SELL,2025-07-07T08:32:00.000Z,2896,-98.70000000000232
2025-07-07T10:00:00.000Z,EUR/USD,BUY,2025-07-07T10:02:00.000Z,2896,10.200000000000209
2025-07-07T10:00:00.000Z,AUD/USD,BUY,2025-07-07T10:02:00.000Z,2896,10.600000000000609
2025-07-07T11:00:00.000Z,EUR/USD,BUY,2025-07-07T11:02:00.000Z,2896,10.599999999998388
2025-07-07T11:30:00.000Z,USD/JPY,SELL,2025-07-07T11:32:00.000Z,2896,-109.19999999999845
2025-07-07T11:45:00.000Z,EUR/USD,BUY,2025-07-07T11:47:00.000Z,2896,9.999999999998899
2025-07-07T12:45:00.000Z,AUD/JPY,SELL,2025-07-07T12:47:00.000Z,2896,-126.69999999999959
2025-07-07T12:45:00.000Z,EUR/USD,BUY,2025-07-07T12:47:00.000Z,2896,9.999999999998899
2025-07-07T14:15:00.000Z,EUR/JPY,SELL,2025-07-07T14:17:00.000Z,2896,13.299999999998136
2025-07-07T15:45:00.000Z,EUR/JPY,SELL,2025-07-07T15:47:00.000Z,2896,9.999999999999432
2025-07-07T16:30:00.000Z,EUR/JPY,SELL,2025-07-07T16:32:00.000Z,2896,10.099999999999909
2025-07-07T16:30:00.000Z,AUD/JPY,SELL,2025-07-07T16:32:00.000Z,2896,11.499999999999488
2025-07-07T17:45:00.000Z,EUR/USD,BUY,2025-07-07T17:47:00.000Z,2896,10.799999999999699
2025-07-07T19:15:00.000Z,USD/JPY,SELL,2025-07-07T19:17:00.000Z,2896,10.80000000000041
2025-07-08T00:30:00.000Z,EUR/USD,SELL,2025-07-08T00:32:00.000Z,2896,9.999999999998899
2025-07-08T01:30:00.000Z,EUR/JPY,SELL,2025-07-08T01:32:00.000Z,2896,9.999999999999432
2025-07-08T01:30:00.000Z,AUD/JPY,SELL,2025-07-08T01:32:00.000Z,2896,10.39999999999992
2025-07-08T05:45:00.000Z,AUD/JPY,SELL,2025-07-08T05:47:00.000Z,2896,-68.20000000000022
2025-07-08T05:45:00.000Z,AUD/USD,SELL,2025-07-08T05:47:00.000Z,2896,12.900000000000134
2025-07-08T12:00:00.000Z,AUD/JPY,SELL,2025-07-08T12:02:00.000Z,2896,9.999999999999432
2025-07-08T12:30:00.000Z,EUR/USD,BUY,2025-07-08T12:32:00.000Z,2896,11.099999999999444
2025-07-08T13:00:00.000Z,EUR/USD,BUY,2025-07-08T13:02:00.000Z,2896,-6.099999999999994
2025-07-08T14:00:00.000Z,EUR/USD,BUY,2025-07-08T14:02:00.000Z,2896,11.599999999998278
2025-07-08T15:15:00.000Z,EUR/USD,BUY,2025-07-08T15:17:00.000Z,2896,9.999999999998899
2025-07-08T15:30:00.000Z,USD/JPY,SELL,2025-07-08T15:32:00.000Z,2896,11.299999999999955
2025-07-09T00:15:00.000Z,USD/JPY,SELL,2025-07-09T00:17:00.000Z,2896,15.900000000002024
2025-07-09T00:15:00.000Z,EUR/JPY,SELL,2025-07-09T00:17:00.000Z,2896,14.099999999999113
2025-07-09T03:45:00.000Z,USD/JPY,SELL,2025-07-09T03:47:00.000Z,2896,11.899999999999977
2025-07-09T05:00:00.000Z,AUD/JPY,SELL,2025-07-09T05:02:00.000Z,2896,11.699999999999022
2025-07-09T05:30:00.000Z,AUD/JPY,SELL,2025-07-09T05:32:00.000Z,2896,9.999999999999432
2025-07-09T08:00:00.000Z,EUR/JPY,BUY,2025-07-09T08:02:00.000Z,2896,-23.199999999999932
2025-07-09T08:30:00.000Z,EUR/JPY,BUY,2025-07-09T08:32:00.000Z,2896,-22.399999999998954
2025-07-09T09:00:00.000Z,EUR/JPY,BUY,2025-07-09T09:02:00.000Z,2896,-14.19999999999959
2025-07-09T10:00:00.000Z,EUR/JPY,BUY,2025-07-09T10:02:00.000Z,2896,-24.099999999998545
2025-07-09T11:45:00.000Z,EUR/JPY,BUY,2025-07-09T11:47:00.000Z,2896,-25.399999999999068
2025-07-09T12:15:00.000Z,EUR/JPY,BUY,2025-07-09T12:17:00.000Z,2896,9.999999999999432
2025-07-09T14:30:00.000Z,USD/JPY,BUY,2025-07-09T14:32:00.000Z,2896,9.999999999999432
2025-07-09T14:30:00.000Z,EUR/JPY,BUY,2025-07-09T14:32:00.000Z,2896,9.999999999999432
2025-07-09T23:45:00.000Z,USD/JPY,BUY,2025-07-09T23:47:00.000Z,2896,9.999999999999432
2025-07-09T23:45:00.000Z,AUD/JPY,BUY,2025-07-09T23:47:00.000Z,2896,9.999999999999432
2025-07-10T01:15:00.000Z,USD/JPY,BUY,2025-07-10T01:17:00.000Z,2896,15.099999999998204
2025-07-10T01:15:00.000Z,AUD/JPY,BUY,2025-07-10T01:17:00.000Z,2896,9.999999999999432
2025-07-10T01:15:00.000Z,EUR/USD,SELL,2025-07-10T01:17:00.000Z,2896,11.299999999998533
2025-07-10T02:00:00.000Z,USD/JPY,BUY,2025-07-10T02:02:00.000Z,2896,11.899999999999977
2025-07-10T06:45:00.000Z,AUD/USD,SELL,2025-07-10T06:47:00.000Z,2896,10.000000000000009
2025-07-10T07:00:00.000Z,AUD/JPY,SELL,2025-07-10T07:02:00.000Z,2896,-90.70000000000107
2025-07-10T07:45:00.000Z,AUD/JPY,SELL,2025-07-10T07:47:00.000Z,2896,17.799999999998306
2025-07-10T07:45:00.000Z,AUD/USD,SELL,2025-07-10T07:47:00.000Z,2896,11.200000000000099
2025-07-10T09:45:00.000Z,AUD/JPY,SELL,2025-07-10T09:47:00.000Z,2896,12.399999999999523
2025-07-10T10:00:00.000Z,AUD/USD,SELL,2025-07-10T10:02:00.000Z,2896,10.599999999999499
2025-07-10T13:15:00.000Z,EUR/USD,BUY,2025-07-10T13:17:00.000Z,2896,-22.400000000000198
2025-07-10T15:00:00.000Z,USD/JPY,SELL,2025-07-10T15:02:00.000Z,2896,9.999999999999432
2025-07-10T15:00:00.000Z,AUD/JPY,SELL,2025-07-10T15:02:00.000Z,2896,-79.99999999999972
2025-07-10T15:15:00.000Z,EUR/USD,BUY,2025-07-10T15:17:00.000Z,2896,9.999999999998899
2025-07-10T17:45:00.000Z,AUD/JPY,SELL,2025-07-10T17:47:00.000Z,2896,10.099999999999909
2025-07-10T20:15:00.000Z,AUD/JPY,SELL,2025-07-10T20:17:00.000Z,2896,9.999999999999432
2025-07-10T20:45:00.000Z,AUD/JPY,SELL,2025-07-10T20:47:00.000Z,2896,9.999999999999432
2025-07-10T21:00:00.000Z,AUD/USD,SELL,2025-07-10T21:10:00.000Z,2896,10.000000000000009
2025-07-10T23:45:00.000Z,AUD/USD,SELL,2025-07-10T23:47:00.000Z,2896,10.000000000000009
2025-07-11T01:00:00.000Z,AUD/USD,BUY,2025-07-11T01:02:00.000Z,2896,10.000000000000009
2025-07-11T01:30:00.000Z,EUR/USD,BUY,2025-07-11T01:32:00.000Z,2896,9.999999999998899
2025-07-11T03:30:00.000Z,USD/JPY,SELL,2025-07-11T03:32:00.000Z,2896,14.499999999998181
2025-07-11T04:45:00.000Z,EUR/JPY,SELL,2025-07-11T04:47:00.000Z,2896,11.299999999999955
2025-07-11T05:15:00.000Z,USD/JPY,SELL,2025-07-11T05:17:00.000Z,2896,12.20000000000141
2025-07-11T10:15:00.000Z,EUR/JPY,SELL,2025-07-11T10:17:00.000Z,2896,9.999999999999432
2025-07-11T14:30:00.000Z,USD/JPY,SELL,2025-07-11T14:32:00.000Z,2896,9.999999999999432
2025-07-11T14:30:00.000Z,EUR/JPY,SELL,2025-07-11T14:32:00.000Z,2896,-18.500000000000227
2025-07-11T14:45:00.000Z,AUD/JPY,SELL,2025-07-11T14:47:00.000Z,2896,-0.49999999999954525
2025-07-11T15:30:00.000Z,EUR/JPY,SELL,2025-07-11T15:32:00.000Z,2896,14.599999999998658
2025-07-11T16:00:00.000Z,EUR/JPY,SELL,2025-07-11T16:02:00.000Z,2896,-12.399999999999523
2025-07-14T01:30:00.000Z,USD/JPY,BUY,2025-07-14T01:32:00.000Z,2897,0
2025-07-14T01:45:00.000Z,AUD/JPY,BUY,2025-07-14T01:47:00.000Z,2897,13.299999999998136
2025-07-14T06:45:00.000Z,EUR/USD,BUY,2025-07-14T06:47:00.000Z,2897,10.399999999999299
2025-07-14T16:45:00.000Z,USD/JPY,SELL,2025-07-14T16:47:00.000Z,2897,10.300000000000864
2025-07-14T23:45:00.000Z,USD/JPY,SELL,2025-07-14T23:47:00.000Z,2897,9.999999999999432
2025-07-15T06:30:00.000Z,EUR/USD,SELL,2025-07-15T06:32:00.000Z,2897,12.999999999998568
2025-07-15T08:15:00.000Z,EUR/JPY,SELL,2025-07-15T08:17:00.000Z,2897,13.800000000000523
2025-07-15T08:45:00.000Z,AUD/JPY,SELL,2025-07-15T08:47:00.000Z,2897,-13.800000000000523
2025-07-15T08:45:00.000Z,AUD/USD,SELL,2025-07-15T08:47:00.000Z,2897,10.600000000000609
2025-07-15T11:45:00.000Z,AUD/JPY,SELL,2025-07-15T11:47:00.000Z,2897,11.199999999999477
2025-07-15T12:00:00.000Z,USD/JPY,SELL,2025-07-15T12:02:00.000Z,2897,9.999999999999432
2025-07-15T13:00:00.000Z,USD/JPY,SELL,2025-07-15T13:02:00.000Z,2897,-71.60000000000082
2025-07-15T13:45:00.000Z,EUR/JPY,SELL,2025-07-15T13:47:00.000Z,2897,9.999999999999432
2025-07-15T13:45:00.000Z,AUD/JPY,SELL,2025-07-15T13:47:00.000Z,2897,9.999999999999432
2025-07-15T14:15:00.000Z,EUR/JPY,SELL,2025-07-15T14:17:00.000Z,2897,17.29999999999734
2025-07-15T14:45:00.000Z,EUR/JPY,SELL,2025-07-15T14:47:00.000Z,2897,10.699999999999932
2025-07-15T18:00:00.000Z,AUD/USD,BUY,2025-07-15T18:02:00.000Z,2897,10.099999999999554
2025-07-15T18:15:00.000Z,USD/JPY,SELL,2025-07-15T18:17:00.000Z,2897,9.999999999999432
2025-07-15T18:45:00.000Z,EUR/USD,BUY,2025-07-15T18:47:00.000Z,2897,9.999999999998899
2025-07-16T01:30:00.000Z,AUD/JPY,SELL,2025-07-16T01:32:00.000Z,2897,10.599999999999454
2025-07-16T04:45:00.000Z,EUR/JPY,SELL,2025-07-16T04:47:00.000Z,2897,11.199999999999477
2025-07-16T07:15:00.000Z,EUR/USD,SELL,2025-07-16T07:17:00.000Z,2897,11.399999999999189
2025-07-16T12:45:00.000Z,EUR/USD,BUY,2025-07-16T12:47:00.000Z,2897,9.999999999998899
2025-07-16T14:30:00.000Z,AUD/USD,BUY,2025-07-16T14:32:00.000Z,2897,12.800000000000589
2025-07-16T15:00:00.000Z,EUR/USD,BUY,2025-07-16T15:02:00.000Z,2897,11.899999999998023
2025-07-16T15:30:00.000Z,EUR/JPY,BUY,2025-07-16T15:32:00.000Z,2897,14.699999999999136
2025-07-16T16:00:00.000Z,USD/JPY,BUY,2025-07-16T16:02:00.000Z,2897,9.999999999999432
2025-07-16T16:00:00.000Z,AUD/JPY,BUY,2025-07-16T16:02:00.000Z,2897,9.999999999999432
2025-07-16T16:00:00.000Z,EUR/USD,SELL,2025-07-16T16:02:00.000Z,2897,9.999999999998899
2025-07-16T18:30:00.000Z,EUR/JPY,BUY,2025-07-16T18:32:00.000Z,2897,11.999999999997613
2025-07-16T18:30:00.000Z,AUD/JPY,BUY,2025-07-16T18:32:00.000Z,2897,9.999999999999432
2025-07-17T01:30:00.000Z,EUR/JPY,SELL,2025-07-17T01:32:00.000Z,2897,9.999999999999432
2025-07-17T01:45:00.000Z,USD/JPY,SELL,2025-07-17T01:47:00.000Z,2897,-6.799999999998363
2025-07-17T03:45:00.000Z,AUD/USD,BUY,2025-07-17T03:47:00.000Z,2897,10.499999999999954
2025-07-17T04:00:00.000Z,USD/JPY,SELL,2025-07-17T04:02:00.000Z,2897,9.999999999999432
2025-07-17T04:30:00.000Z,USD/JPY,SELL,2025-07-17T04:32:00.000Z,2897,9.999999999999432
2025-07-17T07:00:00.000Z,USD/JPY,SELL,2025-07-17T07:02:00.000Z,2897,14.19999999999959
2025-07-17T07:00:00.000Z,AUD/USD,BUY,2025-07-17T07:02:00.000Z,2897,14.500000000000624
2025-07-17T07:15:00.000Z,EUR/USD,BUY,2025-07-17T07:17:00.000Z,2897,11.199999999997878
2025-07-17T07:45:00.000Z,AUD/JPY,BUY,2025-07-17T07:47:00.000Z,2897,12.099999999999511
2025-07-17T08:15:00.000Z,AUD/USD,BUY,2025-07-17T08:17:00.000Z,2897,11.099999999999444
2025-07-17T12:15:00.000Z,EUR/USD,BUY,2025-07-17T12:17:00.000Z,2897,9.999999999998899
2025-07-17T12:15:00.000Z,AUD/USD,BUY,2025-07-17T12:17:00.000Z,2897,10.000000000000009
2025-07-17T19:30:00.000Z,AUD/JPY,SELL,2025-07-17T19:32:00.000Z,2897,-33.799999999999386
2025-07-17T23:15:00.000Z,USD/JPY,BUY,2025-07-17T23:17:00.000Z,2897,9.999999999999432
2025-07-18T00:00:00.000Z,EUR/USD,SELL,2025-07-18T00:02:00.000Z,2897,-15.400000000000968
2025-07-18T00:45:00.000Z,EUR/JPY,SELL,2025-07-18T00:47:00.000Z,2897,-51.30000000000052
2025-07-18T01:15:00.000Z,EUR/JPY,SELL,2025-07-18T01:17:00.000Z,2897,-46.20000000000175
2025-07-18T01:30:00.000Z,AUD/JPY,SELL,2025-07-18T01:32:00.000Z,2897,-25.600000000000023
2025-07-18T01:30:00.000Z,EUR/USD,SELL,2025-07-18T01:32:00.000Z,2897,-9.00000000000123
2025-07-18T02:00:00.000Z,AUD/USD,SELL,2025-07-18T02:02:00.000Z,2897,-4.500000000000615
2025-07-18T03:30:00.000Z,EUR/USD,SELL,2025-07-18T03:32:00.000Z,2897,12.599999999998168
2025-07-18T03:45:00.000Z,AUD/USD,SELL,2025-07-18T03:47:00.000Z,2897,-1.60000000000049
2025-07-18T04:00:00.000Z,EUR/JPY,SELL,2025-07-18T04:02:00.000Z,2897,9.999999999999432
2025-07-18T07:00:00.000Z,EUR/JPY,SELL,2025-07-18T07:02:00.000Z,2897,-16.900000000001114
2025-07-18T08:45:00.000Z,EUR/JPY,SELL,2025-07-18T08:47:00.000Z,2897,9.999999999999432
2025-07-18T08:45:00.000Z,AUD/JPY,SELL,2025-07-18T08:47:00.000Z,2897,-4.399999999999693
2025-07-18T09:00:00.000Z,EUR/USD,SELL,2025-07-18T09:02:00.000Z,2897,11.099999999999444
2025-07-18T09:30:00.000Z,EUR/USD,SELL,2025-07-18T09:32:00.000Z,2897,9.999999999998899
2025-07-18T09:45:00.000Z,AUD/USD,SELL,2025-07-18T09:47:00.000Z,2897,10.000000000000009
2025-07-18T10:15:00.000Z,AUD/JPY,SELL,2025-07-18T10:17:00.000Z,2897,10.699999999999932
2025-07-18T10:30:00.000Z,AUD/USD,SELL,2025-07-18T10:32:00.000Z,2897,10.900000000000354
2025-07-18T11:30:00.000Z,AUD/USD,SELL,2025-07-18T11:32:00.000Z,2897,11.100000000000554
2025-07-18T12:00:00.000Z,AUD/USD,SELL,2025-07-18T12:02:00.000Z,2897,10.799999999999699
2025-07-18T12:30:00.000Z,EUR/USD,SELL,2025-07-18T12:32:00.000Z,2897,12.599999999998168
2025-07-18T13:45:00.000Z,AUD/USD,SELL,2025-07-18T13:47:00.000Z,2897,10.000000000000009
2025-07-18T14:15:00.000Z,AUD/USD,SELL,2025-07-18T14:17:00.000Z,2897,0
2025-07-18T18:00:00.000Z,AUD/USD,BUY,2025-07-18T18:02:00.000Z,2897,-4.699999999999704
2025-07-18T19:30:00.000Z,AUD/USD,BUY,2025-07-18T19:32:00.000Z,2897,-1.2000000000000899
2025-07-20T22:30:00.000Z,AUD/JPY,BUY,2025-07-20T22:32:00.000Z,2898,-63.400000000000034
2025-07-21T07:00:00.000Z,EUR/JPY,BUY,2025-07-21T07:02:00.000Z,2898,12.09999999999809
2025-07-21T07:00:00.000Z,AUD/JPY,BUY,2025-07-21T07:02:00.000Z,2898,-8.70000000000033
2025-07-21T07:15:00.000Z,USD/JPY,BUY,2025-07-21T07:17:00.000Z,2898,-17.300000000000182
2025-07-21T07:30:00.000Z,EUR/USD,SELL,2025-07-21T07:32:00.000Z,2898,-48.60000000000086
2025-07-21T08:15:00.000Z,EUR/USD,SELL,2025-07-21T08:17:00.000Z,2898,-52.499999999999766
2025-07-21T09:00:00.000Z,USD/JPY,BUY,2025-07-21T09:02:00.000Z,2898,-38.89999999999816
2025-07-21T09:00:00.000Z,EUR/USD,SELL,2025-07-21T09:02:00.000Z,2898,-58.100000000000925
2025-07-21T11:30:00.000Z,USD/JPY,BUY,2025-07-21T11:32:00.000Z,2898,9.999999999999432
2025-07-21T13:00:00.000Z,USD/JPY,BUY,2025-07-21T13:02:00.000Z,2898,9.999999999999432
2025-07-21T13:15:00.000Z,EUR/USD,SELL,2025-07-21T13:17:00.000Z,2898,-24.600000000001288
2025-07-21T14:30:00.000Z,USD/JPY,BUY,2025-07-21T14:32:00.000Z,2898,12.599999999997635
2025-07-21T15:45:00.000Z,USD/JPY,BUY,2025-07-21T15:47:00.000Z,2898,11.599999999998545
2025-07-21T15:45:00.000Z,AUD/USD,SELL,2025-07-21T15:47:00.000Z,2898,11.300000000000754
2025-07-21T16:30:00.000Z,EUR/USD,SELL,2025-07-21T16:32:00.000Z,2898,10.799999999999699
2025-07-21T17:00:00.000Z,USD/JPY,BUY,2025-07-21T17:02:00.000Z,2898,-69.19999999999789
2025-07-21T17:00:00.000Z,EUR/USD,SELL,2025-07-21T17:02:00.000Z,2898,9.999999999998899
2025-07-22T00:30:00.000Z,USD/JPY,SELL,2025-07-22T00:32:00.000Z,2898,9.999999999999432
2025-07-22T00:30:00.000Z,EUR/JPY,SELL,2025-07-22T00:32:00.000Z,2898,9.999999999999432
2025-07-22T00:30:00.000Z,AUD/JPY,SELL,2025-07-22T00:32:00.000Z,2898,9.999999999999432
2025-07-22T07:00:00.000Z,USD/JPY,SELL,2025-07-22T07:02:00.000Z,2898,14.499999999998181
2025-07-22T07:30:00.000Z,EUR/JPY,SELL,2025-07-22T07:32:00.000Z,2898,9.999999999999432
2025-07-22T08:15:00.000Z,AUD/USD,BUY,2025-07-22T08:17:00.000Z,2898,10.000000000000009
2025-07-22T10:30:00.000Z,EUR/USD,SELL,2025-07-22T10:32:00.000Z,2898,9.999999999998899
2025-07-22T12:30:00.000Z,USD/JPY,BUY,2025-07-22T12:32:00.000Z,2898,-72.99999999999898
2025-07-22T13:15:00.000Z,AUD/JPY,BUY,2025-07-22T13:17:00.000Z,2898,10.499999999998977
2025-07-22T14:00:00.000Z,AUD/USD,SELL,2025-07-22T14:02:00.000Z,2898,-56.10000000000004
2025-07-22T14:30:00.000Z,AUD/JPY,BUY,2025-07-22T14:32:00.000Z,2898,0
2025-07-22T15:00:00.000Z,EUR/JPY,BUY,2025-07-22T15:02:00.000Z,2898,11.299999999999955
2025-07-22T17:15:00.000Z,USD/JPY,BUY,2025-07-22T17:17:00.000Z,2898,11.7999999999995
2025-07-22T17:15:00.000Z,AUD/USD,SELL,2025-07-22T17:17:00.000Z,2898,-35.50000000000053
2025-07-22T17:30:00.000Z,EUR/USD,SELL,2025-07-22T17:32:00.000Z,2898,9.999999999998899
2025-07-22T21:15:00.000Z,AUD/JPY,SELL,2025-07-22T21:17:00.000Z,2898,9.999999999999432
2025-07-22T23:30:00.000Z,USD/JPY,BUY,2025-07-22T23:32:00.000Z,2898,10.099999999999909
2025-07-23T10:45:00.000Z,EUR/JPY,BUY,2025-07-23T10:47:00.000Z,2898,12.20000000000141
2025-07-23T11:30:00.000Z,EUR/JPY,BUY,2025-07-23T11:32:00.000Z,2898,9.999999999999432
2025-07-23T12:15:00.000Z,EUR/JPY,BUY,2025-07-23T12:17:00.000Z,2898,0
2025-07-23T12:30:00.000Z,AUD/USD,SELL,2025-07-23T12:32:00.000Z,2898,10.000000000000009
2025-07-23T19:30:00.000Z,EUR/USD,SELL,2025-07-23T19:32:00.000Z,2898,9.999999999998899
2025-07-23T20:45:00.000Z,EUR/USD,SELL,2025-07-23T20:47:00.000Z,2898,9.999999999998899
2025-07-24T02:00:00.000Z,USD/JPY,BUY,2025-07-24T02:02:00.000Z,2898,9.999999999999432
2025-07-24T02:15:00.000Z,EUR/JPY,BUY,2025-07-24T02:17:00.000Z,2898,10.400000000001342
2025-07-24T04:00:00.000Z,AUD/USD,SELL,2025-07-24T04:02:00.000Z,2898,10.000000000000009
2025-07-24T06:00:00.000Z,AUD/USD,SELL,2025-07-24T06:02:00.000Z,2898,10.899999999999244
2025-07-24T10:00:00.000Z,AUD/JPY,SELL,2025-07-24T10:02:00.000Z,2898,9.999999999999432
2025-07-24T11:00:00.000Z,EUR/USD,BUY,2025-07-24T11:02:00.000Z,2898,10.499999999999954
2025-07-24T13:15:00.000Z,EUR/USD,BUY,2025-07-24T13:17:00.000Z,2898,15.399999999998748
2025-07-24T13:45:00.000Z,EUR/JPY,SELL,2025-07-24T13:47:00.000Z,2898,9.999999999999432
2025-07-24T16:30:00.000Z,EUR/JPY,SELL,2025-07-24T16:32:00.000Z,2898,9.999999999999432
2025-07-24T22:30:00.000Z,USD/JPY,SELL,2025-07-24T22:32:00.000Z,2898,9.999999999999432
2025-07-25T03:00:00.000Z,AUD/USD,BUY,2025-07-25T03:02:00.000Z,2898,-18.50000000000018
2025-07-25T05:15:00.000Z,AUD/USD,BUY,2025-07-25T05:17:00.000Z,2898,-11.399999999999189
2025-07-25T05:30:00.000Z,AUD/JPY,BUY,2025-07-25T05:32:00.000Z,2898,10.39999999999992
2025-07-25T06:15:00.000Z,AUD/JPY,BUY,2025-07-25T06:17:00.000Z,2898,9.999999999999432
2025-07-25T08:30:00.000Z,AUD/USD,BUY,2025-07-25T08:32:00.000Z,2898,-4.899999999999904
2025-07-25T09:45:00.000Z,AUD/USD,BUY,2025-07-25T09:47:00.000Z,2898,2.1999999999999797
2025-07-25T10:30:00.000Z,USD/JPY,SELL,2025-07-25T10:32:00.000Z,2898,10.199999999997544
2025-07-25T10:30:00.000Z,EUR/JPY,SELL,2025-07-25T10:32:00.000Z,2898,10.299999999998022
2025-07-25T11:45:00.000Z,USD/JPY,SELL,2025-07-25T11:47:00.000Z,2898,9.999999999999432
2025-07-25T11:45:00.000Z,EUR/USD,BUY,2025-07-25T11:47:00.000Z,2898,9.999999999998899
2025-07-25T13:30:00.000Z,EUR/USD,BUY,2025-07-25T13:32:00.000Z,2898,11.799999999997368
2025-07-27T22:30:00.000Z,EUR/JPY,SELL,2025-07-27T22:32:00.000Z,2899,9.999999999999432
2025-07-27T22:30:00.000Z,AUD/JPY,SELL,2025-07-27T22:32:00.000Z,2899,9.999999999999432
2025-07-27T23:45:00.000Z,EUR/USD,SELL,2025-07-27T23:47:00.000Z,2899,9.999999999998899
2025-07-28T00:00:00.000Z,EUR/JPY,SELL,2025-07-28T00:02:00.000Z,2899,11.899999999999977
2025-07-28T00:00:00.000Z,AUD/JPY,SELL,2025-07-28T00:02:00.000Z,2899,12.399999999999523
2025-07-28T00:45:00.000Z,EUR/USD,SELL,2025-07-28T00:47:00.000Z,2899,9.999999999998899
2025-07-28T01:30:00.000Z,AUD/USD,SELL,2025-07-28T01:32:00.000Z,2899,10.000000000000009
2025-07-28T07:00:00.000Z,USD/JPY,SELL,2025-07-28T07:02:00.000Z,2899,9.999999999999432
2025-07-28T08:30:00.000Z,EUR/JPY,BUY,2025-07-28T08:32:00.000Z,2899,-157.9999999999984
2025-07-28T08:45:00.000Z,AUD/JPY,BUY,2025-07-28T08:47:00.000Z,2899,10.899999999999466
2025-07-28T10:15:00.000Z,USD/JPY,SELL,2025-07-28T10:17:00.000Z,2899,11.599999999998545
2025-07-28T10:15:00.000Z,AUD/USD,BUY,2025-07-28T10:17:00.000Z,2899,-16.300000000000203
2025-07-28T10:45:00.000Z,EUR/JPY,BUY,2025-07-28T10:47:00.000Z,2899,-109.699999999998
2025-07-28T12:30:00.000Z,EUR/USD,BUY,2025-07-28T12:32:00.000Z,2899,-126.20000000000076
2025-07-28T14:00:00.000Z,EUR/JPY,BUY,2025-07-28T14:02:00.000Z,2899,-97.69999999999754
2025-07-28T14:30:00.000Z,EUR/JPY,BUY,2025-07-28T14:32:00.000Z,2899,9.999999999999432
2025-07-28T14:30:00.000Z,EUR/USD,BUY,2025-07-28T14:32:00.000Z,2899,-109.2000000000004
2025-07-28T16:30:00.000Z,EUR/JPY,BUY,2025-07-28T16:32:00.000Z,2899,-85.6000000000023
2025-07-28T18:45:00.000Z,EUR/JPY,BUY,2025-07-28T18:47:00.000Z,2899,10.799999999997567
2025-07-28T20:30:00.000Z,EUR/USD,BUY,2025-07-28T20:32:00.000Z,2899,-48.30000000000112
2025-07-28T21:15:00.000Z,EUR/USD,BUY,2025-07-28T21:17:00.000Z,2899,-47.099999999999916
2025-07-29T04:45:00.000Z,EUR/JPY,BUY,2025-07-29T04:47:00.000Z,2899,9.999999999999432
2025-07-29T07:30:00.000Z,EUR/JPY,BUY,2025-07-29T07:32:00.000Z,2899,9.999999999999432
2025-07-29T07:30:00.000Z,AUD/USD,BUY,2025-07-29T07:32:00.000Z,2899,11.900000000000244
2025-07-29T08:00:00.000Z,EUR/USD,BUY,2025-07-29T08:02:00.000Z,2899,11.099999999997223
2025-07-29T13:30:00.000Z,EUR/JPY,BUY,2025-07-29T13:32:00.000Z,2899,9.999999999999432
2025-07-29T13:30:00.000Z,EUR/USD,BUY,2025-07-29T13:32:00.000Z,2899,11.599999999998278
2025-07-29T15:30:00.000Z,EUR/JPY,BUY,2025-07-29T15:32:00.000Z,2899,9.999999999999432
2025-07-30T01:30:00.000Z,USD/JPY,BUY,2025-07-30T01:32:00.000Z,2899,13.599999999999568
2025-07-30T01:30:00.000Z,EUR/USD,SELL,2025-07-30T01:32:00.000Z,2899,10.599999999998388
2025-07-30T01:30:00.000Z,AUD/USD,SELL,2025-07-30T01:32:00.000Z,2899,10.000000000000009
2025-07-30T02:00:00.000Z,AUD/JPY,BUY,2025-07-30T02:02:00.000Z,2899,-45.40000000000077
2025-07-30T03:45:00.000Z,USD/JPY,BUY,2025-07-30T03:47:00.000Z,2899,13.100000000000023
2025-07-30T03:45:00.000Z,EUR/JPY,BUY,2025-07-30T03:47:00.000Z,2899,-119.5999999999998
2025-07-30T03:45:00.000Z,AUD/JPY,BUY,2025-07-30T03:47:00.000Z,2899,-42.900000000000205
2025-07-30T05:45:00.000Z,AUD/JPY,BUY,2025-07-30T05:47:00.000Z,2899,-13.299999999999557
2025-07-30T06:00:00.000Z,EUR/JPY,BUY,2025-07-30T06:02:00.000Z,2899,9.999999999999432
2025-07-30T07:30:00.000Z,AUD/JPY,BUY,2025-07-30T07:32:00.000Z,2899,10.899999999999466
2025-07-30T09:30:00.000Z,AUD/JPY,BUY,2025-07-30T09:32:00.000Z,2899,10.699999999999932
2025-07-30T12:00:00.000Z,EUR/USD,BUY,2025-07-30T12:02:00.000Z,2899,-82.40000000000025
2025-07-30T15:00:00.000Z,EUR/USD,BUY,2025-07-30T15:02:00.000Z,2899,9.999999999998899
2025-07-30T15:15:00.000Z,USD/JPY,SELL,2025-07-30T15:17:00.000Z,2899,10.099999999999909
2025-07-30T16:30:00.000Z,AUD/USD,BUY,2025-07-30T16:32:00.000Z,2899,10.000000000000009
2025-07-30T16:45:00.000Z,USD/JPY,SELL,2025-07-30T16:47:00.000Z,2899,9.999999999999432
2025-07-30T17:00:00.000Z,EUR/USD,BUY,2025-07-30T17:02:00.000Z,2899,-51.600000000000534
2025-07-30T19:15:00.000Z,USD/JPY,SELL,2025-07-30T19:17:00.000Z,2899,9.999999999999432
2025-07-30T19:45:00.000Z,USD/JPY,SELL,2025-07-30T19:47:00.000Z,2899,13.100000000000023
2025-07-30T19:45:00.000Z,EUR/JPY,BUY,2025-07-30T19:47:00.000Z,2899,9.999999999999432
2025-07-30T20:15:00.000Z,AUD/USD,BUY,2025-07-30T20:17:00.000Z,2899,10.000000000000009
2025-07-30T20:45:00.000Z,EUR/JPY,BUY,2025-07-30T20:47:00.000Z,2899,12.699999999998113
2025-07-30T21:15:00.000Z,USD/JPY,SELL,2025-07-30T21:17:00.000Z,2899,9.999999999999432
2025-07-30T21:30:00.000Z,EUR/JPY,BUY,2025-07-30T21:32:00.000Z,2899,9.999999999999432
2025-07-30T22:15:00.000Z,EUR/USD,BUY,2025-07-30T22:17:00.000Z,2899,9.999999999998899
2025-07-31T04:00:00.000Z,USD/JPY,BUY,2025-07-31T04:02:00.000Z,2899,9.999999999999432
2025-07-31T04:15:00.000Z,EUR/JPY,BUY,2025-07-31T04:17:00.000Z,2899,10.499999999998977
2025-07-31T05:30:00.000Z,AUD/USD,SELL,2025-07-31T05:32:00.000Z,2899,10.000000000000009
2025-07-31T06:45:00.000Z,AUD/USD,SELL,2025-07-31T06:47:00.000Z,2899,10.900000000000354
2025-07-31T07:15:00.000Z,EUR/USD,SELL,2025-07-31T07:17:00.000Z,2899,0
2025-07-31T08:00:00.000Z,USD/JPY,SELL,2025-07-31T08:02:00.000Z,2899,-115.60000000000059
2025-07-31T08:15:00.000Z,AUD/JPY,SELL,2025-07-31T08:17:00.000Z,2899,-29.300000000000637
2025-07-31T10:15:00.000Z,AUD/JPY,SELL,2025-07-31T10:17:00.000Z,2899,9.999999999999432
2025-07-31T11:15:00.000Z,USD/JPY,SELL,2025-07-31T11:17:00.000Z,2899,-43.20000000000164
2025-07-31T11:45:00.000Z,USD/JPY,SELL,2025-07-31T11:47:00.000Z,2899,-51.09999999999957
2025-07-31T12:15:00.000Z,EUR/JPY,SELL,2025-07-31T12:17:00.000Z,2899,-13.800000000000523
2025-07-31T13:00:00.000Z,EUR/JPY,SELL,2025-07-31T13:02:00.000Z,2899,10.3999999999985
2025-07-31T14:00:00.000Z,AUD/USD,BUY,2025-07-31T14:02:00.000Z,2899,11.900000000000244
2025-07-31T14:15:00.000Z,AUD/JPY,SELL,2025-07-31T14:17:00.000Z,2899,13.2000000000005
2025-07-31T14:45:00.000Z,USD/JPY,SELL,2025-07-31T14:47:00.000Z,2899,12.000000000000455
2025-07-31T14:45:00.000Z,AUD/JPY,SELL,2025-07-31T14:47:00.000Z,2899,9.999999999999432
2025-07-31T17:00:00.000Z,USD/JPY,SELL,2025-07-31T17:02:00.000Z,2899,9.999999999999432
2025-07-31T17:00:00.000Z,EUR/JPY,SELL,2025-07-31T17:02:00.000Z,2899,9.999999999999432
2025-07-31T19:00:00.000Z,EUR/JPY,SELL,2025-07-31T19:02:00.000Z,2899,16.70000000000016
2025-07-31T19:30:00.000Z,USD/JPY,SELL,2025-07-31T19:32:00.000Z,2899,9.999999999999432
2025-07-31T20:15:00.000Z,USD/JPY,SELL,2025-07-31T20:17:00.000Z,2899,12.299999999999045
2025-08-01T09:45:00.000Z,AUD/JPY,BUY,2025-08-01T09:47:00.000Z,2899,-132.50000000000028
2025-08-01T09:45:00.000Z,AUD/USD,BUY,2025-08-01T09:47:00.000Z,2899,10.800000000000809
2025-08-01T10:15:00.000Z,EUR/JPY,BUY,2025-08-01T10:17:00.000Z,2899,10.699999999999932
2025-08-01T11:15:00.000Z,AUD/JPY,BUY,2025-08-01T11:17:00.000Z,2899,-135.29999999999944
2025-08-01T13:45:00.000Z,AUD/USD,SELL,2025-08-01T13:47:00.000Z,2899,10.000000000000009
2025-08-01T15:30:00.000Z,EUR/USD,SELL,2025-08-01T15:32:00.000Z,2899,14.899999999999913
2025-08-01T15:45:00.000Z,EUR/JPY,BUY,2025-08-01T15:47:00.000Z,2899,9.999999999999432
2025-08-01T18:30:00.000Z,EUR/JPY,BUY,2025-08-01T18:32:00.000Z,2899,9.999999999999432
2025-08-01T18:45:00.000Z,AUD/JPY,BUY,2025-08-01T18:47:00.000Z,2899,-2.400000000000091
2025-08-01T20:15:00.000Z,AUD/JPY,BUY,2025-08-01T20:17:00.000Z,2899,2.5000000000005684
2025-08-03T23:30:00.000Z,USD/JPY,BUY,2025-08-03T23:32:00.000Z,2900,9.999999999999432
2025-08-04T12:15:00.000Z,EUR/JPY,BUY,2025-08-04T12:17:00.000Z,2900,-11.400000000000432
2025-08-04T13:00:00.000Z,USD/JPY,BUY,2025-08-04T13:02:00.000Z,2900,14.499999999998181
2025-08-04T13:30:00.000Z,USD/JPY,BUY,2025-08-04T13:32:00.000Z,2900,14.699999999999136
2025-08-04T13:30:00.000Z,EUR/JPY,BUY,2025-08-04T13:32:00.000Z,2900,14.099999999999113
2025-08-04T13:30:00.000Z,AUD/JPY,BUY,2025-08-04T13:32:00.000Z,2900,4.300000000000637
2025-08-04T14:15:00.000Z,EUR/JPY,BUY,2025-08-04T14:17:00.000Z,2900,9.999999999999432
2025-08-04T14:45:00.000Z,EUR/JPY,BUY,2025-08-04T14:47:00.000Z,2900,17.900000000000205
2025-08-04T14:45:00.000Z,AUD/JPY,BUY,2025-08-04T14:47:00.000Z,2900,14.300000000000068
2025-08-04T16:30:00.000Z,AUD/JPY,BUY,2025-08-04T16:32:00.000Z,2900,10.599999999999454
2025-08-04T19:15:00.000Z,EUR/JPY,BUY,2025-08-04T19:17:00.000Z,2900,9.999999999999432
2025-08-04T19:30:00.000Z,AUD/JPY,BUY,2025-08-04T19:32:00.000Z,2900,9.999999999999432
2025-08-04T23:30:00.000Z,USD/JPY,BUY,2025-08-04T23:32:00.000Z,2900,9.999999999999432
2025-08-05T09:15:00.000Z,USD/JPY,SELL,2025-08-05T09:17:00.000Z,2900,9.999999999999432
2025-08-05T10:30:00.000Z,USD/JPY,SELL,2025-08-05T10:32:00.000Z,2900,10.80000000000041
2025-08-05T10:30:00.000Z,EUR/JPY,SELL,2025-08-05T10:32:00.000Z,2900,12.300000000001887
2025-08-05T10:30:00.000Z,AUD/JPY,SELL,2025-08-05T10:32:00.000Z,2900,9.999999999999432
2025-08-05T13:45:00.000Z,AUD/JPY,SELL,2025-08-05T13:47:00.000Z,2900,11.199999999999477
2025-08-05T16:00:00.000Z,EUR/USD,SELL,2025-08-05T16:02:00.000Z,2900,11.199999999997878
2025-08-05T16:30:00.000Z,EUR/JPY,SELL,2025-08-05T16:32:00.000Z,2900,12.000000000000455
2025-08-05T16:30:00.000Z,EUR/USD,SELL,2025-08-05T16:32:00.000Z,2900,11.399999999996968
2025-08-05T17:15:00.000Z,EUR/JPY,SELL,2025-08-05T17:17:00.000Z,2900,9.999999999999432
2025-08-05T18:15:00.000Z,EUR/JPY,SELL,2025-08-05T18:17:00.000Z,2900,11.100000000001842
2025-08-06T02:30:00.000Z,AUD/JPY,SELL,2025-08-06T02:32:00.000Z,2900,-27.40000000000009
2025-08-06T05:15:00.000Z,AUD/USD,SELL,2025-08-06T05:17:00.000Z,2900,-21.700000000000053
2025-08-06T08:00:00.000Z,AUD/JPY,SELL,2025-08-06T08:02:00.000Z,2900,9.999999999999432
2025-08-06T09:45:00.000Z,EUR/JPY,SELL,2025-08-06T09:47:00.000Z,2900,-84.00000000000034
2025-08-06T09:45:00.000Z,AUD/JPY,SELL,2025-08-06T09:47:00.000Z,2900,11.599999999998545
2025-08-06T10:15:00.000Z,AUD/JPY,SELL,2025-08-06T10:17:00.000Z,2900,10.699999999999932
2025-08-06T10:30:00.000Z,EUR/USD,SELL,2025-08-06T10:32:00.000Z,2900,-67.80000000000008
2025-08-06T10:45:00.000Z,EUR/JPY,SELL,2025-08-06T10:47:00.000Z,2900,10.3999999999985
2025-08-06T11:45:00.000Z,EUR/USD,SELL,2025-08-06T11:47:00.000Z,2900,-29.90000000000048
2025-08-06T12:15:00.000Z,AUD/USD,SELL,2025-08-06T12:17:00.000Z,2900,10.000000000000009
2025-08-06T13:30:00.000Z,EUR/JPY,SELL,2025-08-06T13:32:00.000Z,2900,11.400000000000432
2025-08-06T13:30:00.000Z,EUR/USD,SELL,2025-08-06T13:32:00.000Z,2900,-29.700000000001392
2025-08-06T14:15:00.000Z,EUR/USD,SELL,2025-08-06T14:17:00.000Z,2900,-4.8000000000003595
2025-08-06T15:00:00.000Z,AUD/JPY,BUY,2025-08-06T15:02:00.000Z,2900,10.499999999998977
2025-08-06T16:00:00.000Z,EUR/JPY,SELL,2025-08-06T16:02:00.000Z,2900,9.999999999999432
2025-08-06T19:00:00.000Z,EUR/USD,SELL,2025-08-06T19:02:00.000Z,2900,9.999999999998899
2025-08-06T21:00:00.000Z,EUR/JPY,SELL,2025-08-06T21:10:00.000Z,2900,9.999999999999432
2025-08-06T21:30:00.000Z,EUR/JPY,SELL,2025-08-06T21:32:00.000Z,2900,9.999999999999432
2025-08-07T02:00:00.000Z,EUR/JPY,SELL,2025-08-07T02:02:00.000Z,2900,9.999999999999432
2025-08-07T02:00:00.000Z,AUD/JPY,SELL,2025-08-07T02:02:00.000Z,2900,9.999999999999432
2025-08-07T05:00:00.000Z,AUD/USD,SELL,2025-08-07T05:02:00.000Z,2900,10.499999999999954
2025-08-07T07:00:00.000Z,AUD/USD,SELL,2025-08-07T07:02:00.000Z,2900,10.000000000000009
2025-08-07T07:15:00.000Z,EUR/JPY,BUY,2025-08-07T07:17:00.000Z,2900,9.999999999999432
2025-08-07T08:15:00.000Z,USD/JPY,BUY,2025-08-07T08:17:00.000Z,2900,9.999999999999432
2025-08-07T08:15:00.000Z,EUR/USD,SELL,2025-08-07T08:17:00.000Z,2900,9.999999999998899
2025-08-07T08:15:00.000Z,AUD/USD,SELL,2025-08-07T08:17:00.000Z,2900,10.000000000000009
2025-08-07T12:00:00.000Z,EUR/USD,BUY,2025-08-07T12:02:00.000Z,2900,12.699999999998823
2025-08-07T15:00:00.000Z,EUR/USD,BUY,2025-08-07T15:02:00.000Z,2900,13.199999999997658
2025-08-07T15:30:00.000Z,AUD/USD,BUY,2025-08-07T15:32:00.000Z,2900,11.300000000000754
2025-08-08T06:15:00.000Z,EUR/USD,BUY,2025-08-08T06:17:00.000Z,2900,9.999999999998899
2025-08-08T07:00:00.000Z,AUD/JPY,SELL,2025-08-08T07:02:00.000Z,2900,-24.00000000000091
2025-08-08T08:00:00.000Z,AUD/JPY,SELL,2025-08-08T08:02:00.000Z,2900,-17.200000000001125
2025-08-08T09:15:00.000Z,AUD/JPY,SELL,2025-08-08T09:17:00.000Z,2900,-14.000000000000057
2025-08-08T09:45:00.000Z,EUR/USD,BUY,2025-08-08T09:47:00.000Z,2900,9.999999999998899
2025-08-08T12:15:00.000Z,AUD/JPY,SELL,2025-08-08T12:17:00.000Z,2900,9.999999999999432
2025-08-08T12:45:00.000Z,EUR/JPY,SELL,2025-08-08T12:47:00.000Z,2900,3.1999999999982265
2025-08-08T14:15:00.000Z,AUD/JPY,SELL,2025-08-08T14:17:00.000Z,2900,3.900000000000148
2025-08-11T02:45:00.000Z,EUR/USD,SELL,2025-08-11T02:47:00.000Z,2901,9.999999999998899
2025-08-11T04:00:00.000Z,USD/JPY,BUY,2025-08-11T04:02:00.000Z,2901,11.499999999998067
2025-08-11T05:00:00.000Z,EUR/USD,SELL,2025-08-11T05:02:00.000Z,2901,9.999999999998899
2025-08-11T08:15:00.000Z,AUD/JPY,BUY,2025-08-11T08:17:00.000Z,2901,0
2025-08-11T08:15:00.000Z,EUR/USD,BUY,2025-08-11T08:17:00.000Z,2901,-33.70000000000095
2025-08-11T08:30:00.000Z,EUR/JPY,BUY,2025-08-11T08:32:00.000Z,2901,9.999999999999432
2025-08-11T10:15:00.000Z,EUR/USD,BUY,2025-08-11T10:17:00.000Z,2901,-32.00000000000092
2025-08-11T13:00:00.000Z,USD/JPY,SELL,2025-08-11T13:02:00.000Z,2901,-19.599999999999795
2025-08-11T13:00:00.000Z,AUD/USD,BUY,2025-08-11T13:02:00.000Z,2901,10.899999999999244
2025-08-11T13:45:00.000Z,EUR/USD,BUY,2025-08-11T13:47:00.000Z,2901,9.999999999998899
2025-08-11T15:30:00.000Z,USD/JPY,SELL,2025-08-11T15:32:00.000Z,2901,12.700000000000955
2025-08-11T15:30:00.000Z,EUR/USD,BUY,2025-08-11T15:32:00.000Z,2901,14.099999999999113
2025-08-11T19:15:00.000Z,AUD/JPY,SELL,2025-08-11T19:17:00.000Z,2901,9.999999999999432
2025-08-11T20:15:00.000Z,USD/JPY,SELL,2025-08-11T20:17:00.000Z,2901,9.999999999999432
2025-08-12T01:15:00.000Z,USD/JPY,SELL,2025-08-12T01:17:00.000Z,2901,10.200000000000387
2025-08-12T01:15:00.000Z,AUD/JPY,SELL,2025-08-12T01:17:00.000Z,2901,9.999999999999432
2025-08-12T01:45:00.000Z,EUR/JPY,SELL,2025-08-12T01:47:00.000Z,2901,10.199999999997544
2025-08-12T04:00:00.000Z,AUD/JPY,SELL,2025-08-12T04:02:00.000Z,2901,9.999999999999432
2025-08-12T05:15:00.000Z,EUR/JPY,SELL,2025-08-12T05:17:00.000Z,2901,9.999999999999432
2025-08-12T07:00:00.000Z,AUD/JPY,BUY,2025-08-12T07:02:00.000Z,2901,9.999999999999432
2025-08-12T13:00:00.000Z,EUR/USD,SELL,2025-08-12T13:02:00.000Z,2901,-58.700000000000415
2025-08-12T13:15:00.000Z,USD/JPY,BUY,2025-08-12T13:17:00.000Z,2901,14.099999999999113
2025-08-12T14:45:00.000Z,EUR/JPY,SELL,2025-08-12T14:47:00.000Z,2901,10.499999999998977
2025-08-12T16:00:00.000Z,USD/JPY,BUY,2025-08-12T16:02:00.000Z,2901,9.999999999999432
2025-08-12T16:00:00.000Z,EUR/USD,SELL,2025-08-12T16:02:00.000Z,2901,-40.800000000000836
2025-08-12T16:00:00.000Z,AUD/USD,SELL,2025-08-12T16:02:00.000Z,2901,10.000000000000009
2025-08-13T02:30:00.000Z,USD/JPY,SELL,2025-08-13T02:32:00.000Z,2901,0
2025-08-13T03:00:00.000Z,AUD/JPY,SELL,2025-08-13T03:02:00.000Z,2901,10.999999999999943
2025-08-13T03:45:00.000Z,EUR/JPY,SELL,2025-08-13T03:47:00.000Z,2901,12.20000000000141
2025-08-13T04:45:00.000Z,EUR/JPY,SELL,2025-08-13T04:47:00.000Z,2901,10.999999999998522
2025-08-13T08:45:00.000Z,AUD/USD,SELL,2025-08-13T08:47:00.000Z,2901,11.299999999999644
2025-08-13T09:30:00.000Z,EUR/JPY,BUY,2025-08-13T09:32:00.000Z,2901,9.999999999999432
2025-08-13T10:30:00.000Z,USD/JPY,BUY,2025-08-13T10:32:00.000Z,2901,10.499999999998977
2025-08-13T10:30:00.000Z,EUR/USD,SELL,2025-08-13T10:32:00.000Z,2901,9.999999999998899
2025-08-13T10:30:00.000Z,AUD/USD,SELL,2025-08-13T10:32:00.000Z,2901,10.399999999999299
2025-08-14T00:30:00.000Z,AUD/USD,SELL,2025-08-14T00:32:00.000Z,2901,12.000000000000899
2025-08-14T01:45:00.000Z,AUD/JPY,BUY,2025-08-14T01:47:00.000Z,2901,-45.90000000000032
2025-08-14T02:30:00.000Z,USD/JPY,BUY,2025-08-14T02:32:00.000Z,2901,9.999999999999432
2025-08-14T02:30:00.000Z,AUD/USD,SELL,2025-08-14T02:32:00.000Z,2901,10.000000000000009
2025-08-14T03:00:00.000Z,EUR/JPY,BUY,2025-08-14T03:02:00.000Z,2901,13.999999999998636
2025-08-14T04:45:00.000Z,AUD/JPY,BUY,2025-08-14T04:47:00.000Z,2901,9.999999999999432
2025-08-14T05:15:00.000Z,USD/JPY,BUY,2025-08-14T05:17:00.000Z,2901,9.999999999999432
2025-08-14T05:15:00.000Z,AUD/JPY,BUY,2025-08-14T05:17:00.000Z,2901,-32.89999999999935
2025-08-14T05:30:00.000Z,EUR/JPY,BUY,2025-08-14T05:32:00.000Z,2901,9.999999999999432
2025-08-14T06:00:00.000Z,EUR/JPY,BUY,2025-08-14T06:02:00.000Z,2901,10.599999999999454
2025-08-14T06:45:00.000Z,USD/JPY,BUY,2025-08-14T06:47:00.000Z,2901,9.999999999999432
2025-08-14T07:15:00.000Z,EUR/USD,BUY,2025-08-14T07:17:00.000Z,2901,-11.799999999999589
2025-08-14T08:00:00.000Z,EUR/JPY,BUY,2025-08-14T08:02:00.000Z,2901,9.999999999999432
2025-08-14T08:00:00.000Z,AUD/JPY,BUY,2025-08-14T08:02:00.000Z,2901,9.999999999999432
2025-08-14T08:15:00.000Z,AUD/USD,BUY,2025-08-14T08:17:00.000Z,2901,-22.599999999999287
2025-08-14T08:30:00.000Z,EUR/USD,BUY,2025-08-14T08:32:00.000Z,2901,9.999999999998899
2025-08-14T09:15:00.000Z,EUR/JPY,BUY,2025-08-14T09:17:00.000Z,2901,12.399999999999523
2025-08-14T09:15:00.000Z,AUD/JPY,BUY,2025-08-14T09:17:00.000Z,2901,10.39999999999992
2025-08-14T09:15:00.000Z,EUR/USD,BUY,2025-08-14T09:17:00.000Z,2901,10.899999999998133
2025-08-14T09:15:00.000Z,AUD/USD,BUY,2025-08-14T09:17:00.000Z,2901,-22.49999999999974
2025-08-14T14:30:00.000Z,EUR/USD,BUY,2025-08-14T14:32:00.000Z,2901,9.999999999998899
2025-08-14T14:30:00.000Z,AUD/USD,BUY,2025-08-14T14:32:00.000Z,2901,10.000000000000009
2025-08-14T15:45:00.000Z,EUR/JPY,SELL,2025-08-14T15:47:00.000Z,2901,13.49999999999909
2025-08-14T16:00:00.000Z,EUR/USD,BUY,2025-08-14T16:02:00.000Z,2901,11.099999999999444
2025-08-14T16:30:00.000Z,EUR/USD,BUY,2025-08-14T16:32:00.000Z,2901,12.499999999999734
2025-08-14T17:00:00.000Z,AUD/USD,BUY,2025-08-14T17:02:00.000Z,2901,0
2025-08-14T19:15:00.000Z,USD/JPY,SELL,2025-08-14T19:17:00.000Z,2901,9.999999999999432
2025-08-15T02:30:00.000Z,USD/JPY,BUY,2025-08-15T02:32:00.000Z,2901,-17.600000000001614
2025-08-15T02:45:00.000Z,EUR/JPY,BUY,2025-08-15T02:47:00.000Z,2901,9.999999999999432
2025-08-15T02:45:00.000Z,AUD/JPY,BUY,2025-08-15T02:47:00.000Z,2901,9.999999999999432
2025-08-15T04:45:00.000Z,EUR/JPY,BUY,2025-08-15T04:47:00.000Z,2901,9.999999999999432
2025-08-15T05:30:00.000Z,EUR/JPY,BUY,2025-08-15T05:32:00.000Z,2901,9.999999999999432
2025-08-15T05:45:00.000Z,USD/JPY,BUY,2025-08-15T05:47:00.000Z,2901,9.999999999999432
2025-08-15T06:30:00.000Z,USD/JPY,BUY,2025-08-15T06:32:00.000Z,2901,11.7999999999995
2025-08-15T06:30:00.000Z,EUR/USD,SELL,2025-08-15T06:32:00.000Z,2901,-40.399999999998215
2025-08-15T08:30:00.000Z,EUR/USD,SELL,2025-08-15T08:32:00.000Z,2901,-30.199999999998006
2025-08-15T10:00:00.000Z,USD/JPY,BUY,2025-08-15T10:02:00.000Z,2901,13.800000000000523
2025-08-15T10:30:00.000Z,EUR/USD,SELL,2025-08-15T10:32:00.000Z,2901,11.299999999998533
2025-08-15T14:30:00.000Z,EUR/JPY,SELL,2025-08-15T14:32:00.000Z,2901,-30.099999999998772
2025-08-15T15:15:00.000Z,EUR/USD,SELL,2025-08-15T15:17:00.000Z,2901,-4.3999999999999595
2025-08-15T19:00:00.000Z,EUR/JPY,SELL,2025-08-15T19:02:00.000Z,2901,-3.100000000000591
2025-08-18T00:00:00.000Z,EUR/JPY,SELL,2025-08-18T00:02:00.000Z,2902,17.599999999998772
2025-08-18T00:30:00.000Z,AUD/JPY,SELL,2025-08-18T00:32:00.000Z,2902,10.599999999999454
2025-08-18T01:45:00.000Z,AUD/JPY,SELL,2025-08-18T01:47:00.000Z,2902,10.599999999999454
2025-08-18T08:30:00.000Z,EUR/USD,BUY,2025-08-18T08:32:00.000Z,2902,-9.500000000000064
2025-08-18T13:00:00.000Z,USD/JPY,SELL,2025-08-18T13:02:00.000Z,2902,10.999999999998522
2025-08-18T13:45:00.000Z,EUR/JPY,SELL,2025-08-18T13:47:00.000Z,2902,12.000000000000455
2025-08-18T14:15:00.000Z,USD/JPY,SELL,2025-08-18T14:17:00.000Z,2902,10.699999999999932
2025-08-18T14:15:00.000Z,EUR/JPY,SELL,2025-08-18T14:17:00.000Z,2902,9.999999999999432
2025-08-18T15:30:00.000Z,USD/JPY,SELL,2025-08-18T15:32:00.000Z,2902,13.800000000000523
2025-08-18T15:45:00.000Z,AUD/USD,BUY,2025-08-18T15:47:00.000Z,2902,-30.600000000000627
2025-08-19T01:45:00.000Z,EUR/USD,BUY,2025-08-19T01:47:00.000Z,2902,9.999999999998899
2025-08-19T02:30:00.000Z,EUR/JPY,BUY,2025-08-19T02:32:00.000Z,2902,10.199999999997544
2025-08-19T06:15:00.000Z,AUD/JPY,BUY,2025-08-19T06:17:00.000Z,2902,9.999999999999432
2025-08-19T08:15:00.000Z,EUR/USD,SELL,2025-08-19T08:17:00.000Z,2902,10.200000000000209
2025-08-19T10:45:00.000Z,EUR/USD,SELL,2025-08-19T10:47:00.000Z,2902,9.999999999998899
2025-08-19T14:30:00.000Z,AUD/JPY,BUY,2025-08-19T14:32:00.000Z,2902,-103.49999999999966
2025-08-19T17:30:00.000Z,EUR/JPY,BUY,2025-08-19T17:32:00.000Z,2902,-41.70000000000016
2025-08-19T19:00:00.000Z,EUR/USD,BUY,2025-08-19T19:02:00.000Z,2902,10.699999999999044
2025-08-19T19:30:00.000Z,EUR/JPY,BUY,2025-08-19T19:32:00.000Z,2902,9.999999999999432
2025-08-19T19:30:00.000Z,AUD/USD,BUY,2025-08-19T19:32:00.000Z,2902,-17.50000000000029
2025-08-19T20:00:00.000Z,AUD/JPY,BUY,2025-08-19T20:02:00.000Z,2902,-44.299999999999784
2025-08-20T00:45:00.000Z,EUR/USD,BUY,2025-08-20T00:47:00.000Z,2902,9.999999999998899
2025-08-20T01:45:00.000Z,EUR/USD,BUY,2025-08-20T01:47:00.000Z,2902,9.999999999998899
2025-08-20T01:45:00.000Z,AUD/USD,BUY,2025-08-20T01:47:00.000Z,2902,-15.600000000000058
2025-08-20T02:30:00.000Z,EUR/JPY,BUY,2025-08-20T02:32:00.000Z,2902,12.999999999999545
2025-08-20T02:30:00.000Z,EUR/USD,BUY,2025-08-20T02:32:00.000Z,2902,9.999999999998899
2025-08-20T03:00:00.000Z,EUR/USD,BUY,2025-08-20T03:02:00.000Z,2902,9.999999999998899
2025-08-20T03:00:00.000Z,AUD/USD,BUY,2025-08-20T03:02:00.000Z,2902,10.000000000000009
2025-08-20T03:30:00.000Z,AUD/JPY,BUY,2025-08-20T03:32:00.000Z,2902,12.699999999999534
2025-08-20T04:15:00.000Z,AUD/JPY,BUY,2025-08-20T04:17:00.000Z,2902,9.999999999999432
2025-08-20T06:45:00.000Z,EUR/JPY,BUY,2025-08-20T06:47:00.000Z,2902,9.999999999999432
2025-08-20T07:00:00.000Z,USD/JPY,BUY,2025-08-20T07:02:00.000Z,2902,13.79999999999768
2025-08-20T13:15:00.000Z,EUR/USD,SELL,2025-08-20T13:17:00.000Z,2902,10.399999999999299
2025-08-20T15:15:00.000Z,USD/JPY,BUY,2025-08-20T15:17:00.000Z,2902,9.999999999999432
2025-08-20T15:15:00.000Z,AUD/JPY,BUY,2025-08-20T15:17:00.000Z,2902,9.999999999999432
2025-08-21T07:15:00.000Z,EUR/USD,BUY,2025-08-21T07:17:00.000Z,2902,-37.400000000000766
2025-08-21T08:15:00.000Z,EUR/JPY,SELL,2025-08-21T08:17:00.000Z,2902,9.999999999999432
2025-08-21T10:00:00.000Z,EUR/JPY,SELL,2025-08-21T10:02:00.000Z,2902,12.199999999998568
2025-08-21T11:00:00.000Z,EUR/JPY,SELL,2025-08-21T11:02:00.000Z,2902,19.599999999999795
2025-08-21T11:30:00.000Z,EUR/JPY,SELL,2025-08-21T11:32:00.000Z,2902,9.999999999999432
2025-08-21T11:45:00.000Z,AUD/JPY,SELL,2025-08-21T11:47:00.000Z,2902,-40.800000000000125
2025-08-21T12:15:00.000Z,USD/JPY,SELL,2025-08-21T12:17:00.000Z,2902,9.999999999999432
2025-08-21T14:15:00.000Z,EUR/USD,BUY,2025-08-21T14:17:00.000Z,2902,9.999999999998899
2025-08-21T15:00:00.000Z,EUR/USD,BUY,2025-08-21T15:02:00.000Z,2902,9.999999999998899
2025-08-21T15:30:00.000Z,USD/JPY,SELL,2025-08-21T15:32:00.000Z,2902,17.399999999997817
2025-08-21T15:30:00.000Z,EUR/USD,BUY,2025-08-21T15:32:00.000Z,2902,13.699999999998713
2025-08-21T16:00:00.000Z,AUD/JPY,SELL,2025-08-21T16:02:00.000Z,2902,3.0000000000001137
2025-08-21T16:30:00.000Z,USD/JPY,SELL,2025-08-21T16:32:00.000Z,2902,9.999999999999432
2025-08-21T19:45:00.000Z,USD/JPY,SELL,2025-08-21T19:47:00.000Z,2902,10.3999999999985
2025-08-22T04:15:00.000Z,EUR/USD,BUY,2025-08-22T04:17:00.000Z,2902,11.900000000000244
2025-08-22T04:45:00.000Z,USD/JPY,SELL,2025-08-22T04:47:00.000Z,2902,11.50000000000091
2025-08-22T04:45:00.000Z,EUR/USD,BUY,2025-08-22T04:47:00.000Z,2902,10.999999999998789
2025-08-22T05:15:00.000Z,USD/JPY,SELL,2025-08-22T05:17:00.000Z,2902,9.999999999999432
2025-08-22T05:15:00.000Z,EUR/USD,BUY,2025-08-22T05:17:00.000Z,2902,9.999999999998899
2025-08-22T15:00:00.000Z,EUR/JPY,BUY,2025-08-22T15:02:00.000Z,2902,14.699999999999136
2025-08-22T16:00:00.000Z,AUD/JPY,BUY,2025-08-22T16:02:00.000Z,2902,9.999999999999432
2025-08-22T18:45:00.000Z,USD/JPY,BUY,2025-08-22T18:47:00.000Z,2902,9.999999999999432
2025-08-22T18:45:00.000Z,EUR/USD,SELL,2025-08-22T18:47:00.000Z,2902,0
2025-08-22T18:45:00.000Z,AUD/USD,SELL,2025-08-22T18:47:00.000Z,2902,-3.4000000000000696
2025-08-25T00:00:00.000Z,AUD/JPY,SELL,2025-08-25T00:02:00.000Z,2903,14.900000000000091
2025-08-25T00:45:00.000Z,USD/JPY,SELL,2025-08-25T00:47:00.000Z,2903,9.999999999999432
2025-08-25T00:45:00.000Z,EUR/JPY,SELL,2025-08-25T00:47:00.000Z,2903,9.999999999999432
2025-08-25T00:45:00.000Z,AUD/JPY,SELL,2025-08-25T00:47:00.000Z,2903,9.999999999999432
2025-08-25T07:00:00.000Z,AUD/USD,SELL,2025-08-25T07:02:00.000Z,2903,10.000000000000009
2025-08-25T19:45:00.000Z,USD/JPY,SELL,2025-08-25T19:47:00.000Z,2903,10.099999999999909
2025-08-25T20:15:00.000Z,EUR/JPY,BUY,2025-08-25T20:17:00.000Z,2903,9.999999999999432
2025-08-25T20:15:00.000Z,AUD/USD,BUY,2025-08-25T20:17:00.000Z,2903,10.000000000000009
2025-08-25T20:45:00.000Z,EUR/USD,BUY,2025-08-25T20:47:00.000Z,2903,9.999999999998899
2025-08-25T21:00:00.000Z,EUR/JPY,BUY,2025-08-25T21:10:00.000Z,2903,9.999999999999432
2025-08-25T21:15:00.000Z,EUR/USD,BUY,2025-08-25T21:17:00.000Z,2903,9.999999999998899
2025-08-25T22:00:00.000Z,EUR/USD,BUY,2025-08-25T22:02:00.000Z,2903,9.999999999998899
2025-08-25T22:15:00.000Z,EUR/JPY,BUY,2025-08-25T22:17:00.000Z,2903,9.999999999999432
2025-08-26T00:15:00.000Z,EUR/USD,BUY,2025-08-26T00:17:00.000Z,2903,12.399999999999078
2025-08-26T00:30:00.000Z,EUR/JPY,BUY,2025-08-26T00:32:00.000Z,2903,16.499999999999204
2025-08-26T01:15:00.000Z,USD/JPY,BUY,2025-08-26T01:17:00.000Z,2903,9.999999999999432
2025-08-26T01:15:00.000Z,EUR/JPY,BUY,2025-08-26T01:17:00.000Z,2903,9.999999999999432
2025-08-26T01:15:00.000Z,AUD/JPY,BUY,2025-08-26T01:17:00.000Z,2903,9.999999999999432
2025-08-26T02:15:00.000Z,AUD/JPY,BUY,2025-08-26T02:17:00.000Z,2903,9.999999999999432
2025-08-27T02:00:00.000Z,AUD/JPY,SELL,2025-08-27T02:02:00.000Z,2903,9.999999999999432
2025-08-27T02:45:00.000Z,EUR/USD,BUY,2025-08-27T02:47:00.000Z,2903,9.999999999998899
2025-08-27T05:15:00.000Z,EUR/USD,BUY,2025-08-27T05:17:00.000Z,2903,9.999999999998899
2025-08-27T05:45:00.000Z,USD/JPY,SELL,2025-08-27T05:47:00.000Z,2903,10.899999999998045
2025-08-27T08:00:00.000Z,AUD/USD,BUY,2025-08-27T08:02:00.000Z,2903,10.700000000000154
2025-08-27T09:00:00.000Z,AUD/JPY,BUY,2025-08-27T09:02:00.000Z,2903,10.80000000000041
2025-08-27T09:00:00.000Z,AUD/USD,BUY,2025-08-27T09:02:00.000Z,2903,11.400000000000299
2025-08-27T09:15:00.000Z,EUR/JPY,BUY,2025-08-27T09:17:00.000Z,2903,12.20000000000141
2025-08-27T09:30:00.000Z,EUR/USD,BUY,2025-08-27T09:32:00.000Z,2903,12.199999999997768
2025-08-27T09:30:00.000Z,AUD/USD,BUY,2025-08-27T09:32:00.000Z,2903,10.099999999999554
2025-08-27T11:15:00.000Z,EUR/USD,BUY,2025-08-27T11:17:00.000Z,2903,10.599999999998388
2025-08-27T11:15:00.000Z,AUD/USD,BUY,2025-08-27T11:17:00.000Z,2903,10.299999999999754
2025-08-27T12:00:00.000Z,AUD/USD,BUY,2025-08-27T12:02:00.000Z,2903,10.000000000000009
2025-08-27T18:15:00.000Z,USD/JPY,BUY,2025-08-27T18:17:00.000Z,2903,-60.90000000000089
2025-08-27T18:15:00.000Z,EUR/USD,SELL,2025-08-27T18:17:00.000Z,2903,-56.30000000000024
2025-08-27T19:15:00.000Z,AUD/USD,SELL,2025-08-27T19:17:00.000Z,2903,-25.600000000000065
2025-08-27T22:00:00.000Z,USD/JPY,BUY,2025-08-27T22:02:00.000Z,2903,-46.299999999999386
2025-08-27T22:00:00.000Z,AUD/JPY,BUY,2025-08-27T22:02:00.000Z,2903,9.999999999999432
2025-08-28T00:15:00.000Z,EUR/USD,SELL,2025-08-28T00:17:00.000Z,2903,11.099999999999444
2025-08-28T01:30:00.000Z,EUR/USD,SELL,2025-08-28T01:32:00.000Z,2903,11.199999999997878
2025-08-28T01:30:00.000Z,AUD/USD,SELL,2025-08-28T01:32:00.000Z,2903,-18.399999999999526
2025-08-28T03:30:00.000Z,AUD/USD,SELL,2025-08-28T03:32:00.000Z,2903,10.000000000000009
2025-08-28T11:15:00.000Z,EUR/USD,SELL,2025-08-28T11:17:00.000Z,2903,-0.9999999999998899
2025-08-28T11:45:00.000Z,USD/JPY,BUY,2025-08-28T11:47:00.000Z,2903,9.999999999999432
2025-08-28T13:00:00.000Z,EUR/USD,SELL,2025-08-28T13:02:00.000Z,2903,9.999999999998899
2025-08-28T17:30:00.000Z,USD/JPY,BUY,2025-08-28T17:32:00.000Z,2903,0
2025-08-29T01:45:00.000Z,EUR/USD,BUY,2025-08-29T01:47:00.000Z,2903,12.000000000000899
2025-08-29T02:15:00.000Z,EUR/USD,BUY,2025-08-29T02:17:00.000Z,2903,9.999999999998899
2025-08-29T13:00:00.000Z,USD/JPY,SELL,2025-08-29T13:02:00.000Z,2903,9.999999999999432
2025-08-29T15:00:00.000Z,AUD/USD,SELL,2025-08-29T15:02:00.000Z,2903,2.4000000000001798
2025-08-29T15:15:00.000Z,USD/JPY,BUY,2025-08-29T15:17:00.000Z,2903,9.999999999999432
2025-08-29T16:00:00.000Z,EUR/USD,SELL,2025-08-29T16:02:00.000Z,2903,5.00000000000167
2025-08-31T23:45:00.000Z,USD/JPY,SELL,2025-08-31T23:47:00.000Z,2904,10.099999999999909
2025-09-01T00:30:00.000Z,EUR/JPY,SELL,2025-09-01T00:32:00.000Z,2904,12.700000000000955
2025-09-01T01:15:00.000Z,AUD/JPY,SELL,2025-09-01T01:17:00.000Z,2904,9.999999999999432
2025-09-01T02:00:00.000Z,USD/JPY,SELL,2025-09-01T02:02:00.000Z,2904,9.999999999999432
2025-09-01T02:15:00.000Z,EUR/JPY,SELL,2025-09-01T02:17:00.000Z,2904,-52.899999999999636
2025-09-01T03:30:00.000Z,EUR/USD,SELL,2025-09-01T03:32:00.000Z,2904,10.399999999997078
2025-09-01T07:00:00.000Z,EUR/USD,SELL,2025-09-01T07:02:00.000Z,2904,11.499999999999844
2025-09-01T08:30:00.000Z,EUR/JPY,SELL,2025-09-01T08:32:00.000Z,2904,13.100000000000023
2025-09-01T09:15:00.000Z,EUR/JPY,SELL,2025-09-01T09:17:00.000Z,2904,9.999999999999432
2025-09-01T10:15:00.000Z,AUD/JPY,SELL,2025-09-01T10:17:00.000Z,2904,-31.400000000000716
2025-09-01T11:15:00.000Z,AUD/JPY,SELL,2025-09-01T11:17:00.000Z,2904,-29.20000000000016
2025-09-01T15:15:00.000Z,AUD/JPY,SELL,2025-09-01T15:17:00.000Z,2904,9.999999999999432
2025-09-02T02:30:00.000Z,EUR/JPY,SELL,2025-09-02T02:32:00.000Z,2904,-43.00000000000068
2025-09-02T02:30:00.000Z,AUD/USD,BUY,2025-09-02T02:32:00.000Z,2904,-22.199999999999996
2025-09-02T03:15:00.000Z,USD/JPY,SELL,2025-09-02T03:17:00.000Z,2904,-123.50000000000136
2025-09-02T03:15:00.000Z,EUR/JPY,SELL,2025-09-02T03:17:00.000Z,2904,-45.599999999998886
2025-09-02T03:15:00.000Z,AUD/JPY,SELL,2025-09-02T03:17:00.000Z,2904,-47.59999999999991
2025-09-02T05:00:00.000Z,USD/JPY,SELL,2025-09-02T05:02:00.000Z,2904,-85.90000000000089
2025-09-02T05:45:00.000Z,AUD/USD,BUY,2025-09-02T05:47:00.000Z,2904,-25.09999999999901
2025-09-02T07:30:00.000Z,AUD/JPY,SELL,2025-09-02T07:32:00.000Z,2904,11.599999999999966
2025-09-02T08:00:00.000Z,EUR/JPY,SELL,2025-09-02T08:02:00.000Z,2904,9.999999999999432
2025-09-02T08:30:00.000Z,USD/JPY,SELL,2025-09-02T08:32:00.000Z,2904,17.199999999996862
2025-09-02T08:45:00.000Z,EUR/USD,BUY,2025-09-02T08:47:00.000Z,2904,9.999999999998899
2025-09-02T08:45:00.000Z,AUD/USD,BUY,2025-09-02T08:47:00.000Z,2904,10.000000000000009
2025-09-02T09:45:00.000Z,USD/JPY,SELL,2025-09-02T09:47:00.000Z,2904,15.199999999998681
2025-09-02T09:45:00.000Z,AUD/USD,BUY,2025-09-02T09:47:00.000Z,2904,12.600000000000389
2025-09-02T10:00:00.000Z,EUR/USD,BUY,2025-09-02T10:02:00.000Z,2904,9.999999999998899
2025-09-02T10:45:00.000Z,USD/JPY,SELL,2025-09-02T10:47:00.000Z,2904,9.999999999999432
2025-09-02T10:45:00.000Z,EUR/USD,BUY,2025-09-02T10:47:00.000Z,2904,9.999999999998899
2025-09-02T13:00:00.000Z,USD/JPY,SELL,2025-09-02T13:02:00.000Z,2904,10.099999999997067
2025-09-02T13:15:00.000Z,AUD/USD,BUY,2025-09-02T13:17:00.000Z,2904,10.000000000000009
2025-09-03T01:15:00.000Z,EUR/JPY,SELL,2025-09-03T01:17:00.000Z,2904,11.599999999998545
2025-09-03T01:15:00.000Z,AUD/JPY,SELL,2025-09-03T01:17:00.000Z,2904,10.39999999999992
2025-09-03T02:15:00.000Z,EUR/JPY,SELL,2025-09-03T02:17:00.000Z,2904,9.999999999999432
2025-09-03T02:15:00.000Z,AUD/JPY,SELL,2025-09-03T02:17:00.000Z,2904,10.39999999999992
2025-09-03T04:15:00.000Z,USD/JPY,SELL,2025-09-03T04:17:00.000Z,2904,9.999999999999432
2025-09-03T13:15:00.000Z,AUD/JPY,SELL,2025-09-03T13:17:00.000Z,2904,10.599999999999454
2025-09-03T15:00:00.000Z,USD/JPY,BUY,2025-09-03T15:02:00.000Z,2904,13.100000000000023
2025-09-03T16:45:00.000Z,EUR/JPY,BUY,2025-09-03T16:47:00.000Z,2904,9.999999999999432
2025-09-03T17:30:00.000Z,AUD/USD,SELL,2025-09-03T17:32:00.000Z,2904,0
2025-09-03T17:45:00.000Z,USD/JPY,BUY,2025-09-03T17:47:00.000Z,2904,9.999999999999432
2025-09-03T18:00:00.000Z,EUR/JPY,BUY,2025-09-03T18:02:00.000Z,2904,10.699999999999932
2025-09-03T19:30:00.000Z,EUR/JPY,BUY,2025-09-03T19:32:00.000Z,2904,9.999999999999432
2025-09-04T07:15:00.000Z,AUD/USD,BUY,2025-09-04T07:17:00.000Z,2904,10.899999999999244
2025-09-04T08:00:00.000Z,AUD/USD,BUY,2025-09-04T08:02:00.000Z,2904,10.000000000000009
2025-09-04T10:15:00.000Z,AUD/USD,BUY,2025-09-04T10:17:00.000Z,2904,10.999999999999899
2025-09-04T11:30:00.000Z,AUD/USD,BUY,2025-09-04T11:32:00.000Z,2904,10.300000000000864
2025-09-04T13:00:00.000Z,AUD/USD,BUY,2025-09-04T13:02:00.000Z,2904,11.099999999999444
2025-09-04T15:30:00.000Z,USD/JPY,SELL,2025-09-04T15:32:00.000Z,2904,10.299999999998022
2025-09-05T01:15:00.000Z,USD/JPY,BUY,2025-09-05T01:17:00.000Z,2904,-83.10000000000173
2025-09-05T01:45:00.000Z,EUR/USD,SELL,2025-09-05T01:47:00.000Z,2904,-59.10000000000082
2025-09-05T02:15:00.000Z,AUD/USD,SELL,2025-09-05T02:17:00.000Z,2904,-31.400000000000315
2025-09-05T03:00:00.000Z,EUR/USD,SELL,2025-09-05T03:02:00.000Z,2904,-54.199999999999804
2025-09-05T04:00:00.000Z,EUR/USD,SELL,2025-09-05T04:02:00.000Z,2904,-51.000000000001044
2025-09-05T04:30:00.000Z,EUR/USD,SELL,2025-09-05T04:32:00.000Z,2904,-53.300000000000566
2025-09-05T06:15:00.000Z,EUR/USD,SELL,2025-09-05T06:17:00.000Z,2904,-52.499999999999766
2025-09-05T06:15:00.000Z,AUD/USD,SELL,2025-09-05T06:17:00.000Z,2904,-24.30000000000043
2025-09-05T08:30:00.000Z,AUD/JPY,SELL,2025-09-05T08:32:00.000Z,2904,10.499999999998977
2025-09-05T08:45:00.000Z,AUD/USD,SELL,2025-09-05T08:47:00.000Z,2904,-16.199999999999548
2025-09-05T09:30:00.000Z,EUR/JPY,SELL,2025-09-05T09:32:00.000Z,2904,9.999999999999432
2025-09-05T09:30:00.000Z,AUD/USD,SELL,2025-09-05T09:32:00.000Z,2904,-14.999999999999458
2025-09-05T09:45:00.000Z,EUR/USD,SELL,2025-09-05T09:47:00.000Z,2904,-37.400000000000766
2025-09-05T10:45:00.000Z,AUD/USD,SELL,2025-09-05T10:47:00.000Z,2904,-13.100000000000334
2025-09-05T11:00:00.000Z,EUR/USD,SELL,2025-09-05T11:02:00.000Z,2904,-31.000000000001027
2025-09-05T11:15:00.000Z,EUR/JPY,SELL,2025-09-05T11:17:00.000Z,2904,9.999999999999432
2025-09-05T13:30:00.000Z,EUR/USD,SELL,2025-09-05T13:32:00.000Z,2904,0.2999999999997449
2025-09-05T13:45:00.000Z,EUR/JPY,BUY,2025-09-05T13:47:00.000Z,2904,10.499999999998977
2025-09-05T14:15:00.000Z,AUD/USD,SELL,2025-09-05T14:17:00.000Z,2904,0
2025-09-05T14:30:00.000Z,EUR/USD,SELL,2025-09-05T14:32:00.000Z,2904,11.299999999998533
2025-09-05T15:00:00.000Z,EUR/JPY,BUY,2025-09-05T15:02:00.000Z,2904,12.5
2025-09-05T15:30:00.000Z,AUD/JPY,BUY,2025-09-05T15:32:00.000Z,2904,9.999999999999432
2025-09-05T16:30:00.000Z,EUR/USD,SELL,2025-09-05T16:32:00.000Z,2904,0
2025-09-05T16:45:00.000Z,USD/JPY,BUY,2025-09-05T16:47:00.000Z,2904,9.999999999999432
2025-09-08T00:00:00.000Z,USD/JPY,SELL,2025-09-08T00:02:00.000Z,2905,16.800000000000637
2025-09-08T00:45:00.000Z,USD/JPY,SELL,2025-09-08T00:47:00.000Z,2905,9.999999999999432
2025-09-08T00:45:00.000Z,EUR/JPY,SELL,2025-09-08T00:47:00.000Z,2905,9.999999999999432
2025-09-08T01:15:00.000Z,AUD/JPY,SELL,2025-09-08T01:17:00.000Z,2905,9.999999999999432
2025-09-08T08:30:00.000Z,USD/JPY,BUY,2025-09-08T08:32:00.000Z,2905,12.600000000000477
2025-09-08T08:30:00.000Z,EUR/USD,SELL,2025-09-08T08:32:00.000Z,2905,-25.200000000000777
2025-09-08T08:45:00.000Z,AUD/USD,SELL,2025-09-08T08:47:00.000Z,2905,-26.599999999999955
2025-09-08T09:15:00.000Z,AUD/USD,SELL,2025-09-08T09:17:00.000Z,2905,-34.89999999999993
2025-09-08T11:00:00.000Z,AUD/JPY,SELL,2025-09-08T11:02:00.000Z,2905,9.999999999999432
2025-09-08T12:00:00.000Z,AUD/USD,SELL,2025-09-08T12:02:00.000Z,2905,-16.800000000000146
2025-09-08T13:30:00.000Z,AUD/USD,SELL,2025-09-08T13:32:00.000Z,2905,10.000000000000009
2025-09-08T14:15:00.000Z,EUR/USD,SELL,2025-09-08T14:17:00.000Z,2905,9.999999999998899
2025-09-08T19:30:00.000Z,USD/JPY,BUY,2025-09-08T19:32:00.000Z,2905,9.999999999999432
2025-09-08T23:45:00.000Z,USD/JPY,BUY,2025-09-08T23:47:00.000Z,2905,9.999999999999432
2025-09-08T23:45:00.000Z,EUR/USD,SELL,2025-09-08T23:47:00.000Z,2905,9.999999999998899
2025-09-09T06:15:00.000Z,USD/JPY,BUY,2025-09-09T06:17:00.000Z,2905,11.7999999999995
2025-09-09T06:15:00.000Z,EUR/JPY,BUY,2025-09-09T06:17:00.000Z,2905,-39.6000000000015
2025-09-09T06:15:00.000Z,AUD/USD,SELL,2025-09-09T06:17:00.000Z,2905,10.000000000000009
2025-09-09T06:45:00.000Z,EUR/JPY,BUY,2025-09-09T06:47:00.000Z,2905,9.999999999999432
2025-09-09T07:30:00.000Z,EUR/JPY,BUY,2025-09-09T07:32:00.000Z,2905,-51.50000000000148
2025-09-09T08:30:00.000Z,EUR/USD,BUY,2025-09-09T08:32:00.000Z,2905,10.399999999999299
2025-09-09T10:15:00.000Z,AUD/JPY,BUY,2025-09-09T10:17:00.000Z,2905,10.099999999998488
2025-09-09T10:45:00.000Z,USD/JPY,BUY,2025-09-09T10:47:00.000Z,2905,11.999999999997613
2025-09-09T12:00:00.000Z,EUR/JPY,BUY,2025-09-09T12:02:00.000Z,2905,13.700000000000045
2025-09-09T12:15:00.000Z,EUR/USD,BUY,2025-09-09T12:17:00.000Z,2905,9.999999999998899
2025-09-09T13:00:00.000Z,EUR/USD,BUY,2025-09-09T13:02:00.000Z,2905,11.699999999998933
2025-09-09T15:30:00.000Z,USD/JPY,SELL,2025-09-09T15:32:00.000Z,2905,-15.999999999999659
2025-09-09T15:30:00.000Z,EUR/USD,BUY,2025-09-09T15:32:00.000Z,2905,-2.60000000000149
2025-09-09T15:30:00.000Z,AUD/USD,BUY,2025-09-09T15:32:00.000Z,2905,10.000000000000009
2025-09-09T16:15:00.000Z,EUR/USD,BUY,2025-09-09T16:17:00.000Z,2905,-15.099999999999003
2025-09-09T19:00:00.000Z,USD/JPY,SELL,2025-09-09T19:02:00.000Z,2905,11.099999999999
2025-09-09T19:30:00.000Z,USD/JPY,SELL,2025-09-09T19:32:00.000Z,2905,9.999999999999432
2025-09-09T19:30:00.000Z,AUD/USD,BUY,2025-09-09T19:32:00.000Z,2905,10.000000000000009
2025-09-09T20:30:00.000Z,USD/JPY,SELL,2025-09-09T20:32:00.000Z,2905,10.299999999998022
2025-09-09T20:45:00.000Z,EUR/USD,BUY,2025-09-09T20:47:00.000Z,2905,9.999999999998899
2025-09-09T20:45:00.000Z,AUD/USD,BUY,2025-09-09T20:47:00.000Z,2905,10.000000000000009
2025-09-10T00:00:00.000Z,EUR/USD,BUY,2025-09-10T00:02:00.000Z,2905,13.099999999999223
2025-09-10T01:45:00.000Z,USD/JPY,SELL,2025-09-10T01:47:00.000Z,2905,10.099999999999909
2025-09-10T01:45:00.000Z,EUR/USD,BUY,2025-09-10T01:47:00.000Z,2905,10.200000000000209
2025-09-10T05:30:00.000Z,AUD/JPY,SELL,2025-09-10T05:32:00.000Z,2905,-4.800000000000182
2025-09-10T05:45:00.000Z,AUD/USD,SELL,2025-09-10T05:47:00.000Z,2905,10.000000000000009
2025-09-10T06:30:00.000Z,AUD/JPY,SELL,2025-09-10T06:32:00.000Z,2905,12.499999999998579
2025-09-10T06:30:00.000Z,AUD/USD,SELL,2025-09-10T06:32:00.000Z,2905,10.300000000000864
2025-09-10T06:45:00.000Z,EUR/JPY,SELL,2025-09-10T06:47:00.000Z,2905,14.000000000001478
2025-09-10T14:30:00.000Z,AUD/USD,SELL,2025-09-10T14:32:00.000Z,2905,12.399999999999078
2025-09-10T15:00:00.000Z,AUD/JPY,SELL,2025-09-10T15:02:00.000Z,2905,10.099999999998488
2025-09-10T15:00:00.000Z,AUD/USD,SELL,2025-09-10T15:02:00.000Z,2905,10.000000000000009
2025-09-11T07:15:00.000Z,AUD/JPY,SELL,2025-09-11T07:17:00.000Z,2905,9.999999999999432
2025-09-11T09:15:00.000Z,AUD/JPY,SELL,2025-09-11T09:17:00.000Z,2905,9.999999999999432
2025-09-11T09:45:00.000Z,EUR/JPY,SELL,2025-09-11T09:47:00.000Z,2905,11.499999999998067
2025-09-11T10:15:00.000Z,EUR/JPY,SELL,2025-09-11T10:17:00.000Z,2905,11.39999999999759
2025-09-11T11:00:00.000Z,EUR/JPY,SELL,2025-09-11T11:02:00.000Z,2905,11.199999999999477
2025-09-11T11:30:00.000Z,USD/JPY,SELL,2025-09-11T11:32:00.000Z,2905,9.999999999999432
2025-09-11T11:30:00.000Z,AUD/JPY,SELL,2025-09-11T11:32:00.000Z,2905,9.999999999999432
2025-09-11T12:00:00.000Z,USD/JPY,SELL,2025-09-11T12:02:00.000Z,2905,39.30000000000007
2025-09-11T13:30:00.000Z,USD/JPY,BUY,2025-09-11T13:32:00.000Z,2905,9.999999999999432
2025-09-11T13:30:00.000Z,AUD/USD,SELL,2025-09-11T13:32:00.000Z,2905,-16.199999999999548
2025-09-11T15:00:00.000Z,EUR/USD,SELL,2025-09-11T15:02:00.000Z,2905,9.999999999998899
2025-09-11T15:30:00.000Z,USD/JPY,BUY,2025-09-11T15:32:00.000Z,2905,14.500000000001023
2025-09-11T16:00:00.000Z,USD/JPY,BUY,2025-09-11T16:02:00.000Z,2905,13.49999999999909
2025-09-11T16:00:00.000Z,AUD/JPY,SELL,2025-09-11T16:02:00.000Z,2905,-11.700000000000443
2025-09-11T16:45:00.000Z,USD/JPY,BUY,2025-09-11T16:47:00.000Z,2905,11.699999999999022
2025-09-11T17:15:00.000Z,USD/JPY,BUY,2025-09-11T17:17:00.000Z,2905,12.5
2025-09-11T18:45:00.000Z,AUD/JPY,SELL,2025-09-11T18:47:00.000Z,2905,-1.2999999999991019
2025-09-11T21:00:00.000Z,AUD/USD,SELL,2025-09-11T21:10:00.000Z,2905,10.000000000000009
2025-09-12T03:00:00.000Z,USD/JPY,SELL,2025-09-12T03:02:00.000Z,2905,12.199999999998568
2025-09-12T04:30:00.000Z,USD/JPY,SELL,2025-09-12T04:32:00.000Z,2905,10.80000000000041
2025-09-12T10:15:00.000Z,AUD/JPY,SELL,2025-09-12T10:17:00.000Z,2905,0
2025-09-12T10:30:00.000Z,USD/JPY,SELL,2025-09-12T10:32:00.000Z,2905,9.999999999999432
2025-09-12T11:15:00.000Z,EUR/JPY,SELL,2025-09-12T11:17:00.000Z,2905,9.999999999999432
2025-09-12T13:00:00.000Z,AUD/USD,BUY,2025-09-12T13:02:00.000Z,2905,11.800000000000699
2025-09-15T04:45:00.000Z,USD/JPY,BUY,2025-09-15T04:47:00.000Z,2906,9.999999999999432
2025-09-15T10:45:00.000Z,EUR/USD,SELL,2025-09-15T10:47:00.000Z,2906,-53.10000000000148
2025-09-15T12:30:00.000Z,EUR/USD,SELL,2025-09-15T12:32:00.000Z,2906,11.200000000000099
2025-09-15T12:45:00.000Z,EUR/JPY,SELL,2025-09-15T12:47:00.000Z,2906,9.999999999999432
2025-09-15T13:15:00.000Z,EUR/USD,SELL,2025-09-15T13:17:00.000Z,2906,9.999999999998899
2025-09-16T01:45:00.000Z,USD/JPY,SELL,2025-09-16T01:47:00.000Z,2906,9.999999999999432
2025-09-16T03:15:00.000Z,USD/JPY,BUY,2025-09-16T03:17:00.000Z,2906,-66.70000000000016
2025-09-16T03:15:00.000Z,AUD/JPY,BUY,2025-09-16T03:17:00.000Z,2906,-25.600000000000023
2025-09-16T04:00:00.000Z,USD/JPY,BUY,2025-09-16T04:02:00.000Z,2906,9.999999999999432
2025-09-16T04:00:00.000Z,EUR/USD,SELL,2025-09-16T04:02:00.000Z,2906,-72.39999999999912
2025-09-16T05:00:00.000Z,EUR/JPY,BUY,2025-09-16T05:02:00.000Z,2906,11.7999999999995
2025-09-16T05:45:00.000Z,USD/JPY,BUY,2025-09-16T05:47:00.000Z,2906,9.999999999999432
2025-09-16T05:45:00.000Z,EUR/JPY,BUY,2025-09-16T05:47:00.000Z,2906,9.999999999999432
2025-09-16T06:00:00.000Z,AUD/JPY,BUY,2025-09-16T06:02:00.000Z,2906,11.399999999999011
2025-09-16T07:00:00.000Z,USD/JPY,BUY,2025-09-16T07:02:00.000Z,2906,13.999999999998636
2025-09-16T07:00:00.000Z,EUR/JPY,BUY,2025-09-16T07:02:00.000Z,2906,10.299999999998022
2025-09-16T07:00:00.000Z,AUD/JPY,BUY,2025-09-16T07:02:00.000Z,2906,10.999999999998522
2025-09-16T07:45:00.000Z,USD/JPY,BUY,2025-09-16T07:47:00.000Z,2906,9.999999999999432
2025-09-16T07:45:00.000Z,EUR/USD,SELL,2025-09-16T07:47:00.000Z,2906,-50.299999999998676
2025-09-16T08:00:00.000Z,AUD/JPY,BUY,2025-09-16T08:02:00.000Z,2906,10.699999999999932
2025-09-16T08:30:00.000Z,EUR/USD,SELL,2025-09-16T08:32:00.000Z,2906,-48.39999999999955
2025-09-16T10:15:00.000Z,EUR/USD,SELL,2025-09-16T10:17:00.000Z,2906,10.699999999999044
2025-09-16T11:15:00.000Z,EUR/JPY,SELL,2025-09-16T11:17:00.000Z,2906,9.999999999999432
2025-09-16T12:00:00.000Z,EUR/JPY,SELL,2025-09-16T12:02:00.000Z,2906,10.999999999998522
2025-09-16T15:00:00.000Z,AUD/JPY,BUY,2025-09-16T15:02:00.000Z,2906,12.999999999998124
2025-09-16T15:15:00.000Z,USD/JPY,BUY,2025-09-16T15:17:00.000Z,2906,9.999999999999432
2025-09-16T15:15:00.000Z,EUR/USD,SELL,2025-09-16T15:17:00.000Z,2906,-13.399999999998968
2025-09-16T15:30:00.000Z,AUD/JPY,BUY,2025-09-16T15:32:00.000Z,2906,10.299999999999443
2025-09-16T17:30:00.000Z,USD/JPY,BUY,2025-09-16T17:32:00.000Z,2906,10.400000000001342
2025-09-16T17:30:00.000Z,EUR/USD,SELL,2025-09-16T17:32:00.000Z,2906,11.899999999998023
2025-09-17T11:15:00.000Z,AUD/JPY,BUY,2025-09-17T11:17:00.000Z,2906,9.999999999999432
2025-09-17T11:45:00.000Z,EUR/JPY,BUY,2025-09-17T11:47:00.000Z,2906,9.999999999999432
2025-09-17T18:30:00.000Z,USD/JPY,BUY,2025-09-17T18:32:00.000Z,2906,15.900000000002024
2025-09-17T18:45:00.000Z,EUR/USD,SELL,2025-09-17T18:47:00.000Z,2906,9.999999999998899
2025-09-17T18:45:00.000Z,AUD/USD,SELL,2025-09-17T18:47:00.000Z,2906,10.000000000000009
2025-09-17T19:30:00.000Z,EUR/JPY,SELL,2025-09-17T19:32:00.000Z,2906,-75.7000000000005
2025-09-18T05:30:00.000Z,EUR/USD,BUY,2025-09-18T05:32:00.000Z,2906,9.999999999998899
2025-09-18T06:30:00.000Z,EUR/USD,BUY,2025-09-18T06:32:00.000Z,2906,-18.399999999998418
2025-09-18T06:45:00.000Z,USD/JPY,SELL,2025-09-18T06:47:00.000Z,2906,10.200000000000387
2025-09-18T06:45:00.000Z,AUD/USD,BUY,2025-09-18T06:47:00.000Z,2906,10.000000000000009
2025-09-18T09:15:00.000Z,AUD/JPY,SELL,2025-09-18T09:17:00.000Z,2906,13.700000000000045
2025-09-18T10:30:00.000Z,EUR/JPY,SELL,2025-09-18T10:32:00.000Z,2906,9.999999999999432
2025-09-18T10:45:00.000Z,AUD/JPY,SELL,2025-09-18T10:47:00.000Z,2906,11.400000000000432
2025-09-18T10:45:00.000Z,AUD/USD,SELL,2025-09-18T10:47:00.000Z,2906,11.500000000000954
2025-09-18T12:15:00.000Z,AUD/JPY,SELL,2025-09-18T12:17:00.000Z,2906,10.599999999999454
2025-09-18T14:00:00.000Z,EUR/USD,BUY,2025-09-18T14:02:00.000Z,2906,12.299999999998423
2025-09-18T14:00:00.000Z,AUD/USD,BUY,2025-09-18T14:02:00.000Z,2906,-25.200000000000777
2025-09-18T14:30:00.000Z,USD/JPY,SELL,2025-09-18T14:32:00.000Z,2906,9.999999999999432
2025-09-19T02:30:00.000Z,AUD/JPY,BUY,2025-09-19T02:32:00.000Z,2906,-21.599999999999397
2025-09-19T02:30:00.000Z,AUD/USD,BUY,2025-09-19T02:32:00.000Z,2906,-13.100000000000334
2025-09-19T04:45:00.000Z,USD/JPY,BUY,2025-09-19T04:47:00.000Z,2906,9.999999999999432
2025-09-19T06:15:00.000Z,EUR/JPY,BUY,2025-09-19T06:17:00.000Z,2906,9.999999999999432
2025-09-19T06:30:00.000Z,AUD/JPY,BUY,2025-09-19T06:32:00.000Z,2906,9.999999999999432
2025-09-19T06:45:00.000Z,AUD/USD,BUY,2025-09-19T06:47:00.000Z,2906,10.000000000000009
2025-09-19T12:15:00.000Z,EUR/USD,BUY,2025-09-19T12:17:00.000Z,2906,11.499999999999844
2025-09-19T13:15:00.000Z,EUR/USD,BUY,2025-09-19T13:17:00.000Z,2906,9.999999999998899
2025-09-22T01:00:00.000Z,USD/JPY,SELL,2025-09-22T01:02:00.000Z,2907,9.999999999999432
2025-09-22T01:45:00.000Z,USD/JPY,SELL,2025-09-22T01:47:00.000Z,2907,9.999999999999432
2025-09-22T05:00:00.000Z,USD/JPY,SELL,2025-09-22T05:02:00.000Z,2907,10.699999999999932
2025-09-22T07:45:00.000Z,USD/JPY,BUY,2025-09-22T07:47:00.000Z,2907,-29.399999999998272
2025-09-22T08:00:00.000Z,AUD/JPY,BUY,2025-09-22T08:02:00.000Z,2907,10.80000000000041
2025-09-22T09:00:00.000Z,EUR/USD,SELL,2025-09-22T09:02:00.000Z,2907,-38.89999999999949
2025-09-22T09:30:00.000Z,EUR/USD,SELL,2025-09-22T09:32:00.000Z,2907,-42.800000000000615
2025-09-22T10:45:00.000Z,EUR/JPY,SELL,2025-09-22T10:47:00.000Z,2907,9.999999999999432
2025-09-22T10:45:00.000Z,EUR/USD,SELL,2025-09-22T10:47:00.000Z,2907,10.599999999998388
2025-09-22T12:30:00.000Z,EUR/USD,SELL,2025-09-22T12:32:00.000Z,2907,9.999999999998899
2025-09-22T14:30:00.000Z,AUD/JPY,BUY,2025-09-22T14:32:00.000Z,2907,10.699999999999932
2025-09-22T21:00:00.000Z,EUR/JPY,SELL,2025-09-22T21:10:00.000Z,2907,9.999999999999432
2025-09-22T21:15:00.000Z,EUR/USD,SELL,2025-09-22T21:17:00.000Z,2907,9.999999999998899
2025-09-23T02:15:00.000Z,EUR/USD,SELL,2025-09-23T02:17:00.000Z,2907,11.299999999998533
2025-09-23T02:45:00.000Z,AUD/JPY,BUY,2025-09-23T02:47:00.000Z,2907,9.999999999999432
2025-09-23T07:45:00.000Z,EUR/JPY,BUY,2025-09-23T07:47:00.000Z,2907,9.999999999999432
2025-09-23T09:45:00.000Z,AUD/USD,SELL,2025-09-23T09:47:00.000Z,2907,10.000000000000009
2025-09-23T10:30:00.000Z,AUD/USD,SELL,2025-09-23T10:32:00.000Z,2907,10.000000000000009
2025-09-23T11:45:00.000Z,AUD/JPY,SELL,2025-09-23T11:47:00.000Z,2907,9.999999999999432
2025-09-23T13:00:00.000Z,AUD/JPY,SELL,2025-09-23T13:02:00.000Z,2907,15.299999999999159
2025-09-23T18:45:00.000Z,AUD/JPY,BUY,2025-09-23T18:47:00.000Z,2907,9.999999999999432
2025-09-24T03:30:00.000Z,AUD/USD,SELL,2025-09-24T03:32:00.000Z,2907,10.000000000000009
2025-09-24T04:45:00.000Z,EUR/JPY,SELL,2025-09-24T04:47:00.000Z,2907,9.999999999999432
2025-09-24T05:00:00.000Z,USD/JPY,SELL,2025-09-24T05:02:00.000Z,2907,-72.49999999999943
2025-09-24T05:30:00.000Z,AUD/JPY,SELL,2025-09-24T05:32:00.000Z,2907,-18.000000000000682
2025-09-24T06:30:00.000Z,AUD/USD,SELL,2025-09-24T06:32:00.000Z,2907,10.999999999999899
2025-09-24T06:45:00.000Z,AUD/JPY,SELL,2025-09-24T06:47:00.000Z,2907,11.999999999999034
2025-09-24T07:30:00.000Z,USD/JPY,SELL,2025-09-24T07:32:00.000Z,2907,-62.80000000000143
2025-09-24T07:30:00.000Z,EUR/USD,BUY,2025-09-24T07:32:00.000Z,2907,-41.999999999999815
2025-09-24T08:00:00.000Z,USD/JPY,SELL,2025-09-24T08:02:00.000Z,2907,-75.49999999999955
2025-09-24T14:00:00.000Z,AUD/USD,BUY,2025-09-24T14:02:00.000Z,2907,13.599999999999168
2025-09-24T14:30:00.000Z,USD/JPY,SELL,2025-09-24T14:32:00.000Z,2907,-82.70000000000266
2025-09-24T14:30:00.000Z,EUR/USD,BUY,2025-09-24T14:32:00.000Z,2907,10.999999999998789
2025-09-24T14:30:00.000Z,AUD/USD,BUY,2025-09-24T14:32:00.000Z,2907,10.000000000000009
2025-09-24T17:15:00.000Z,AUD/USD,BUY,2025-09-24T17:17:00.000Z,2907,10.000000000000009
2025-09-24T19:45:00.000Z,USD/JPY,SELL,2025-09-24T19:47:00.000Z,2907,9.999999999999432
2025-09-24T20:45:00.000Z,EUR/JPY,SELL,2025-09-24T20:47:00.000Z,2907,9.999999999999432
2025-09-24T21:15:00.000Z,USD/JPY,SELL,2025-09-24T21:17:00.000Z,2907,9.999999999999432
2025-09-25T01:15:00.000Z,USD/JPY,BUY,2025-09-25T01:17:00.000Z,2907,9.999999999999432
2025-09-25T01:15:00.000Z,AUD/USD,SELL,2025-09-25T01:17:00.000Z,2907,10.000000000000009
2025-09-25T03:15:00.000Z,AUD/JPY,SELL,2025-09-25T03:17:00.000Z,2907,10.099999999998488
2025-09-25T03:15:00.000Z,AUD/USD,SELL,2025-09-25T03:17:00.000Z,2907,10.100000000000664
2025-09-25T04:15:00.000Z,AUD/USD,SELL,2025-09-25T04:17:00.000Z,2907,10.300000000000864
2025-09-25T08:15:00.000Z,EUR/USD,BUY,2025-09-25T08:17:00.000Z,2907,9.999999999998899
2025-09-25T14:00:00.000Z,AUD/JPY,BUY,2025-09-25T14:02:00.000Z,2907,9.999999999999432
2025-09-25T16:15:00.000Z,EUR/USD,BUY,2025-09-25T16:17:00.000Z,2907,14.599999999997948
2025-09-25T19:15:00.000Z,USD/JPY,SELL,2025-09-25T19:17:00.000Z,2907,9.999999999999432
2025-09-25T19:15:00.000Z,EUR/USD,BUY,2025-09-25T19:17:00.000Z,2907,9.999999999998899
2025-09-25T19:15:00.000Z,AUD/USD,BUY,2025-09-25T19:17:00.000Z,2907,10.000000000000009
2025-09-26T08:00:00.000Z,AUD/USD,BUY,2025-09-26T08:02:00.000Z,2907,10.000000000000009
2025-09-29T01:15:00.000Z,USD/JPY,BUY,2025-09-29T01:17:00.000Z,2908,-54.59999999999923
2025-09-29T01:15:00.000Z,EUR/USD,SELL,2025-09-29T01:17:00.000Z,2908,-5.299999999999194
2025-09-29T01:45:00.000Z,AUD/JPY,BUY,2025-09-29T01:47:00.000Z,2908,9.999999999999432
2025-09-29T02:45:00.000Z,EUR/JPY,BUY,2025-09-29T02:47:00.000Z,2908,-38.30000000000098
2025-09-29T04:00:00.000Z,EUR/USD,SELL,2025-09-29T04:02:00.000Z,2908,9.999999999998899
2025-09-29T04:30:00.000Z,USD/JPY,BUY,2025-09-29T04:32:00.000Z,2908,-41.29999999999825
2025-09-29T04:30:00.000Z,EUR/JPY,BUY,2025-09-29T04:32:00.000Z,2908,-54.59999999999923
2025-09-29T05:00:00.000Z,USD/JPY,BUY,2025-09-29T05:02:00.000Z,2908,-57.29999999999791
2025-09-29T05:30:00.000Z,EUR/USD,SELL,2025-09-29T05:32:00.000Z,2908,13.199999999999878
2025-09-29T06:15:00.000Z,AUD/USD,SELL,2025-09-29T06:17:00.000Z,2908,-32.2
2025-09-29T06:30:00.000Z,USD/JPY,BUY,2025-09-29T06:32:00.000Z,2908,-65.60000000000059
2025-09-29T06:30:00.000Z,EUR/JPY,BUY,2025-09-29T06:32:00.000Z,2908,10.099999999999909
2025-09-29T08:30:00.000Z,USD/JPY,BUY,2025-09-29T08:32:00.000Z,2908,10.900000000000887
2025-09-29T08:45:00.000Z,AUD/JPY,BUY,2025-09-29T08:47:00.000Z,2908,9.999999999999432
2025-09-29T09:15:00.000Z,USD/JPY,BUY,2025-09-29T09:17:00.000Z,2908,13.100000000000023
2025-09-29T09:30:00.000Z,EUR/JPY,BUY,2025-09-29T09:32:00.000Z,2908,9.999999999999432
2025-09-29T10:30:00.000Z,EUR/JPY,BUY,2025-09-29T10:32:00.000Z,2908,9.999999999999432
2025-09-30T01:45:00.000Z,AUD/USD,SELL,2025-09-30T01:47:00.000Z,2908,-14.100000000000223
2025-09-30T03:15:00.000Z,AUD/JPY,SELL,2025-09-30T03:17:00.000Z,2908,9.999999999999432
2025-09-30T05:15:00.000Z,AUD/USD,SELL,2025-09-30T05:17:00.000Z,2908,11.600000000000499
2025-09-30T05:45:00.000Z,AUD/USD,SELL,2025-09-30T05:47:00.000Z,2908,11.600000000000499
2025-09-30T06:00:00.000Z,USD/JPY,BUY,2025-09-30T06:02:00.000Z,2908,-83.10000000000173
2025-09-30T07:00:00.000Z,EUR/USD,SELL,2025-09-30T07:02:00.000Z,2908,9.999999999998899
2025-09-30T07:15:00.000Z,EUR/JPY,BUY,2025-09-30T07:17:00.000Z,2908,-70.19999999999982
2025-09-30T07:45:00.000Z,EUR/USD,SELL,2025-09-30T07:47:00.000Z,2908,9.999999999998899
2025-09-30T08:00:00.000Z,EUR/JPY,BUY,2025-09-30T08:02:00.000Z,2908,-98.30000000000041
2025-09-30T09:15:00.000Z,EUR/USD,SELL,2025-09-30T09:17:00.000Z,2908,12.699999999998823
2025-09-30T09:45:00.000Z,USD/JPY,BUY,2025-09-30T09:47:00.000Z,2908,9.999999999999432
2025-09-30T13:45:00.000Z,EUR/JPY,BUY,2025-09-30T13:47:00.000Z,2908,9.999999999999432
2025-09-30T14:30:00.000Z,USD/JPY,BUY,2025-09-30T14:32:00.000Z,2908,12.000000000000455
2025-09-30T15:15:00.000Z,USD/JPY,BUY,2025-09-30T15:17:00.000Z,2908,9.999999999999432
2025-10-01T01:00:00.000Z,USD/JPY,SELL,2025-10-01T01:02:00.000Z,2908,9.999999999999432
2025-10-01T01:00:00.000Z,EUR/JPY,SELL,2025-10-01T01:02:00.000Z,2908,9.999999999999432
2025-10-01T02:00:00.000Z,AUD/USD,BUY,2025-10-01T02:02:00.000Z,2908,10.199999999999099
2025-10-01T02:30:00.000Z,AUD/USD,BUY,2025-10-01T02:32:00.000Z,2908,11.700000000000044
2025-10-01T03:30:00.000Z,AUD/JPY,BUY,2025-10-01T03:32:00.000Z,2908,-25.600000000000023
2025-10-01T04:00:00.000Z,AUD/USD,BUY,2025-10-01T04:02:00.000Z,2908,10.000000000000009
2025-10-01T05:15:00.000Z,USD/JPY,BUY,2025-10-01T05:17:00.000Z,2908,-34.499999999999886
2025-10-01T05:15:00.000Z,AUD/JPY,BUY,2025-10-01T05:17:00.000Z,2908,-5.799999999999272
2025-10-01T05:45:00.000Z,USD/JPY,BUY,2025-10-01T05:47:00.000Z,2908,-36.40000000000043
2025-10-01T05:45:00.000Z,EUR/USD,SELL,2025-10-01T05:47:00.000Z,2908,9.999999999998899
2025-10-01T06:45:00.000Z,EUR/JPY,BUY,2025-10-01T06:47:00.000Z,2908,-36.69999999999902
2025-10-01T07:00:00.000Z,EUR/USD,SELL,2025-10-01T07:02:00.000Z,2908,14.299999999998203
2025-10-01T07:30:00.000Z,EUR/USD,SELL,2025-10-01T07:32:00.000Z,2908,9.999999999998899
2025-10-01T08:30:00.000Z,AUD/JPY,BUY,2025-10-01T08:32:00.000Z,2908,9.999999999999432
2025-10-01T09:00:00.000Z,USD/JPY,BUY,2025-10-01T09:02:00.000Z,2908,10.599999999999454
2025-10-01T12:30:00.000Z,EUR/JPY,BUY,2025-10-01T12:32:00.000Z,2908,13.800000000000523
2025-10-01T13:00:00.000Z,USD/JPY,BUY,2025-10-01T13:02:00.000Z,2908,13.300000000000978
2025-10-01T13:45:00.000Z,AUD/JPY,BUY,2025-10-01T13:47:00.000Z,2908,9.999999999999432
2025-10-01T14:00:00.000Z,USD/JPY,BUY,2025-10-01T14:02:00.000Z,2908,9.999999999999432
2025-10-02T10:15:00.000Z,USD/JPY,BUY,2025-10-02T10:17:00.000Z,2908,9.999999999999432
2025-10-02T10:45:00.000Z,EUR/JPY,BUY,2025-10-02T10:47:00.000Z,2908,10.499999999998977
2025-10-02T11:15:00.000Z,EUR/JPY,BUY,2025-10-02T11:17:00.000Z,2908,10.699999999999932
2025-10-02T11:45:00.000Z,AUD/JPY,BUY,2025-10-02T11:47:00.000Z,2908,9.999999999999432
2025-10-02T13:00:00.000Z,AUD/USD,BUY,2025-10-02T13:02:00.000Z,2908,2.80000000000058
2025-10-02T14:00:00.000Z,AUD/USD,BUY,2025-10-02T14:02:00.000Z,2908,10.099999999999554
2025-10-02T14:30:00.000Z,AUD/USD,BUY,2025-10-02T14:32:00.000Z,2908,10.700000000000154
2025-10-02T15:00:00.000Z,EUR/USD,BUY,2025-10-02T15:02:00.000Z,2908,12.299999999998423
2025-10-02T15:00:00.000Z,AUD/USD,BUY,2025-10-02T15:02:00.000Z,2908,10.000000000000009
2025-10-02T15:30:00.000Z,USD/JPY,SELL,2025-10-02T15:32:00.000Z,2908,11.299999999999955
2025-10-02T16:00:00.000Z,USD/JPY,SELL,2025-10-02T16:02:00.000Z,2908,10.699999999999932
2025-10-02T16:00:00.000Z,AUD/USD,BUY,2025-10-02T16:02:00.000Z,2908,10.300000000000864
2025-10-02T16:15:00.000Z,EUR/USD,BUY,2025-10-02T16:17:00.000Z,2908,0
2025-10-03T00:45:00.000Z,EUR/JPY,SELL,2025-10-03T00:47:00.000Z,2908,-57.40000000000123
2025-10-03T00:45:00.000Z,AUD/JPY,SELL,2025-10-03T00:47:00.000Z,2908,-17.300000000000182
2025-10-03T02:00:00.000Z,USD/JPY,SELL,2025-10-03T02:02:00.000Z,2908,12.09999999999809
2025-10-03T02:45:00.000Z,USD/JPY,SELL,2025-10-03T02:47:00.000Z,2908,12.100000000000932
2025-10-03T02:45:00.000Z,AUD/JPY,SELL,2025-10-03T02:47:00.000Z,2908,9.999999999999432
2025-10-03T03:45:00.000Z,USD/JPY,SELL,2025-10-03T03:47:00.000Z,2908,9.999999999999432
2025-10-03T04:00:00.000Z,AUD/JPY,SELL,2025-10-03T04:02:00.000Z,2908,9.999999999999432
2025-10-03T04:15:00.000Z,EUR/JPY,SELL,2025-10-03T04:17:00.000Z,2908,11.199999999999477
2025-10-03T05:00:00.000Z,EUR/JPY,SELL,2025-10-03T05:02:00.000Z,2908,9.999999999999432
2025-10-03T14:30:00.000Z,EUR/JPY,SELL,2025-10-03T14:32:00.000Z,2908,9.999999999999432
2025-10-05T22:30:00.000Z,EUR/USD,BUY,2025-10-05T22:32:00.000Z,2909,9.999999999998899
2025-10-05T22:30:00.000Z,AUD/USD,BUY,2025-10-05T22:32:00.000Z,2909,10.000000000000009
2025-10-05T23:15:00.000Z,AUD/USD,BUY,2025-10-05T23:17:00.000Z,2909,10.000000000000009
2025-10-06T00:15:00.000Z,EUR/USD,BUY,2025-10-06T00:17:00.000Z,2909,9.999999999998899
2025-10-06T01:00:00.000Z,EUR/USD,BUY,2025-10-06T01:02:00.000Z,2909,10.499999999997733
2025-10-06T06:30:00.000Z,USD/JPY,SELL,2025-10-06T06:32:00.000Z,2909,15.399999999999636
2025-10-06T06:30:00.000Z,EUR/JPY,SELL,2025-10-06T06:32:00.000Z,2909,16.100000000000136
2025-10-06T06:30:00.000Z,AUD/JPY,SELL,2025-10-06T06:32:00.000Z,2909,12.800000000000011
2025-10-06T07:15:00.000Z,EUR/USD,BUY,2025-10-06T07:17:00.000Z,2909,10.199999999997988
2025-10-06T07:45:00.000Z,AUD/JPY,SELL,2025-10-06T07:47:00.000Z,2909,9.999999999999432
2025-10-06T08:30:00.000Z,EUR/USD,BUY,2025-10-06T08:32:00.000Z,2909,11.200000000000099
2025-10-06T10:00:00.000Z,USD/JPY,SELL,2025-10-06T10:02:00.000Z,2909,14.799999999999613
2025-10-06T14:00:00.000Z,AUD/USD,SELL,2025-10-06T14:02:00.000Z,2909,10.000000000000009
2025-10-06T15:00:00.000Z,AUD/USD,SELL,2025-10-06T15:02:00.000Z,2909,10.000000000000009
2025-10-06T19:15:00.000Z,EUR/JPY,SELL,2025-10-06T19:17:00.000Z,2909,9.999999999999432
2025-10-06T21:00:00.000Z,EUR/JPY,SELL,2025-10-06T21:10:00.000Z,2909,9.999999999999432
2025-10-06T21:00:00.000Z,AUD/JPY,SELL,2025-10-06T21:10:00.000Z,2909,9.999999999999432
2025-10-07T00:30:00.000Z,USD/JPY,SELL,2025-10-07T00:32:00.000Z,2909,13.299999999998136
2025-10-07T00:30:00.000Z,EUR/JPY,SELL,2025-10-07T00:32:00.000Z,2909,12.5
2025-10-07T00:30:00.000Z,AUD/JPY,SELL,2025-10-07T00:32:00.000Z,2909,11.10000000000042
2025-10-07T06:45:00.000Z,AUD/USD,BUY,2025-10-07T06:47:00.000Z,2909,-40.89999999999927
2025-10-07T07:45:00.000Z,AUD/JPY,BUY,2025-10-07T07:47:00.000Z,2909,10.099999999998488
2025-10-07T08:00:00.000Z,EUR/USD,BUY,2025-10-07T08:02:00.000Z,2909,-45.20000000000079
2025-10-07T08:15:00.000Z,AUD/USD,BUY,2025-10-07T08:17:00.000Z,2909,-25.799999999999155
2025-10-07T08:45:00.000Z,AUD/USD,BUY,2025-10-07T08:47:00.000Z,2909,-22.999999999999687
2025-10-07T10:00:00.000Z,EUR/USD,BUY,2025-10-07T10:02:00.000Z,2909,11.699999999998933
2025-10-07T11:45:00.000Z,EUR/USD,BUY,2025-10-07T11:47:00.000Z,2909,9.999999999998899
2025-10-07T12:30:00.000Z,USD/JPY,SELL,2025-10-07T12:32:00.000Z,2909,12.399999999999523
2025-10-07T12:45:00.000Z,AUD/USD,BUY,2025-10-07T12:47:00.000Z,2909,-10.399999999999299
2025-10-07T15:00:00.000Z,AUD/JPY,SELL,2025-10-07T15:02:00.000Z,2909,11.599999999998545
2025-10-07T15:15:00.000Z,USD/JPY,SELL,2025-10-07T15:17:00.000Z,2909,-159.10000000000082
2025-10-07T19:15:00.000Z,EUR/JPY,SELL,2025-10-07T19:17:00.000Z,2909,-63.50000000000193
2025-10-07T19:15:00.000Z,AUD/JPY,SELL,2025-10-07T19:17:00.000Z,2909,-68.79999999999882
2025-10-07T20:00:00.000Z,AUD/JPY,SELL,2025-10-07T20:02:00.000Z,2909,-62.5
2025-10-07T21:00:00.000Z,AUD/JPY,SELL,2025-10-07T21:10:00.000Z,2909,-58.70000000000033
2025-10-07T21:30:00.000Z,EUR/JPY,SELL,2025-10-07T21:32:00.000Z,2909,9.999999999999432
2025-10-07T22:00:00.000Z,USD/JPY,SELL,2025-10-07T22:02:00.000Z,2909,-82.20000000000027
2025-10-08T00:30:00.000Z,EUR/USD,BUY,2025-10-08T00:32:00.000Z,2909,-10.499999999999954
2025-10-08T01:15:00.000Z,EUR/JPY,SELL,2025-10-08T01:17:00.000Z,2909,9.999999999999432
2025-10-08T01:30:00.000Z,AUD/JPY,SELL,2025-10-08T01:32:00.000Z,2909,13.19999999999908
2025-10-08T02:45:00.000Z,USD/JPY,SELL,2025-10-08T02:47:00.000Z,2909,9.999999999999432
2025-10-08T04:00:00.000Z,AUD/USD,BUY,2025-10-08T04:02:00.000Z,2909,10.200000000000209
2025-10-08T06:00:00.000Z,EUR/USD,BUY,2025-10-08T06:02:00.000Z,2909,9.999999999998899
2025-10-08T06:45:00.000Z,EUR/USD,BUY,2025-10-08T06:47:00.000Z,2909,9.999999999998899
2025-10-08T10:15:00.000Z,USD/JPY,SELL,2025-10-08T10:17:00.000Z,2909,11.899999999999977
2025-10-08T11:00:00.000Z,EUR/JPY,SELL,2025-10-08T11:02:00.000Z,2909,12.000000000000455
2025-10-08T11:00:00.000Z,AUD/JPY,SELL,2025-10-08T11:02:00.000Z,2909,11.999999999999034
2025-10-08T13:30:00.000Z,AUD/USD,SELL,2025-10-08T13:32:00.000Z,2909,10.000000000000009
2025-10-08T16:45:00.000Z,EUR/USD,BUY,2025-10-08T16:47:00.000Z,2909,10.299999999998644
2025-10-09T01:45:00.000Z,EUR/USD,SELL,2025-10-09T01:47:00.000Z,2909,9.999999999998899
2025-10-09T01:45:00.000Z,AUD/USD,SELL,2025-10-09T01:47:00.000Z,2909,10.000000000000009
2025-10-09T05:00:00.000Z,AUD/JPY,SELL,2025-10-09T05:02:00.000Z,2909,12.199999999998568
2025-10-09T05:00:00.000Z,AUD/USD,SELL,2025-10-09T05:02:00.000Z,2909,10.300000000000864
2025-10-09T05:30:00.000Z,AUD/USD,SELL,2025-10-09T05:32:00.000Z,2909,10.200000000000209
2025-10-09T06:30:00.000Z,AUD/JPY,SELL,2025-10-09T06:32:00.000Z,2909,11.999999999999034
2025-10-09T07:00:00.000Z,USD/JPY,SELL,2025-10-09T07:02:00.000Z,2909,16.200000000000614
2025-10-09T07:15:00.000Z,EUR/USD,BUY,2025-10-09T07:17:00.000Z,2909,-44.90000000000105
2025-10-09T07:15:00.000Z,AUD/USD,BUY,2025-10-09T07:17:00.000Z,2909,13.100000000000334
2025-10-09T09:15:00.000Z,EUR/USD,BUY,2025-10-09T09:17:00.000Z,2909,12.399999999999078
2025-10-09T13:30:00.000Z,EUR/JPY,BUY,2025-10-09T13:32:00.000Z,2909,9.999999999999432
2025-10-09T16:30:00.000Z,EUR/USD,BUY,2025-10-09T16:32:00.000Z,2909,11.200000000000099
2025-10-09T17:00:00.000Z,EUR/USD,BUY,2025-10-09T17:02:00.000Z,2909,9.999999999998899
2025-10-09T17:15:00.000Z,AUD/JPY,BUY,2025-10-09T17:17:00.000Z,2909,11.999999999999034
2025-10-09T17:30:00.000Z,AUD/USD,BUY,2025-10-09T17:32:00.000Z,2909,10.000000000000009
2025-10-09T17:45:00.000Z,AUD/JPY,BUY,2025-10-09T17:47:00.000Z,2909,12.600000000000477
2025-10-09T19:15:00.000Z,EUR/USD,BUY,2025-10-09T19:17:00.000Z,2909,11.499999999999844
2025-10-09T19:15:00.000Z,AUD/USD,BUY,2025-10-09T19:17:00.000Z,2909,10.499999999999954
2025-10-10T07:15:00.000Z,EUR/JPY,BUY,2025-10-10T07:17:00.000Z,2909,9.999999999999432
2025-10-10T07:15:00.000Z,AUD/JPY,BUY,2025-10-10T07:17:00.000Z,2909,10.999999999999943
2025-10-10T07:45:00.000Z,AUD/USD,BUY,2025-10-10T07:47:00.000Z,2909,-80.10000000000072
2025-10-10T15:45:00.000Z,USD/JPY,BUY,2025-10-10T15:47:00.000Z,2909,9.999999999999432
2025-10-10T15:45:00.000Z,EUR/USD,SELL,2025-10-10T15:47:00.000Z,2909,9.999999999998899
2025-10-10T16:30:00.000Z,EUR/USD,SELL,2025-10-10T16:32:00.000Z,2909,9.999999999998899
2025-10-10T19:45:00.000Z,AUD/USD,BUY,2025-10-10T19:47:00.000Z,2909,-14.500000000000624
2025-10-10T20:15:00.000Z,USD/JPY,BUY,2025-10-10T20:17:00.000Z,2909,-50.099999999997635
2025-10-10T20:30:00.000Z,AUD/USD,BUY,2025-10-10T20:32:00.000Z,2909,-12.300000000000644
2025-10-12T22:15:00.000Z,USD/JPY,BUY,2025-10-12T22:17:00.000Z,2910,9.999999999999432
2025-10-12T22:15:00.000Z,EUR/JPY,BUY,2025-10-12T22:17:00.000Z,2910,9.999999999999432
2025-10-12T22:15:00.000Z,AUD/JPY,BUY,2025-10-12T22:17:00.000Z,2910,10.69999999999851
2025-10-12T22:15:00.000Z,AUD/USD,BUY,2025-10-12T22:17:00.000Z,2910,10.999999999999899
2025-10-13T02:00:00.000Z,AUD/USD,SELL,2025-10-13T02:02:00.000Z,2910,11.600000000000499
2025-10-13T02:30:00.000Z,AUD/USD,SELL,2025-10-13T02:32:00.000Z,2910,10.000000000000009
2025-10-13T07:45:00.000Z,EUR/JPY,SELL,2025-10-13T07:47:00.000Z,2910,9.999999999999432
2025-10-13T12:15:00.000Z,EUR/USD,BUY,2025-10-13T12:17:00.000Z,2910,9.999999999998899
2025-10-13T12:45:00.000Z,EUR/JPY,BUY,2025-10-13T12:47:00.000Z,2910,12.999999999999545
2025-10-13T15:00:00.000Z,USD/JPY,SELL,2025-10-13T15:02:00.000Z,2910,9.999999999999432
2025-10-14T00:45:00.000Z,EUR/USD,BUY,2025-10-14T00:47:00.000Z,2910,9.999999999998899
2025-10-14T01:00:00.000Z,USD/JPY,SELL,2025-10-14T01:02:00.000Z,2910,9.999999999999432
2025-10-14T01:00:00.000Z,AUD/JPY,SELL,2025-10-14T01:02:00.000Z,2910,0
2025-10-14T04:00:00.000Z,USD/JPY,BUY,2025-10-14T04:02:00.000Z,2910,-98.49999999999852
2025-10-14T04:00:00.000Z,AUD/JPY,BUY,2025-10-14T04:02:00.000Z,2910,-39.89999999999867
2025-10-14T04:30:00.000Z,EUR/JPY,BUY,2025-10-14T04:32:00.000Z,2910,13.49999999999909
2025-10-14T04:45:00.000Z,EUR/USD,SELL,2025-10-14T04:47:00.000Z,2910,10.699999999999044
2025-10-14T05:15:00.000Z,EUR/USD,SELL,2025-10-14T05:17:00.000Z,2910,9.999999999998899
2025-10-14T06:15:00.000Z,USD/JPY,BUY,2025-10-14T06:17:00.000Z,2910,9.999999999999432
2025-10-14T06:15:00.000Z,EUR/JPY,BUY,2025-10-14T06:17:00.000Z,2910,11.000000000001364
2025-10-14T06:45:00.000Z,EUR/JPY,BUY,2025-10-14T06:47:00.000Z,2910,9.999999999999432
2025-10-14T07:00:00.000Z,AUD/JPY,BUY,2025-10-14T07:02:00.000Z,2910,15.30000000000058
2025-10-14T07:30:00.000Z,AUD/JPY,BUY,2025-10-14T07:32:00.000Z,2910,12.000000000000455
2025-10-14T08:00:00.000Z,EUR/JPY,BUY,2025-10-14T08:02:00.000Z,2910,9.999999999999432
2025-10-14T08:00:00.000Z,AUD/JPY,BUY,2025-10-14T08:02:00.000Z,2910,9.999999999999432
2025-10-14T08:00:00.000Z,EUR/USD,BUY,2025-10-14T08:02:00.000Z,2910,9.999999999998899
2025-10-14T08:15:00.000Z,AUD/USD,BUY,2025-10-14T08:17:00.000Z,2910,11.300000000000754
2025-10-14T15:15:00.000Z,EUR/USD,SELL,2025-10-14T15:17:00.000Z,2910,-36.000000000000476
2025-10-14T17:00:00.000Z,AUD/USD,SELL,2025-10-14T17:02:00.000Z,2910,10.000000000000009
2025-10-14T17:15:00.000Z,EUR/USD,SELL,2025-10-14T17:17:00.000Z,2910,-29.200000000000337
2025-10-15T01:45:00.000Z,EUR/USD,SELL,2025-10-15T01:47:00.000Z,2910,-52.39999999999911
2025-10-15T02:45:00.000Z,AUD/USD,SELL,2025-10-15T02:47:00.000Z,2910,10.100000000000664
2025-10-15T03:45:00.000Z,EUR/JPY,BUY,2025-10-15T03:47:00.000Z,2910,9.999999999999432
2025-10-15T04:30:00.000Z,USD/JPY,BUY,2025-10-15T04:32:00.000Z,2910,9.999999999999432
2025-10-15T06:30:00.000Z,USD/JPY,BUY,2025-10-15T06:32:00.000Z,2910,9.999999999999432
2025-10-15T06:30:00.000Z,AUD/USD,SELL,2025-10-15T06:32:00.000Z,2910,10.000000000000009
2025-10-15T07:00:00.000Z,AUD/USD,SELL,2025-10-15T07:02:00.000Z,2910,10.000000000000009
2025-10-15T07:30:00.000Z,EUR/USD,SELL,2025-10-15T07:32:00.000Z,2910,11.499999999997623
2025-10-15T10:30:00.000Z,AUD/JPY,SELL,2025-10-15T10:32:00.000Z,2910,9.999999999999432
2025-10-15T17:30:00.000Z,AUD/JPY,BUY,2025-10-15T17:32:00.000Z,2910,9.999999999999432
2025-10-15T17:30:00.000Z,AUD/USD,BUY,2025-10-15T17:32:00.000Z,2910,10.000000000000009
2025-10-15T23:00:00.000Z,USD/JPY,BUY,2025-10-15T23:02:00.000Z,2910,12.5
2025-10-16T00:45:00.000Z,EUR/JPY,BUY,2025-10-16T00:47:00.000Z,2910,9.999999999999432
2025-10-16T01:00:00.000Z,USD/JPY,BUY,2025-10-16T01:02:00.000Z,2910,9.999999999999432
2025-10-16T01:15:00.000Z,AUD/JPY,BUY,2025-10-16T01:17:00.000Z,2910,9.999999999999432
2025-10-16T02:00:00.000Z,USD/JPY,BUY,2025-10-16T02:02:00.000Z,2910,9.999999999999432
2025-10-16T02:00:00.000Z,AUD/JPY,BUY,2025-10-16T02:02:00.000Z,2910,9.999999999999432
2025-10-16T02:45:00.000Z,EUR/USD,SELL,2025-10-16T02:47:00.000Z,2910,10.300000000000864
2025-10-16T07:00:00.000Z,EUR/JPY,SELL,2025-10-16T07:02:00.000Z,2910,11.299999999999955
2025-10-16T14:30:00.000Z,AUD/JPY,BUY,2025-10-16T14:32:00.000Z,2910,-48.799999999999955
2025-10-16T14:30:00.000Z,AUD/USD,BUY,2025-10-16T14:32:00.000Z,2910,-19.299999999999873
2025-10-16T17:00:00.000Z,EUR/JPY,BUY,2025-10-16T17:02:00.000Z,2910,11.600000000001387
2025-10-16T17:00:00.000Z,AUD/JPY,BUY,2025-10-16T17:02:00.000Z,2910,16.799999999999216
2025-10-16T17:45:00.000Z,EUR/USD,SELL,2025-10-16T17:47:00.000Z,2910,9.999999999998899
2025-10-16T18:30:00.000Z,USD/JPY,BUY,2025-10-16T18:32:00.000Z,2910,10.3999999999985
2025-10-16T18:30:00.000Z,AUD/JPY,BUY,2025-10-16T18:32:00.000Z,2910,10.899999999999466
2025-10-17T00:00:00.000Z,USD/JPY,BUY,2025-10-17T00:02:00.000Z,2910,11.50000000000091
2025-10-17T00:00:00.000Z,AUD/JPY,BUY,2025-10-17T00:02:00.000Z,2910,12.899999999999068
2025-10-17T00:15:00.000Z,EUR/USD,SELL,2025-10-17T00:17:00.000Z,2910,10.599999999998388
2025-10-17T01:30:00.000Z,EUR/USD,SELL,2025-10-17T01:32:00.000Z,2910,10.999999999998789
2025-10-17T03:00:00.000Z,EUR/USD,SELL,2025-10-17T03:02:00.000Z,2910,9.999999999998899
2025-10-17T04:00:00.000Z,AUD/JPY,BUY,2025-10-17T04:02:00.000Z,2910,9.999999999999432
2025-10-17T04:00:00.000Z,AUD/USD,BUY,2025-10-17T04:02:00.000Z,2910,10.000000000000009
2025-10-17T06:15:00.000Z,USD/JPY,BUY,2025-10-17T06:17:00.000Z,2910,10.300000000000864
2025-10-17T06:15:00.000Z,EUR/USD,SELL,2025-10-17T06:17:00.000Z,2910,11.999999999998678
2025-10-17T06:45:00.000Z,EUR/USD,SELL,2025-10-17T06:47:00.000Z,2910,9.999999999998899
2025-10-17T07:30:00.000Z,USD/JPY,BUY,2025-10-17T07:32:00.000Z,2910,9.999999999999432
2025-10-17T07:30:00.000Z,AUD/USD,BUY,2025-10-17T07:32:00.000Z,2910,10.000000000000009
2025-10-17T07:45:00.000Z,EUR/JPY,BUY,2025-10-17T07:47:00.000Z,2910,9.999999999999432
2025-10-17T07:45:00.000Z,AUD/JPY,BUY,2025-10-17T07:47:00.000Z,2910,9.999999999999432
2025-10-17T11:30:00.000Z,AUD/JPY,SELL,2025-10-17T11:32:00.000Z,2910,10.699999999999932
2025-10-17T11:30:00.000Z,AUD/USD,SELL,2025-10-17T11:32:00.000Z,2910,10.400000000000409
2025-10-17T13:00:00.000Z,USD/JPY,SELL,2025-10-17T13:02:00.000Z,2910,12.600000000000477
2025-10-17T13:00:00.000Z,EUR/USD,BUY,2025-10-17T13:02:00.000Z,2910,-27.900000000000702
2025-10-17T14:30:00.000Z,EUR/USD,BUY,2025-10-17T14:32:00.000Z,2910,10.499999999997733
2025-10-19T22:15:00.000Z,EUR/USD,BUY,2025-10-19T22:17:00.000Z,2911,9.999999999998899
2025-10-19T23:30:00.000Z,USD/JPY,SELL,2025-10-19T23:32:00.000Z,2911,11.599999999998545
2025-10-19T23:30:00.000Z,EUR/JPY,SELL,2025-10-19T23:32:00.000Z,2911,10.300000000000864
2025-10-19T23:30:00.000Z,AUD/JPY,SELL,2025-10-19T23:32:00.000Z,2911,11.299999999998533
2025-10-20T00:15:00.000Z,USD/JPY,SELL,2025-10-20T00:17:00.000Z,2911,10.699999999999932
2025-10-20T00:15:00.000Z,AUD/JPY,SELL,2025-10-20T00:17:00.000Z,2911,10.80000000000041
2025-10-20T01:30:00.000Z,AUD/USD,SELL,2025-10-20T01:32:00.000Z,2911,10.000000000000009
2025-10-20T01:45:00.000Z,USD/JPY,SELL,2025-10-20T01:47:00.000Z,2911,0
2025-10-20T01:45:00.000Z,EUR/JPY,SELL,2025-10-20T01:47:00.000Z,2911,9.999999999999432
2025-10-20T01:45:00.000Z,AUD/JPY,SELL,2025-10-20T01:47:00.000Z,2911,9.999999999999432
2025-10-20T15:15:00.000Z,AUD/USD,SELL,2025-10-20T15:17:00.000Z,2911,10.300000000000864
2025-10-20T16:00:00.000Z,AUD/USD,SELL,2025-10-20T16:02:00.000Z,2911,10.000000000000009
2025-10-20T16:30:00.000Z,AUD/USD,SELL,2025-10-20T16:32:00.000Z,2911,10.099999999999554
2025-10-20T17:45:00.000Z,AUD/JPY,SELL,2025-10-20T17:47:00.000Z,2911,9.999999999999432
2025-10-21T01:15:00.000Z,AUD/USD,SELL,2025-10-21T01:17:00.000Z,2911,10.799999999999699
2025-10-21T03:15:00.000Z,USD/JPY,SELL,2025-10-21T03:17:00.000Z,2911,10.80000000000041
2025-10-21T04:30:00.000Z,AUD/USD,BUY,2025-10-21T04:32:00.000Z,2911,-5.7000000000007045
2025-10-21T06:45:00.000Z,USD/JPY,SELL,2025-10-21T06:47:00.000Z,2911,9.999999999999432
2025-10-21T06:45:00.000Z,EUR/JPY,SELL,2025-10-21T06:47:00.000Z,2911,9.999999999999432
2025-10-21T06:45:00.000Z,EUR/USD,BUY,2025-10-21T06:47:00.000Z,2911,-14.700000000000824
2025-10-21T06:45:00.000Z,AUD/USD,BUY,2025-10-21T06:47:00.000Z,2911,10.000000000000009
2025-10-21T08:45:00.000Z,AUD/USD,BUY,2025-10-21T08:47:00.000Z,2911,10.299999999999754
2025-10-21T09:30:00.000Z,USD/JPY,SELL,2025-10-21T09:32:00.000Z,2911,15.700000000001069
2025-10-21T10:45:00.000Z,EUR/JPY,SELL,2025-10-21T10:47:00.000Z,2911,9.999999999999432
2025-10-21T11:00:00.000Z,EUR/USD,BUY,2025-10-21T11:02:00.000Z,2911,-30.90000000000037
2025-10-21T11:15:00.000Z,USD/JPY,SELL,2025-10-21T11:17:00.000Z,2911,9.999999999999432
2025-10-21T11:45:00.000Z,USD/JPY,SELL,2025-10-21T11:47:00.000Z,2911,12.199999999998568
2025-10-21T11:45:00.000Z,EUR/JPY,SELL,2025-10-21T11:47:00.000Z,2911,10.900000000000887
2025-10-21T11:45:00.000Z,AUD/JPY,SELL,2025-10-21T11:47:00.000Z,2911,11.899999999998556
2025-10-21T13:00:00.000Z,USD/JPY,SELL,2025-10-21T13:02:00.000Z,2911,9.999999999999432
2025-10-21T13:00:00.000Z,EUR/JPY,SELL,2025-10-21T13:02:00.000Z,2911,9.999999999999432
2025-10-21T13:15:00.000Z,AUD/JPY,SELL,2025-10-21T13:17:00.000Z,2911,9.999999999999432
2025-10-22T00:45:00.000Z,USD/JPY,BUY,2025-10-22T00:47:00.000Z,2911,9.999999999999432
2025-10-22T00:45:00.000Z,EUR/JPY,BUY,2025-10-22T00:47:00.000Z,2911,9.999999999999432
2025-10-22T01:15:00.000Z,EUR/JPY,BUY,2025-10-22T01:17:00.000Z,2911,9.999999999999432
2025-10-22T01:15:00.000Z,AUD/JPY,BUY,2025-10-22T01:17:00.000Z,2911,10.899999999999466
2025-10-22T01:30:00.000Z,USD/JPY,BUY,2025-10-22T01:32:00.000Z,2911,12.300000000001887
2025-10-22T06:30:00.000Z,AUD/JPY,SELL,2025-10-22T06:32:00.000Z,2911,9.999999999999432
2025-10-22T07:00:00.000Z,AUD/USD,SELL,2025-10-22T07:02:00.000Z,2911,10.000000000000009
2025-10-22T12:00:00.000Z,AUD/USD,BUY,2025-10-22T12:02:00.000Z,2911,10.000000000000009
2025-10-22T16:00:00.000Z,EUR/USD,SELL,2025-10-22T16:02:00.000Z,2911,12.299999999998423
2025-10-22T17:15:00.000Z,EUR/USD,SELL,2025-10-22T17:17:00.000Z,2911,9.999999999998899
2025-10-23T00:45:00.000Z,EUR/USD,BUY,2025-10-23T00:47:00.000Z,2911,9.999999999998899
2025-10-23T01:00:00.000Z,USD/JPY,SELL,2025-10-23T01:02:00.000Z,2911,-49.500000000000455
2025-10-23T01:00:00.000Z,EUR/JPY,SELL,2025-10-23T01:02:00.000Z,2911,-78.39999999999918
2025-10-23T02:00:00.000Z,AUD/JPY,SELL,2025-10-23T02:02:00.000Z,2911,-66.70000000000016
2025-10-23T03:00:00.000Z,EUR/USD,BUY,2025-10-23T03:02:00.000Z,2911,10.200000000000209
2025-10-23T03:45:00.000Z,USD/JPY,SELL,2025-10-23T03:47:00.000Z,2911,-38.80000000000052
2025-10-23T03:45:00.000Z,EUR/JPY,SELL,2025-10-23T03:47:00.000Z,2911,-65.99999999999966
2025-10-23T04:30:00.000Z,USD/JPY,SELL,2025-10-23T04:32:00.000Z,2911,9.999999999999432
2025-10-23T04:30:00.000Z,EUR/USD,BUY,2025-10-23T04:32:00.000Z,2911,9.999999999998899
2025-10-23T06:45:00.000Z,AUD/USD,SELL,2025-10-23T06:47:00.000Z,2911,-5.499999999999394
2025-10-23T07:15:00.000Z,USD/JPY,SELL,2025-10-23T07:17:00.000Z,2911,-28.899999999998727
2025-10-23T07:15:00.000Z,EUR/JPY,SELL,2025-10-23T07:17:00.000Z,2911,-52.00000000000102
2025-10-23T09:30:00.000Z,AUD/JPY,SELL,2025-10-23T09:32:00.000Z,2911,-6.999999999999318
2025-10-23T09:30:00.000Z,AUD/USD,SELL,2025-10-23T09:32:00.000Z,2911,10.000000000000009
2025-10-23T10:30:00.000Z,AUD/JPY,SELL,2025-10-23T10:32:00.000Z,2911,9.999999999999432
2025-10-23T10:30:00.000Z,AUD/USD,SELL,2025-10-23T10:32:00.000Z,2911,10.000000000000009
2025-10-23T15:00:00.000Z,EUR/JPY,SELL,2025-10-23T15:02:00.000Z,2911,-38.59999999999957
2025-10-23T15:00:00.000Z,EUR/USD,SELL,2025-10-23T15:02:00.000Z,2911,12.099999999999334
2025-10-23T15:15:00.000Z,AUD/USD,SELL,2025-10-23T15:17:00.000Z,2911,10.000000000000009
2025-10-23T16:30:00.000Z,EUR/JPY,SELL,2025-10-23T16:32:00.000Z,2911,9.999999999999432
2025-10-23T16:30:00.000Z,AUD/JPY,SELL,2025-10-23T16:32:00.000Z,2911,9.999999999999432
2025-10-24T02:15:00.000Z,USD/JPY,SELL,2025-10-24T02:17:00.000Z,2911,11.299999999999955
2025-10-24T02:45:00.000Z,USD/JPY,SELL,2025-10-24T02:47:00.000Z,2911,12.999999999999545
2025-10-24T02:45:00.000Z,EUR/JPY,SELL,2025-10-24T02:47:00.000Z,2911,-36.89999999999998
2025-10-24T03:15:00.000Z,AUD/USD,BUY,2025-10-24T03:17:00.000Z,2911,10.099999999999554
2025-10-24T05:45:00.000Z,USD/JPY,SELL,2025-10-24T05:47:00.000Z,2911,12.399999999999523
2025-10-24T05:45:00.000Z,EUR/USD,BUY,2025-10-24T05:47:00.000Z,2911,9.999999999998899
2025-10-24T13:00:00.000Z,USD/JPY,BUY,2025-10-24T13:02:00.000Z,2911,9.999999999999432
2025-10-24T13:00:00.000Z,EUR/USD,SELL,2025-10-24T13:02:00.000Z,2911,9.999999999998899
2025-10-24T13:00:00.000Z,AUD/USD,SELL,2025-10-24T13:02:00.000Z,2911,10.000000000000009
2025-10-26T23:00:00.000Z,AUD/USD,SELL,2025-10-26T23:02:00.000Z,2912,-24.100000000000232
2025-10-26T23:30:00.000Z,USD/JPY,SELL,2025-10-26T23:32:00.000Z,2912,9.999999999999432
2025-10-26T23:30:00.000Z,AUD/USD,SELL,2025-10-26T23:32:00.000Z,2912,-26.800000000000157
2025-10-26T23:45:00.000Z,EUR/JPY,SELL,2025-10-26T23:47:00.000Z,2912,9.999999999999432
2025-10-26T23:45:00.000Z,AUD/JPY,SELL,2025-10-26T23:47:00.000Z,2912,9.999999999999432
2025-10-27T00:30:00.000Z,AUD/JPY,SELL,2025-10-27T00:32:00.000Z,2912,9.999999999999432
2025-10-27T01:45:00.000Z,EUR/USD,SELL,2025-10-27T01:47:00.000Z,2912,-18.800000000001038
2025-10-27T06:45:00.000Z,AUD/USD,SELL,2025-10-27T06:47:00.000Z,2912,10.700000000000154
2025-10-27T14:00:00.000Z,EUR/JPY,SELL,2025-10-27T14:02:00.000Z,2912,10.599999999999454
2025-10-28T00:00:00.000Z,USD/JPY,BUY,2025-10-28T00:02:00.000Z,2912,-100
2025-10-28T00:45:00.000Z,AUD/JPY,BUY,2025-10-28T00:47:00.000Z,2912,12.699999999999534
2025-10-28T01:00:00.000Z,EUR/USD,SELL,2025-10-28T01:02:00.000Z,2912,10.699999999999044
2025-10-28T01:30:00.000Z,USD/JPY,BUY,2025-10-28T01:32:00.000Z,2912,-59.00000000000034
2025-10-28T01:30:00.000Z,EUR/JPY,BUY,2025-10-28T01:32:00.000Z,2912,-82.90000000000077
2025-10-28T01:30:00.000Z,EUR/USD,SELL,2025-10-28T01:32:00.000Z,2912,11.699999999998933
2025-10-28T02:00:00.000Z,USD/JPY,BUY,2025-10-28T02:02:00.000Z,2912,-43.00000000000068
2025-10-28T02:00:00.000Z,EUR/JPY,BUY,2025-10-28T02:02:00.000Z,2912,-71.0000000000008
2025-10-28T02:15:00.000Z,AUD/JPY,BUY,2025-10-28T02:17:00.000Z,2912,12.000000000000455
2025-10-28T06:30:00.000Z,USD/JPY,BUY,2025-10-28T06:32:00.000Z,2912,9.999999999999432
2025-10-28T06:30:00.000Z,EUR/JPY,BUY,2025-10-28T06:32:00.000Z,2912,9.999999999999432
2025-10-28T07:15:00.000Z,AUD/JPY,BUY,2025-10-28T07:17:00.000Z,2912,9.999999999999432
2025-10-28T09:00:00.000Z,AUD/JPY,BUY,2025-10-28T09:02:00.000Z,2912,9.999999999999432
2025-10-28T09:15:00.000Z,EUR/JPY,BUY,2025-10-28T09:17:00.000Z,2912,10.099999999997067
2025-10-28T13:45:00.000Z,EUR/USD,BUY,2025-10-28T13:47:00.000Z,2912,9.999999999998899
2025-10-28T15:45:00.000Z,AUD/JPY,SELL,2025-10-28T15:47:00.000Z,2912,13.19999999999908
2025-10-28T18:45:00.000Z,AUD/USD,SELL,2025-10-28T18:47:00.000Z,2912,10.199999999999099
2025-10-28T19:00:00.000Z,AUD/JPY,SELL,2025-10-28T19:02:00.000Z,2912,9.999999999999432
2025-10-28T19:15:00.000Z,AUD/USD,SELL,2025-10-28T19:17:00.000Z,2912,10.000000000000009
2025-10-29T00:30:00.000Z,USD/JPY,BUY,2025-10-29T00:32:00.000Z,2912,9.999999999999432
2025-10-29T00:30:00.000Z,EUR/JPY,BUY,2025-10-29T00:32:00.000Z,2912,10.099999999999909
2025-10-29T00:30:00.000Z,AUD/JPY,BUY,2025-10-29T00:32:00.000Z,2912,0
2025-10-29T01:00:00.000Z,AUD/USD,SELL,2025-10-29T01:02:00.000Z,2912,10.799999999999699
2025-10-29T01:15:00.000Z,USD/JPY,BUY,2025-10-29T01:17:00.000Z,2912,9.999999999999432
2025-10-29T01:30:00.000Z,EUR/JPY,BUY,2025-10-29T01:32:00.000Z,2912,9.999999999999432
2025-10-29T06:00:00.000Z,USD/JPY,SELL,2025-10-29T06:02:00.000Z,2912,12.399999999999523
2025-10-29T06:00:00.000Z,AUD/JPY,SELL,2025-10-29T06:02:00.000Z,2912,10.69999999999851
2025-10-29T07:15:00.000Z,EUR/USD,BUY,2025-10-29T07:17:00.000Z,2912,9.999999999998899
2025-10-29T08:00:00.000Z,AUD/USD,SELL,2025-10-29T08:02:00.000Z,2912,10.000000000000009
2025-10-29T19:00:00.000Z,AUD/USD,BUY,2025-10-29T19:02:00.000Z,2912,13.699999999999823
2025-10-29T19:45:00.000Z,AUD/USD,BUY,2025-10-29T19:47:00.000Z,2912,10.000000000000009
2025-10-29T20:00:00.000Z,USD/JPY,SELL,2025-10-29T20:02:00.000Z,2912,12.000000000000455
2025-10-29T20:00:00.000Z,EUR/USD,BUY,2025-10-29T20:02:00.000Z,2912,11.000000000001009
2025-10-30T07:00:00.000Z,EUR/JPY,SELL,2025-10-30T07:02:00.000Z,2912,15.200000000001523
2025-10-30T07:30:00.000Z,EUR/JPY,SELL,2025-10-30T07:32:00.000Z,2912,14.900000000000091
2025-10-30T08:45:00.000Z,USD/JPY,SELL,2025-10-30T08:47:00.000Z,2912,9.999999999999432
2025-10-30T09:45:00.000Z,EUR/JPY,SELL,2025-10-30T09:47:00.000Z,2912,10.099999999999909
2025-10-30T10:30:00.000Z,EUR/JPY,SELL,2025-10-30T10:32:00.000Z,2912,11.299999999999955
2025-10-30T11:15:00.000Z,USD/JPY,SELL,2025-10-30T11:17:00.000Z,2912,13.49999999999909
2025-10-30T13:30:00.000Z,EUR/USD,BUY,2025-10-30T13:32:00.000Z,2912,9.999999999998899
2025-10-30T13:45:00.000Z,USD/JPY,SELL,2025-10-30T13:47:00.000Z,2912,20.90000000000032
2025-10-30T14:00:00.000Z,AUD/USD,BUY,2025-10-30T14:02:00.000Z,2912,10.000000000000009
2025-10-31T02:00:00.000Z,USD/JPY,BUY,2025-10-31T02:02:00.000Z,2912,9.999999999999432
2025-10-31T02:00:00.000Z,EUR/JPY,BUY,2025-10-31T02:02:00.000Z,2912,9.999999999999432
2025-10-31T02:00:00.000Z,AUD/JPY,BUY,2025-10-31T02:02:00.000Z,2912,9.999999999999432
2025-10-31T07:30:00.000Z,USD/JPY,SELL,2025-10-31T07:32:00.000Z,2912,9.999999999999432
2025-10-31T07:30:00.000Z,AUD/USD,BUY,2025-10-31T07:32:00.000Z,2912,10.000000000000009
2025-10-31T08:45:00.000Z,EUR/JPY,SELL,2025-10-31T08:47:00.000Z,2912,10.200000000000387
2025-10-31T14:00:00.000Z,EUR/USD,BUY,2025-10-31T14:02:00.000Z,2912,-7.500000000000284
2025-10-31T14:45:00.000Z,EUR/USD,BUY,2025-10-31T14:47:00.000Z,2912,9.999999999998899
2025-10-31T16:00:00.000Z,EUR/JPY,BUY,2025-10-31T16:02:00.000Z,2912,-16.59999999999968
2025-11-03T06:00:00.000Z,AUD/USD,SELL,2025-11-03T06:02:00.000Z,2913,10.400000000000409
2025-11-03T07:00:00.000Z,EUR/JPY,SELL,2025-11-03T07:02:00.000Z,2913,16.200000000000614
2025-11-03T07:30:00.000Z,EUR/JPY,SELL,2025-11-03T07:32:00.000Z,2913,12.399999999999523
2025-11-03T07:30:00.000Z,AUD/JPY,SELL,2025-11-03T07:32:00.000Z,2913,12.699999999999534
2025-11-03T09:30:00.000Z,EUR/JPY,BUY,2025-11-03T09:32:00.000Z,2913,9.999999999999432
2025-11-03T09:30:00.000Z,EUR/USD,BUY,2025-11-03T09:32:00.000Z,2913,10.999999999998789
2025-11-03T15:45:00.000Z,AUD/JPY,BUY,2025-11-03T15:47:00.000Z,2913,11.099999999999
2025-11-03T15:45:00.000Z,AUD/USD,BUY,2025-11-03T15:47:00.000Z,2913,10.700000000000154
2025-11-04T00:30:00.000Z,USD/JPY,SELL,2025-11-04T00:32:00.000Z,2913,9.999999999999432
2025-11-04T00:45:00.000Z,EUR/USD,BUY,2025-11-04T00:47:00.000Z,2913,9.999999999998899
2025-11-04T01:45:00.000Z,USD/JPY,SELL,2025-11-04T01:47:00.000Z,2913,11.699999999999022
2025-11-04T01:45:00.000Z,EUR/USD,BUY,2025-11-04T01:47:00.000Z,2913,9.999999999998899
2025-11-04T03:15:00.000Z,AUD/JPY,BUY,2025-11-04T03:17:00.000Z,2913,-124.79999999999905
2025-11-04T05:00:00.000Z,USD/JPY,BUY,2025-11-04T05:02:00.000Z,2913,-57.79999999999745
2025-11-04T05:00:00.000Z,EUR/JPY,BUY,2025-11-04T05:02:00.000Z,2913,-95.09999999999934
2025-11-04T06:45:00.000Z,EUR/JPY,BUY,2025-11-04T06:47:00.000Z,2913,12.5
2025-11-04T08:00:00.000Z,USD/JPY,BUY,2025-11-04T08:02:00.000Z,2913,10.599999999999454
2025-11-04T08:00:00.000Z,EUR/JPY,BUY,2025-11-04T08:02:00.000Z,2913,-64.79999999999961
2025-11-04T08:00:00.000Z,AUD/JPY,BUY,2025-11-04T08:02:00.000Z,2913,-44.299999999999784
2025-11-04T10:30:00.000Z,EUR/JPY,BUY,2025-11-04T10:32:00.000Z,2913,-11.699999999999022
2025-11-04T10:30:00.000Z,AUD/JPY,BUY,2025-11-04T10:32:00.000Z,2913,-11.599999999999966
2025-11-04T10:30:00.000Z,AUD/USD,BUY,2025-11-04T10:32:00.000Z,2913,-17.600000000000946
2025-11-04T12:00:00.000Z,EUR/JPY,BUY,2025-11-04T12:02:00.000Z,2913,9.999999999999432
2025-11-04T13:00:00.000Z,EUR/JPY,BUY,2025-11-04T13:02:00.000Z,2913,10.300000000000864
2025-11-04T13:00:00.000Z,EUR/USD,BUY,2025-11-04T13:02:00.000Z,2913,1.4999999999987246
2025-11-04T14:30:00.000Z,AUD/JPY,BUY,2025-11-04T14:32:00.000Z,2913,10.099999999999909
2025-11-04T15:00:00.000Z,EUR/JPY,BUY,2025-11-04T15:02:00.000Z,2913,9.999999999999432
2025-11-04T15:00:00.000Z,AUD/JPY,BUY,2025-11-04T15:02:00.000Z,2913,9.999999999999432
2025-11-04T15:00:00.000Z,AUD/USD,BUY,2025-11-04T15:02:00.000Z,2913,10.000000000000009
2025-11-04T15:30:00.000Z,EUR/JPY,BUY,2025-11-04T15:32:00.000Z,2913,9.999999999999432
2025-11-05T01:00:00.000Z,AUD/USD,BUY,2025-11-05T01:02:00.000Z,2913,13.500000000000734
2025-11-05T01:45:00.000Z,AUD/USD,BUY,2025-11-05T01:47:00.000Z,2913,10.000000000000009
2025-11-05T02:00:00.000Z,USD/JPY,BUY,2025-11-05T02:02:00.000Z,2913,16.70000000000016
2025-11-05T02:00:00.000Z,EUR/JPY,BUY,2025-11-05T02:02:00.000Z,2913,13.400000000001455
2025-11-05T02:15:00.000Z,AUD/JPY,BUY,2025-11-05T02:17:00.000Z,2913,16.399999999998727
2025-11-05T14:00:00.000Z,EUR/JPY,SELL,2025-11-05T14:02:00.000Z,2913,-40.500000000000114
2025-11-05T14:15:00.000Z,AUD/JPY,SELL,2025-11-05T14:17:00.000Z,2913,10.699999999999932
2025-11-05T14:45:00.000Z,USD/JPY,SELL,2025-11-05T14:47:00.000Z,2913,9.999999999999432
2025-11-05T16:15:00.000Z,EUR/JPY,SELL,2025-11-05T16:17:00.000Z,2913,9.999999999999432
2025-11-05T17:00:00.000Z,USD/JPY,SELL,2025-11-05T17:02:00.000Z,2913,9.999999999999432
2025-11-05T17:30:00.000Z,AUD/USD,SELL,2025-11-05T17:32:00.000Z,2913,10.000000000000009
2025-11-05T18:00:00.000Z,AUD/JPY,SELL,2025-11-05T18:02:00.000Z,2913,9.999999999999432
2025-11-06T00:45:00.000Z,EUR/USD,SELL,2025-11-06T00:47:00.000Z,2913,-40.29999999999978
2025-11-06T02:45:00.000Z,EUR/USD,SELL,2025-11-06T02:47:00.000Z,2913,-35.60000000000007
2025-11-06T04:30:00.000Z,EUR/USD,SELL,2025-11-06T04:32:00.000Z,2913,-28.799999999999937
2025-11-06T14:00:00.000Z,EUR/USD,SELL,2025-11-06T14:02:00.000Z,2913,9.999999999998899
2025-11-06T15:30:00.000Z,USD/JPY,BUY,2025-11-06T15:32:00.000Z,2913,9.999999999999432
2025-11-06T15:30:00.000Z,EUR/JPY,BUY,2025-11-06T15:32:00.000Z,2913,10.699999999999932
2025-11-06T15:30:00.000Z,AUD/USD,BUY,2025-11-06T15:32:00.000Z,2913,11.800000000000699
2025-11-06T17:15:00.000Z,AUD/USD,BUY,2025-11-06T17:17:00.000Z,2913,10.100000000000664
2025-11-06T17:45:00.000Z,EUR/JPY,BUY,2025-11-06T17:47:00.000Z,2913,0
2025-11-06T17:45:00.000Z,AUD/USD,BUY,2025-11-06T17:47:00.000Z,2913,10.000000000000009
2025-11-06T18:00:00.000Z,USD/JPY,BUY,2025-11-06T18:02:00.000Z,2913,9.999999999999432
2025-11-06T18:00:00.000Z,AUD/JPY,BUY,2025-11-06T18:02:00.000Z,2913,9.999999999999432
2025-11-07T07:15:00.000Z,USD/JPY,SELL,2025-11-07T07:17:00.000Z,2913,9.999999999999432
2025-11-07T07:45:00.000Z,AUD/JPY,SELL,2025-11-07T07:47:00.000Z,2913,9.999999999999432
2025-11-07T12:45:00.000Z,EUR/USD,SELL,2025-11-07T12:47:00.000Z,2913,-11.400000000001409
2025-11-07T14:45:00.000Z,EUR/JPY,SELL,2025-11-07T14:47:00.000Z,2913,10.499999999998977
2025-11-07T16:00:00.000Z,EUR/USD,SELL,2025-11-07T16:02:00.000Z,2913,10.999999999998789
2025-11-07T20:15:00.000Z,USD/JPY,SELL,2025-11-07T20:17:00.000Z,2913,-6.000000000000227
2025-11-07T20:15:00.000Z,AUD/JPY,SELL,2025-11-07T20:17:00.000Z,2913,-8.899999999999864
2025-11-09T22:30:00.000Z,EUR/JPY,SELL,2025-11-09T22:32:00.000Z,2914,9.999999999999432
2025-11-09T22:45:00.000Z,USD/JPY,SELL,2025-11-09T22:47:00.000Z,2914,9.999999999999432
2025-11-09T22:45:00.000Z,AUD/JPY,SELL,2025-11-09T22:47:00.000Z,2914,-92.9000000000002
2025-11-10T00:15:00.000Z,EUR/USD,BUY,2025-11-10T00:17:00.000Z,2914,9.999999999998899
2025-11-10T00:30:00.000Z,USD/JPY,SELL,2025-11-10T00:32:00.000Z,2914,-35.40000000000134
2025-11-10T01:30:00.000Z,USD/JPY,SELL,2025-11-10T01:32:00.000Z,2914,-58.899999999999864
2025-11-10T02:15:00.000Z,AUD/USD,SELL,2025-11-10T02:17:00.000Z,2914,-16.599999999999948
2025-11-10T03:00:00.000Z,AUD/USD,SELL,2025-11-10T03:02:00.000Z,2914,-8.799999999999919
2025-11-10T03:45:00.000Z,EUR/JPY,SELL,2025-11-10T03:47:00.000Z,2914,9.999999999999432
2025-11-10T03:45:00.000Z,AUD/JPY,SELL,2025-11-10T03:47:00.000Z,2914,-40.30000000000058
2025-11-10T04:00:00.000Z,USD/JPY,SELL,2025-11-10T04:02:00.000Z,2914,9.999999999999432
2025-11-10T04:45:00.000Z,AUD/JPY,SELL,2025-11-10T04:47:00.000Z,2914,-39.00000000000006
2025-11-10T05:30:00.000Z,USD/JPY,SELL,2025-11-10T05:32:00.000Z,2914,-24.600000000000932
2025-11-10T05:30:00.000Z,EUR/JPY,SELL,2025-11-10T05:32:00.000Z,2914,10.899999999998045
2025-11-10T06:00:00.000Z,AUD/USD,SELL,2025-11-10T06:02:00.000Z,2914,10.000000000000009
2025-11-10T06:45:00.000Z,AUD/USD,SELL,2025-11-10T06:47:00.000Z,2914,10.000000000000009
2025-11-10T07:30:00.000Z,USD/JPY,SELL,2025-11-10T07:32:00.000Z,2914,9.999999999999432
2025-11-10T07:30:00.000Z,EUR/JPY,SELL,2025-11-10T07:32:00.000Z,2914,10.300000000000864
2025-11-10T07:45:00.000Z,AUD/JPY,SELL,2025-11-10T07:47:00.000Z,2914,9.999999999999432
2025-11-10T08:15:00.000Z,AUD/JPY,SELL,2025-11-10T08:17:00.000Z,2914,9.999999999999432
2025-11-10T10:00:00.000Z,EUR/JPY,SELL,2025-11-10T10:02:00.000Z,2914,9.999999999999432
2025-11-10T10:00:00.000Z,AUD/USD,SELL,2025-11-10T10:02:00.000Z,2914,10.000000000000009
2025-11-10T10:15:00.000Z,AUD/JPY,SELL,2025-11-10T10:17:00.000Z,2914,10.39999999999992
2025-11-10T16:15:00.000Z,EUR/JPY,BUY,2025-11-10T16:17:00.000Z,2914,12.000000000000455
2025-11-10T17:30:00.000Z,EUR/JPY,BUY,2025-11-10T17:32:00.000Z,2914,0
2025-11-11T01:45:00.000Z,AUD/JPY,SELL,2025-11-11T01:47:00.000Z,2914,9.999999999999432
2025-11-11T02:00:00.000Z,USD/JPY,SELL,2025-11-11T02:02:00.000Z,2914,9.999999999999432
2025-11-11T02:00:00.000Z,EUR/JPY,SELL,2025-11-11T02:02:00.000Z,2914,9.999999999999432
2025-11-11T02:30:00.000Z,EUR/JPY,SELL,2025-11-11T02:32:00.000Z,2914,9.999999999999432
2025-11-11T05:30:00.000Z,AUD/USD,BUY,2025-11-11T05:32:00.000Z,2914,10.000000000000009
2025-11-11T06:15:00.000Z,AUD/JPY,BUY,2025-11-11T06:17:00.000Z,2914,11.499999999998067
2025-11-11T06:15:00.000Z,AUD/USD,BUY,2025-11-11T06:17:00.000Z,2914,10.799999999999699
2025-11-11T07:30:00.000Z,AUD/USD,BUY,2025-11-11T07:32:00.000Z,2914,10.000000000000009
2025-11-11T14:00:00.000Z,AUD/USD,SELL,2025-11-11T14:02:00.000Z,2914,10.199999999999099
2025-11-11T14:15:00.000Z,USD/JPY,BUY,2025-11-11T14:17:00.000Z,2914,9.999999999999432
2025-11-11T15:15:00.000Z,EUR/USD,SELL,2025-11-11T15:17:00.000Z,2914,12.099999999999334
2025-11-11T15:45:00.000Z,EUR/USD,SELL,2025-11-11T15:47:00.000Z,2914,9.999999999998899
2025-11-12T03:00:00.000Z,USD/JPY,SELL,2025-11-12T03:02:00.000Z,2914,10.3999999999985
2025-11-12T05:30:00.000Z,AUD/JPY,SELL,2025-11-12T05:32:00.000Z,2914,-67.89999999999878
2025-11-12T06:00:00.000Z,USD/JPY,SELL,2025-11-12T06:02:00.000Z,2914,11.999999999997613
2025-11-12T06:00:00.000Z,EUR/JPY,SELL,2025-11-12T06:02:00.000Z,2914,-41.29999999999825
2025-11-12T06:30:00.000Z,USD/JPY,SELL,2025-11-12T06:32:00.000Z,2914,9.999999999999432
2025-11-12T06:30:00.000Z,EUR/JPY,SELL,2025-11-12T06:32:00.000Z,2914,-39.90000000000009
2025-11-12T07:45:00.000Z,AUD/USD,SELL,2025-11-12T07:47:00.000Z,2914,-36.49999999999931
2025-11-12T08:45:00.000Z,EUR/JPY,SELL,2025-11-12T08:47:00.000Z,2914,9.999999999999432
2025-11-12T10:00:00.000Z,USD/JPY,SELL,2025-11-12T10:02:00.000Z,2914,9.999999999999432
2025-11-12T10:00:00.000Z,AUD/JPY,SELL,2025-11-12T10:02:00.000Z,2914,-40.099999999999625
2025-11-12T13:15:00.000Z,AUD/JPY,SELL,2025-11-12T13:17:00.000Z,2914,9.999999999999432
2025-11-12T14:45:00.000Z,USD/JPY,SELL,2025-11-12T14:47:00.000Z,2914,9.999999999999432
2025-11-12T16:30:00.000Z,EUR/USD,SELL,2025-11-12T16:32:00.000Z,2914,9.999999999998899
2025-11-13T01:30:00.000Z,AUD/JPY,SELL,2025-11-13T01:32:00.000Z,2914,15.999999999999659
2025-11-13T02:00:00.000Z,AUD/JPY,SELL,2025-11-13T02:02:00.000Z,2914,9.999999999999432
2025-11-13T02:00:00.000Z,AUD/USD,SELL,2025-11-13T02:02:00.000Z,2914,11.200000000000099
2025-11-13T08:00:00.000Z,AUD/JPY,SELL,2025-11-13T08:02:00.000Z,2914,9.999999999999432
2025-11-13T08:30:00.000Z,EUR/JPY,SELL,2025-11-13T08:32:00.000Z,2914,9.999999999999432
2025-11-13T09:15:00.000Z,AUD/USD,SELL,2025-11-13T09:17:00.000Z,2914,10.200000000000209
2025-11-13T09:45:00.000Z,USD/JPY,BUY,2025-11-13T09:47:00.000Z,2914,11.199999999999477
2025-11-13T09:45:00.000Z,EUR/USD,SELL,2025-11-13T09:47:00.000Z,2914,-6.900000000000794
2025-11-13T14:00:00.000Z,AUD/USD,BUY,2025-11-13T14:02:00.000Z,2914,-31.200000000000117
2025-11-13T15:00:00.000Z,AUD/USD,BUY,2025-11-13T15:02:00.000Z,2914,11.800000000000699
2025-11-13T15:15:00.000Z,AUD/JPY,BUY,2025-11-13T15:17:00.000Z,2914,-33.29999999999984
2025-11-13T16:00:00.000Z,AUD/JPY,BUY,2025-11-13T16:02:00.000Z,2914,9.999999999999432
2025-11-13T16:00:00.000Z,EUR/USD,SELL,2025-11-13T16:02:00.000Z,2914,9.999999999998899
2025-11-13T16:15:00.000Z,USD/JPY,BUY,2025-11-13T16:17:00.000Z,2914,9.999999999999432
2025-11-13T18:15:00.000Z,EUR/USD,SELL,2025-11-13T18:17:00.000Z,2914,10.499999999999954
2025-11-13T19:00:00.000Z,AUD/JPY,BUY,2025-11-13T19:02:00.000Z,2914,11.199999999999477
2025-11-13T19:30:00.000Z,AUD/USD,BUY,2025-11-13T19:32:00.000Z,2914,10.099999999999554
2025-11-14T10:45:00.000Z,EUR/USD,BUY,2025-11-14T10:47:00.000Z,2914,9.999999999998899
2025-11-14T11:45:00.000Z,EUR/USD,BUY,2025-11-14T11:47:00.000Z,2914,10.499999999999954
2025-11-14T12:00:00.000Z,AUD/USD,BUY,2025-11-14T12:02:00.000Z,2914,11.799999999999589
2025-11-14T13:15:00.000Z,EUR/USD,SELL,2025-11-14T13:17:00.000Z,2914,11.799999999999589
2025-11-14T14:00:00.000Z,USD/JPY,BUY,2025-11-14T14:02:00.000Z,2914,10.899999999998045
2025-11-14T14:00:00.000Z,EUR/JPY,BUY,2025-11-14T14:02:00.000Z,2914,11.000000000001364
2025-11-14T14:00:00.000Z,AUD/JPY,BUY,2025-11-14T14:02:00.000Z,2914,12.800000000000011
2025-11-14T16:45:00.000Z,AUD/USD,SELL,2025-11-14T16:47:00.000Z,2914,10.000000000000009
2025-11-17T02:15:00.000Z,AUD/USD,BUY,2025-11-17T02:17:00.000Z,2915,10.299999999999754
2025-11-17T04:30:00.000Z,EUR/USD,BUY,2025-11-17T04:32:00.000Z,2915,9.999999999998899
2025-11-17T08:30:00.000Z,AUD/JPY,SELL,2025-11-17T08:32:00.000Z,2915,13.89999999999958
2025-11-17T16:00:00.000Z,USD/JPY,SELL,2025-11-17T16:02:00.000Z,2915,9.999999999999432
2025-11-17T16:15:00.000Z,EUR/JPY,SELL,2025-11-17T16:17:00.000Z,2915,10.80000000000041
2025-11-17T20:30:00.000Z,AUD/JPY,BUY,2025-11-17T20:32:00.000Z,2915,9.999999999999432
2025-11-17T21:00:00.000Z,AUD/USD,BUY,2025-11-17T21:02:00.000Z,2915,10.000000000000009
2025-11-18T01:15:00.000Z,AUD/USD,BUY,2025-11-18T01:17:00.000Z,2915,10.000000000000009
2025-11-18T04:45:00.000Z,USD/JPY,BUY,2025-11-18T04:47:00.000Z,2915,12.299999999999045
2025-11-18T04:45:00.000Z,EUR/JPY,BUY,2025-11-18T04:47:00.000Z,2915,14.099999999999113
2025-11-18T04:45:00.000Z,AUD/JPY,BUY,2025-11-18T04:47:00.000Z,2915,11.899999999998556
2025-11-18T04:45:00.000Z,AUD/USD,BUY,2025-11-18T04:47:00.000Z,2915,10.199999999999099
2025-11-18T12:15:00.000Z,AUD/JPY,SELL,2025-11-18T12:17:00.000Z,2915,11.7999999999995
2025-11-18T14:00:00.000Z,AUD/USD,SELL,2025-11-18T14:02:00.000Z,2915,10.000000000000009
2025-11-18T18:15:00.000Z,USD/JPY,SELL,2025-11-18T18:17:00.000Z,2915,-111.69999999999902
2025-11-18T18:30:00.000Z,AUD/JPY,SELL,2025-11-18T18:32:00.000Z,2915,11.199999999999477
2025-11-19T02:15:00.000Z,AUD/USD,BUY,2025-11-19T02:17:00.000Z,2915,-18.69999999999927
2025-11-19T03:30:00.000Z,EUR/JPY,BUY,2025-11-19T03:32:00.000Z,2915,9.999999999999432
2025-11-19T03:30:00.000Z,AUD/USD,BUY,2025-11-19T03:32:00.000Z,2915,-5.3000000000003045
2025-11-19T04:30:00.000Z,AUD/JPY,BUY,2025-11-19T04:32:00.000Z,2915,10.699999999999932
2025-11-19T05:45:00.000Z,AUD/USD,BUY,2025-11-19T05:47:00.000Z,2915,-2.1999999999999797
2025-11-19T08:00:00.000Z,EUR/JPY,SELL,2025-11-19T08:02:00.000Z,2915,-123.79999999999995
2025-11-19T10:15:00.000Z,EUR/JPY,SELL,2025-11-19T10:17:00.000Z,2915,-80.89999999999975
2025-11-19T11:15:00.000Z,AUD/JPY,SELL,2025-11-19T11:17:00.000Z,2915,12.899999999999068
2025-11-19T13:00:00.000Z,AUD/JPY,SELL,2025-11-19T13:02:00.000Z,2915,9.999999999999432
2025-11-19T13:15:00.000Z,USD/JPY,SELL,2025-11-19T13:17:00.000Z,2915,-160.99999999999852
2025-11-19T13:15:00.000Z,EUR/JPY,SELL,2025-11-19T13:17:00.000Z,2915,9.999999999999432
2025-11-19T13:45:00.000Z,EUR/JPY,SELL,2025-11-19T13:47:00.000Z,2915,9.999999999999432
2025-11-19T15:15:00.000Z,AUD/JPY,SELL,2025-11-19T15:17:00.000Z,2915,13.400000000000034
2025-11-19T16:00:00.000Z,USD/JPY,SELL,2025-11-19T16:02:00.000Z,2915,-109.49999999999989
2025-11-19T16:00:00.000Z,EUR/USD,BUY,2025-11-19T16:02:00.000Z,2915,-17.000000000000348
2025-11-19T16:45:00.000Z,USD/JPY,SELL,2025-11-19T16:47:00.000Z,2915,-91.10000000000014
2025-11-19T16:45:00.000Z,AUD/USD,BUY,2025-11-19T16:47:00.000Z,2915,10.000000000000009
2025-11-19T17:00:00.000Z,EUR/USD,BUY,2025-11-19T17:02:00.000Z,2915,9.999999999998899
2025-11-19T18:00:00.000Z,USD/JPY,SELL,2025-11-19T18:02:00.000Z,2915,-78.60000000000014
2025-11-19T18:00:00.000Z,AUD/USD,BUY,2025-11-19T18:02:00.000Z,2915,10.000000000000009
2025-11-19T18:45:00.000Z,USD/JPY,SELL,2025-11-19T18:47:00.000Z,2915,-71.0000000000008
2025-11-19T18:45:00.000Z,EUR/USD,BUY,2025-11-19T18:47:00.000Z,2915,9.999999999998899
2025-11-19T20:15:00.000Z,EUR/USD,BUY,2025-11-19T20:17:00.000Z,2915,9.999999999998899
2025-11-19T21:00:00.000Z,USD/JPY,SELL,2025-11-19T21:02:00.000Z,2915,-64.09999999999911
2025-11-19T22:15:00.000Z,USD/JPY,SELL,2025-11-19T22:17:00.000Z,2915,-46.89999999999941
2025-11-19T22:15:00.000Z,AUD/JPY,SELL,2025-11-19T22:17:00.000Z,2915,9.999999999999432
2025-11-19T22:45:00.000Z,USD/JPY,SELL,2025-11-19T22:47:00.000Z,2915,-47.49999999999943
2025-11-19T23:30:00.000Z,EUR/JPY,SELL,2025-11-19T23:32:00.000Z,2915,9.999999999999432
2025-11-20T00:00:00.000Z,AUD/JPY,SELL,2025-11-20T00:02:00.000Z,2915,9.999999999999432
2025-11-20T02:45:00.000Z,USD/JPY,SELL,2025-11-20T02:47:00.000Z,2915,9.999999999999432
2025-11-20T02:45:00.000Z,EUR/USD,BUY,2025-11-20T02:47:00.000Z,2915,9.999999999998899
2025-11-20T04:00:00.000Z,EUR/USD,BUY,2025-11-20T04:02:00.000Z,2915,10.099999999999554
2025-11-20T06:30:00.000Z,USD/JPY,SELL,2025-11-20T06:32:00.000Z,2915,13.100000000000023
2025-11-20T07:15:00.000Z,USD/JPY,SELL,2025-11-20T07:17:00.000Z,2915,9.999999999999432
2025-11-20T07:15:00.000Z,EUR/JPY,SELL,2025-11-20T07:17:00.000Z,2915,9.999999999999432
2025-11-20T15:00:00.000Z,EUR/JPY,SELL,2025-11-20T15:02:00.000Z,2915,11.499999999998067
2025-11-20T15:00:00.000Z,EUR/USD,SELL,2025-11-20T15:02:00.000Z,2915,9.999999999998899
2025-11-20T15:15:00.000Z,AUD/JPY,SELL,2025-11-20T15:17:00.000Z,2915,9.999999999999432
2025-11-20T15:30:00.000Z,EUR/JPY,SELL,2025-11-20T15:32:00.000Z,2915,9.999999999999432
2025-11-20T18:00:00.000Z,AUD/JPY,BUY,2025-11-20T18:02:00.000Z,2915,9.999999999999432
2025-11-20T18:15:00.000Z,AUD/USD,BUY,2025-11-20T18:17:00.000Z,2915,-9.500000000000064
2025-11-21T08:45:00.000Z,USD/JPY,BUY,2025-11-21T08:47:00.000Z,2915,10.999999999998522
2025-11-21T08:45:00.000Z,EUR/JPY,BUY,2025-11-21T08:47:00.000Z,2915,-99.89999999999952
2025-11-21T08:45:00.000Z,AUD/JPY,BUY,2025-11-21T08:47:00.000Z,2915,9.999999999999432
2025-11-21T10:45:00.000Z,AUD/JPY,BUY,2025-11-21T10:47:00.000Z,2915,9.999999999999432
2025-11-21T10:45:00.000Z,EUR/USD,BUY,2025-11-21T10:47:00.000Z,2915,-6.099999999999994
2025-11-21T10:45:00.000Z,AUD/USD,BUY,2025-11-21T10:47:00.000Z,2915,10.000000000000009
2025-11-21T11:00:00.000Z,EUR/JPY,BUY,2025-11-21T11:02:00.000Z,2915,9.999999999999432
2025-11-21T12:45:00.000Z,EUR/JPY,BUY,2025-11-21T12:47:00.000Z,2915,9.999999999999432
2025-11-21T12:45:00.000Z,EUR/USD,BUY,2025-11-21T12:47:00.000Z,2915,-4.8000000000003595
2025-11-21T15:30:00.000Z,USD/JPY,BUY,2025-11-21T15:32:00.000Z,2915,9.999999999999432
2025-11-21T16:00:00.000Z,EUR/JPY,BUY,2025-11-21T16:02:00.000Z,2915,9.999999999999432
2025-11-24T06:00:00.000Z,EUR/USD,SELL,2025-11-24T06:02:00.000Z,2916,11.599999999998278
2025-11-24T08:00:00.000Z,EUR/JPY,SELL,2025-11-24T08:02:00.000Z,2916,9.999999999999432
2025-11-24T09:30:00.000Z,EUR/JPY,SELL,2025-11-24T09:32:00.000Z,2916,9.999999999999432
2025-11-24T09:45:00.000Z,AUD/USD,BUY,2025-11-24T09:47:00.000Z,2916,10.000000000000009
2025-11-24T12:15:00.000Z,EUR/JPY,SELL,2025-11-24T12:17:00.000Z,2916,9.999999999999432
2025-11-24T13:30:00.000Z,EUR/JPY,SELL,2025-11-24T13:32:00.000Z,2916,9.999999999999432
2025-11-24T15:30:00.000Z,USD/JPY,SELL,2025-11-24T15:32:00.000Z,2916,0
2025-11-25T10:00:00.000Z,USD/JPY,BUY,2025-11-25T10:02:00.000Z,2916,9.999999999999432
2025-11-25T10:00:00.000Z,EUR/JPY,BUY,2025-11-25T10:02:00.000Z,2916,9.999999999999432
2025-11-25T10:00:00.000Z,AUD/JPY,BUY,2025-11-25T10:02:00.000Z,2916,9.999999999999432
2025-11-25T10:30:00.000Z,USD/JPY,BUY,2025-11-25T10:32:00.000Z,2916,9.999999999999432
2025-11-25T10:30:00.000Z,EUR/USD,SELL,2025-11-25T10:32:00.000Z,2916,9.999999999998899
2025-11-25T13:45:00.000Z,EUR/USD,SELL,2025-11-25T13:47:00.000Z,2916,-6.699999999999484
2025-11-25T14:15:00.000Z,EUR/USD,SELL,2025-11-25T14:17:00.000Z,2916,9.999999999998899
2025-11-25T15:00:00.000Z,AUD/JPY,BUY,2025-11-25T15:02:00.000Z,2916,15.200000000000102
2025-11-25T16:00:00.000Z,EUR/USD,SELL,2025-11-25T16:02:00.000Z,2916,9.999999999998899
2025-11-26T01:45:00.000Z,EUR/JPY,SELL,2025-11-26T01:47:00.000Z,2916,17.199999999999704
2025-11-26T01:45:00.000Z,AUD/JPY,SELL,2025-11-26T01:47:00.000Z,2916,16.499999999999204
2025-11-26T02:45:00.000Z,USD/JPY,BUY,2025-11-26T02:47:00.000Z,2916,9.999999999999432
2025-11-26T04:45:00.000Z,AUD/JPY,SELL,2025-11-26T04:47:00.000Z,2916,-48.0000000000004
2025-11-26T06:30:00.000Z,EUR/JPY,SELL,2025-11-26T06:32:00.000Z,2916,9.999999999999432
2025-11-26T06:45:00.000Z,AUD/USD,SELL,2025-11-26T06:47:00.000Z,2916,10.100000000000664
2025-11-26T08:00:00.000Z,EUR/JPY,SELL,2025-11-26T08:02:00.000Z,2916,11.099999999999
2025-11-26T08:30:00.000Z,AUD/JPY,SELL,2025-11-26T08:32:00.000Z,2916,9.999999999999432
2025-11-26T16:30:00.000Z,AUD/JPY,SELL,2025-11-26T16:32:00.000Z,2916,9.999999999999432
2025-11-26T17:00:00.000Z,AUD/USD,SELL,2025-11-26T17:02:00.000Z,2916,-17.50000000000029
2025-11-26T17:15:00.000Z,AUD/JPY,SELL,2025-11-26T17:17:00.000Z,2916,12.499999999998579
2025-11-26T18:45:00.000Z,AUD/USD,SELL,2025-11-26T18:47:00.000Z,2916,-13.400000000000079
2025-11-26T20:45:00.000Z,AUD/JPY,SELL,2025-11-26T20:47:00.000Z,2916,9.999999999999432
2025-11-27T00:00:00.000Z,AUD/USD,SELL,2025-11-27T00:02:00.000Z,2916,-12.999999999999678
2025-11-27T00:45:00.000Z,EUR/JPY,BUY,2025-11-27T00:47:00.000Z,2916,14.19999999999959
2025-11-27T01:45:00.000Z,USD/JPY,BUY,2025-11-27T01:47:00.000Z,2916,15.700000000001069
2025-11-27T01:45:00.000Z,EUR/JPY,BUY,2025-11-27T01:47:00.000Z,2916,12.299999999999045
2025-11-27T03:00:00.000Z,EUR/USD,SELL,2025-11-27T03:02:00.000Z,2916,10.899999999998133
2025-11-27T03:00:00.000Z,AUD/USD,SELL,2025-11-27T03:02:00.000Z,2916,-8.099999999999774
2025-11-27T05:45:00.000Z,AUD/USD,SELL,2025-11-27T05:47:00.000Z,2916,10.200000000000209
2025-11-27T08:00:00.000Z,EUR/USD,BUY,2025-11-27T08:02:00.000Z,2916,9.999999999998899
2025-11-27T09:45:00.000Z,EUR/USD,BUY,2025-11-27T09:47:00.000Z,2916,11.499999999997623
2025-11-28T01:45:00.000Z,AUD/JPY,SELL,2025-11-28T01:47:00.000Z,2916,9.999999999999432
2025-11-28T09:15:00.000Z,EUR/USD,BUY,2025-11-28T09:17:00.000Z,2916,11.599999999998278
2025-11-28T11:15:00.000Z,EUR/USD,BUY,2025-11-28T11:17:00.000Z,2916,12.799999999999478
2025-11-28T11:45:00.000Z,EUR/USD,BUY,2025-11-28T11:47:00.000Z,2916,10.299999999998644
2025-11-28T12:00:00.000Z,EUR/JPY,BUY,2025-11-28T12:02:00.000Z,2916,15.999999999999659
2025-11-28T14:15:00.000Z,USD/JPY,BUY,2025-11-28T14:17:00.000Z,2916,9.999999999999432
2025-11-28T14:30:00.000Z,AUD/USD,SELL,2025-11-28T14:32:00.000Z,2916,-20.90000000000036
2025-11-28T16:15:00.000Z,EUR/USD,SELL,2025-11-28T16:17:00.000Z,2916,-9.100000000001884
2025-11-28T16:30:00.000Z,AUD/JPY,SELL,2025-11-28T16:32:00.000Z,2916,-7.599999999999341
2025-11-28T16:30:00.000Z,AUD/USD,SELL,2025-11-28T16:32:00.000Z,2916,-5.399999999999849
2025-11-28T18:15:00.000Z,EUR/JPY,SELL,2025-11-28T18:17:00.000Z,2916,-3.6000000000001364
2025-12-01T01:00:00.000Z,USD/JPY,BUY,2025-12-01T01:02:00.000Z,2917,9.999999999999432
2025-12-01T01:45:00.000Z,USD/JPY,BUY,2025-12-01T01:47:00.000Z,2917,-10.699999999999932
2025-12-01T02:30:00.000Z,USD/JPY,BUY,2025-12-01T02:32:00.000Z,2917,9.999999999999432
2025-12-01T03:00:00.000Z,USD/JPY,BUY,2025-12-01T03:02:00.000Z,2917,9.999999999999432
2025-12-01T03:30:00.000Z,USD/JPY,BUY,2025-12-01T03:32:00.000Z,2917,9.999999999999432
2025-12-01T03:30:00.000Z,AUD/JPY,BUY,2025-12-01T03:32:00.000Z,2917,11.10000000000042
2025-12-01T04:00:00.000Z,USD/JPY,BUY,2025-12-01T04:02:00.000Z,2917,9.999999999999432
2025-12-01T04:00:00.000Z,EUR/JPY,BUY,2025-12-01T04:02:00.000Z,2917,9.999999999999432
2025-12-01T13:30:00.000Z,EUR/USD,SELL,2025-12-01T13:32:00.000Z,2917,9.999999999998899
2025-12-01T14:00:00.000Z,USD/JPY,BUY,2025-12-01T14:02:00.000Z,2917,0
2025-12-01T14:00:00.000Z,EUR/USD,SELL,2025-12-01T14:02:00.000Z,2917,0
2025-12-02T01:30:00.000Z,USD/JPY,SELL,2025-12-02T01:32:00.000Z,2917,9.999999999999432
2025-12-02T01:30:00.000Z,EUR/JPY,SELL,2025-12-02T01:32:00.000Z,2917,-44.300000000001205
2025-12-02T07:30:00.000Z,EUR/JPY,SELL,2025-12-02T07:32:00.000Z,2917,9.999999999999432
2025-12-02T07:45:00.000Z,AUD/JPY,SELL,2025-12-02T07:47:00.000Z,2917,-28.50000000000108
2025-12-02T08:45:00.000Z,AUD/JPY,SELL,2025-12-02T08:47:00.000Z,2917,10.599999999999454
2025-12-02T09:45:00.000Z,EUR/JPY,SELL,2025-12-02T09:47:00.000Z,2917,10.200000000000387
2025-12-02T10:00:00.000Z,USD/JPY,SELL,2025-12-02T10:02:00.000Z,2917,10.599999999999454
2025-12-02T13:30:00.000Z,EUR/JPY,SELL,2025-12-02T13:32:00.000Z,2917,9.999999999999432
2025-12-02T14:30:00.000Z,EUR/JPY,SELL,2025-12-02T14:32:00.000Z,2917,9.999999999999432
2025-12-02T14:30:00.000Z,AUD/JPY,SELL,2025-12-02T14:32:00.000Z,2917,9.999999999999432
2025-12-02T14:30:00.000Z,AUD/USD,SELL,2025-12-02T14:32:00.000Z,2917,10.000000000000009
2025-12-03T00:45:00.000Z,AUD/USD,SELL,2025-12-03T00:47:00.000Z,2917,-45.100000000000136
2025-12-03T02:00:00.000Z,USD/JPY,BUY,2025-12-03T02:02:00.000Z,2917,-35.20000000000039
2025-12-03T04:15:00.000Z,EUR/USD,SELL,2025-12-03T04:17:00.000Z,2917,-19.799999999998708
2025-12-03T05:30:00.000Z,AUD/USD,SELL,2025-12-03T05:32:00.000Z,2917,-28.000000000000245
2025-12-03T06:45:00.000Z,EUR/USD,SELL,2025-12-03T06:47:00.000Z,2917,-13.000000000000789
2025-12-03T07:30:00.000Z,EUR/USD,SELL,2025-12-03T07:32:00.000Z,2917,-9.600000000000719
2025-12-03T11:15:00.000Z,EUR/USD,SELL,2025-12-03T11:17:00.000Z,2917,-16.00000000000046
2025-12-03T13:00:00.000Z,EUR/USD,SELL,2025-12-03T13:02:00.000Z,2917,-6.199999999998429
2025-12-03T14:00:00.000Z,EUR/USD,SELL,2025-12-03T14:02:00.000Z,2917,9.999999999998899
2025-12-03T16:45:00.000Z,EUR/JPY,BUY,2025-12-03T16:47:00.000Z,2917,10.199999999997544
2025-12-04T01:15:00.000Z,AUD/USD,SELL,2025-12-04T01:17:00.000Z,2917,-6.699999999999484
2025-12-04T02:45:00.000Z,AUD/JPY,SELL,2025-12-04T02:47:00.000Z,2917,9.999999999999432
2025-12-04T03:45:00.000Z,USD/JPY,SELL,2025-12-04T03:47:00.000Z,2917,9.999999999999432
2025-12-04T04:00:00.000Z,AUD/JPY,SELL,2025-12-04T04:02:00.000Z,2917,9.999999999999432
2025-12-04T04:30:00.000Z,AUD/JPY,SELL,2025-12-04T04:32:00.000Z,2917,11.199999999999477
2025-12-04T05:30:00.000Z,AUD/JPY,SELL,2025-12-04T05:32:00.000Z,2917,9.999999999999432
2025-12-04T05:30:00.000Z,AUD/USD,SELL,2025-12-04T05:32:00.000Z,2917,-11.200000000000099
2025-12-04T08:45:00.000Z,USD/JPY,BUY,2025-12-04T08:47:00.000Z,2917,13.399999999998613
2025-12-04T09:45:00.000Z,EUR/USD,SELL,2025-12-04T09:47:00.000Z,2917,10.599999999998388
2025-12-04T10:15:00.000Z,EUR/USD,SELL,2025-12-04T10:17:00.000Z,2917,9.999999999998899
2025-12-04T11:30:00.000Z,AUD/JPY,BUY,2025-12-04T11:32:00.000Z,2917,9.999999999999432
2025-12-04T11:45:00.000Z,EUR/JPY,BUY,2025-12-04T11:47:00.000Z,2917,10.299999999998022
2025-12-04T12:30:00.000Z,USD/JPY,BUY,2025-12-04T12:32:00.000Z,2917,9.999999999999432
2025-12-05T06:15:00.000Z,USD/JPY,BUY,2025-12-05T06:17:00.000Z,2917,9.999999999999432
2025-12-05T06:15:00.000Z,EUR/JPY,BUY,2025-12-05T06:17:00.000Z,2917,9.999999999999432
2025-12-05T06:30:00.000Z,AUD/USD,SELL,2025-12-05T06:32:00.000Z,2917,-19.700000000000273
2025-12-05T07:00:00.000Z,USD/JPY,BUY,2025-12-05T07:02:00.000Z,2917,14.300000000000068
2025-12-05T07:00:00.000Z,EUR/JPY,BUY,2025-12-05T07:02:00.000Z,2917,12.5
2025-12-05T07:45:00.000Z,USD/JPY,BUY,2025-12-05T07:47:00.000Z,2917,0
2025-12-05T07:45:00.000Z,AUD/USD,SELL,2025-12-05T07:47:00.000Z,2917,-16.399999999999746
2025-12-05T08:00:00.000Z,EUR/USD,SELL,2025-12-05T08:02:00.000Z,2917,9.999999999998899
2025-12-05T09:00:00.000Z,AUD/USD,SELL,2025-12-05T09:02:00.000Z,2917,-14.600000000000168
2025-12-05T11:45:00.000Z,AUD/JPY,SELL,2025-12-05T11:47:00.000Z,2917,-33.60000000000127
2025-12-05T12:45:00.000Z,AUD/JPY,SELL,2025-12-05T12:47:00.000Z,2917,-19.000000000001194
2025-12-05T14:30:00.000Z,AUD/JPY,SELL,2025-12-05T14:32:00.000Z,2917,-7.400000000001228
2025-12-05T15:45:00.000Z,AUD/JPY,SELL,2025-12-05T15:47:00.000Z,2917,9.999999999999432
2025-12-05T15:45:00.000Z,AUD/USD,SELL,2025-12-05T15:47:00.000Z,2917,0
2025-12-05T16:30:00.000Z,USD/JPY,SELL,2025-12-05T16:32:00.000Z,2917,10.599999999999454
2025-12-08T02:15:00.000Z,USD/JPY,BUY,2025-12-08T02:17:00.000Z,2918,9.999999999999432
2025-12-08T02:15:00.000Z,EUR/JPY,BUY,2025-12-08T02:17:00.000Z,2918,9.999999999999432
2025-12-08T06:45:00.000Z,EUR/USD,SELL,2025-12-08T06:47:00.000Z,2918,9.999999999998899
2025-12-08T07:00:00.000Z,EUR/JPY,SELL,2025-12-08T07:02:00.000Z,2918,-66.80000000000064
2025-12-08T07:30:00.000Z,EUR/USD,SELL,2025-12-08T07:32:00.000Z,2918,11.399999999999189
2025-12-08T07:45:00.000Z,EUR/JPY,SELL,2025-12-08T07:47:00.000Z,2918,-72.70000000000039
2025-12-08T09:30:00.000Z,EUR/JPY,SELL,2025-12-08T09:32:00.000Z,2918,-71.29999999999939
2025-12-08T13:00:00.000Z,USD/JPY,SELL,2025-12-08T13:02:00.000Z,2918,9.999999999999432
2025-12-08T13:00:00.000Z,EUR/JPY,SELL,2025-12-08T13:02:00.000Z,2918,9.999999999999432
2025-12-08T15:30:00.000Z,USD/JPY,SELL,2025-12-08T15:32:00.000Z,2918,14.999999999997726
2025-12-08T16:00:00.000Z,USD/JPY,SELL,2025-12-08T16:02:00.000Z,2918,9.999999999999432
2025-12-08T16:15:00.000Z,EUR/USD,BUY,2025-12-08T16:17:00.000Z,2918,12.099999999999334
2025-12-08T16:15:00.000Z,AUD/USD,BUY,2025-12-08T16:17:00.000Z,2918,10.300000000000864
2025-12-08T16:45:00.000Z,EUR/USD,BUY,2025-12-08T16:47:00.000Z,2918,9.999999999998899
2025-12-09T05:15:00.000Z,AUD/USD,SELL,2025-12-09T05:17:00.000Z,2918,10.799999999999699
2025-12-09T05:30:00.000Z,AUD/JPY,SELL,2025-12-09T05:32:00.000Z,2918,-41.29999999999967
2025-12-09T09:00:00.000Z,USD/JPY,SELL,2025-12-09T09:02:00.000Z,2918,-35.20000000000039
2025-12-09T09:00:00.000Z,AUD/JPY,SELL,2025-12-09T09:02:00.000Z,2918,9.999999999999432
2025-12-09T09:15:00.000Z,EUR/JPY,SELL,2025-12-09T09:17:00.000Z,2918,9.999999999999432
2025-12-09T13:45:00.000Z,USD/JPY,SELL,2025-12-09T13:47:00.000Z,2918,-22.400000000001796
2025-12-09T13:45:00.000Z,AUD/JPY,SELL,2025-12-09T13:47:00.000Z,2918,-21.50000000000034
2025-12-09T15:30:00.000Z,USD/JPY,SELL,2025-12-09T15:32:00.000Z,2918,9.999999999999432
2025-12-09T16:45:00.000Z,USD/JPY,SELL,2025-12-09T16:47:00.000Z,2918,9.999999999999432
2025-12-09T17:30:00.000Z,EUR/JPY,SELL,2025-12-09T17:32:00.000Z,2918,10.099999999997067
2025-12-09T17:45:00.000Z,AUD/JPY,SELL,2025-12-09T17:47:00.000Z,2918,9.999999999999432
2025-12-10T02:30:00.000Z,AUD/JPY,BUY,2025-12-10T02:32:00.000Z,2918,9.999999999999432
2025-12-10T08:30:00.000Z,EUR/JPY,SELL,2025-12-10T08:32:00.000Z,2918,11.199999999999477
2025-12-10T09:15:00.000Z,EUR/JPY,SELL,2025-12-10T09:17:00.000Z,2918,9.999999999999432
2025-12-10T09:15:00.000Z,EUR/USD,SELL,2025-12-10T09:17:00.000Z,2918,-45.699999999999626
2025-12-10T14:30:00.000Z,AUD/JPY,BUY,2025-12-10T14:32:00.000Z,2918,9.999999999999432
2025-12-10T15:30:00.000Z,USD/JPY,BUY,2025-12-10T15:32:00.000Z,2918,12.199999999998568
2025-12-10T15:45:00.000Z,EUR/JPY,BUY,2025-12-10T15:47:00.000Z,2918,9.999999999999432
2025-12-10T16:00:00.000Z,AUD/JPY,BUY,2025-12-10T16:02:00.000Z,2918,11.099999999999
2025-12-10T16:00:00.000Z,AUD/USD,BUY,2025-12-10T16:02:00.000Z,2918,10.000000000000009
2025-12-10T18:15:00.000Z,USD/JPY,BUY,2025-12-10T18:17:00.000Z,2918,9.999999999999432
2025-12-10T18:15:00.000Z,EUR/USD,SELL,2025-12-10T18:17:00.000Z,2918,-99.59999999999968
2025-12-10T18:45:00.000Z,EUR/USD,SELL,2025-12-10T18:47:00.000Z,2918,-97.70000000000056
2025-12-10T19:30:00.000Z,EUR/USD,SELL,2025-12-10T19:32:00.000Z,2918,11.999999999998678
2025-12-10T19:30:00.000Z,AUD/USD,SELL,2025-12-10T19:32:00.000Z,2918,11.700000000000044
2025-12-10T20:00:00.000Z,EUR/JPY,SELL,2025-12-10T20:02:00.000Z,2918,9.999999999999432
2025-12-10T20:30:00.000Z,USD/JPY,BUY,2025-12-10T20:32:00.000Z,2918,9.999999999999432
2025-12-10T20:45:00.000Z,EUR/USD,SELL,2025-12-10T20:47:00.000Z,2918,-56.900000000001945
2025-12-10T21:15:00.000Z,EUR/USD,SELL,2025-12-10T21:17:00.000Z,2918,-55.899999999999835
2025-12-10T21:15:00.000Z,AUD/USD,SELL,2025-12-10T21:17:00.000Z,2918,10.000000000000009
2025-12-11T00:00:00.000Z,USD/JPY,BUY,2025-12-11T00:02:00.000Z,2918,18.499999999997385
2025-12-11T00:30:00.000Z,EUR/USD,SELL,2025-12-11T00:32:00.000Z,2918,9.999999999998899
2025-12-11T02:45:00.000Z,AUD/JPY,BUY,2025-12-11T02:47:00.000Z,2918,9.999999999999432
2025-12-11T05:00:00.000Z,AUD/JPY,BUY,2025-12-11T05:02:00.000Z,2918,9.999999999999432
2025-12-11T05:00:00.000Z,AUD/USD,BUY,2025-12-11T05:02:00.000Z,2918,10.000000000000009
2025-12-11T06:45:00.000Z,AUD/USD,BUY,2025-12-11T06:47:00.000Z,2918,10.400000000000409
2025-12-11T15:00:00.000Z,EUR/USD,SELL,2025-12-11T15:02:00.000Z,2918,9.999999999998899
2025-12-11T15:00:00.000Z,AUD/USD,SELL,2025-12-11T15:02:00.000Z,2918,-4.100000000000215
2025-12-11T15:15:00.000Z,EUR/JPY,BUY,2025-12-11T15:17:00.000Z,2918,11.899999999999977
2025-12-11T15:15:00.000Z,AUD/JPY,BUY,2025-12-11T15:17:00.000Z,2918,10.69999999999851
2025-12-11T16:00:00.000Z,USD/JPY,BUY,2025-12-11T16:02:00.000Z,2918,12.399999999999523
2025-12-11T16:30:00.000Z,EUR/USD,SELL,2025-12-11T16:32:00.000Z,2918,10.099999999997333
2025-12-11T17:30:00.000Z,EUR/USD,SELL,2025-12-11T17:32:00.000Z,2918,9.999999999998899
2025-12-12T15:15:00.000Z,EUR/JPY,SELL,2025-12-12T15:17:00.000Z,2918,9.999999999999432
2025-12-12T15:45:00.000Z,AUD/JPY,BUY,2025-12-12T15:47:00.000Z,2918,-8.899999999999864
2025-12-12T16:30:00.000Z,AUD/JPY,BUY,2025-12-12T16:32:00.000Z,2918,14.999999999999147
2025-12-12T17:15:00.000Z,AUD/USD,BUY,2025-12-12T17:17:00.000Z,2918,0
2025-12-15T04:00:00.000Z,USD/JPY,BUY,2025-12-15T04:02:00.000Z,2919,-51.900000000000546
2025-12-15T06:45:00.000Z,USD/JPY,BUY,2025-12-15T06:47:00.000Z,2919,10.099999999997067
2025-12-15T06:45:00.000Z,AUD/JPY,BUY,2025-12-15T06:47:00.000Z,2919,9.999999999999432
2025-12-15T07:15:00.000Z,EUR/JPY,BUY,2025-12-15T07:17:00.000Z,2919,9.999999999999432
2025-12-15T13:00:00.000Z,EUR/USD,SELL,2025-12-15T13:02:00.000Z,2919,11.999999999998678
2025-12-15T14:00:00.000Z,EUR/USD,SELL,2025-12-15T14:02:00.000Z,2919,-31.400000000001427
2025-12-15T15:30:00.000Z,EUR/USD,SELL,2025-12-15T15:32:00.000Z,2919,11.499999999999844
2025-12-16T00:30:00.000Z,USD/JPY,BUY,2025-12-16T00:32:00.000Z,2919,9.999999999999432
2025-12-16T00:30:00.000Z,EUR/JPY,BUY,2025-12-16T00:32:00.000Z,2919,9.999999999999432
2025-12-16T00:30:00.000Z,AUD/JPY,BUY,2025-12-16T00:32:00.000Z,2919,9.999999999999432
2025-12-16T02:15:00.000Z,AUD/JPY,BUY,2025-12-16T02:17:00.000Z,2919,10.099999999998488
2025-12-16T02:15:00.000Z,AUD/USD,BUY,2025-12-16T02:17:00.000Z,2919,10.800000000000809
2025-12-16T13:15:00.000Z,USD/JPY,BUY,2025-12-16T13:17:00.000Z,2919,10.099999999999909
2025-12-16T13:15:00.000Z,EUR/USD,SELL,2025-12-16T13:17:00.000Z,2919,10.999999999998789
2025-12-16T14:45:00.000Z,EUR/JPY,SELL,2025-12-16T14:47:00.000Z,2919,17.300000000000182
2025-12-16T14:45:00.000Z,AUD/USD,SELL,2025-12-16T14:47:00.000Z,2919,10.000000000000009
2025-12-16T15:15:00.000Z,EUR/USD,SELL,2025-12-16T15:17:00.000Z,2919,0
2025-12-16T15:15:00.000Z,AUD/USD,SELL,2025-12-16T15:17:00.000Z,2919,0
2025-12-17T01:15:00.000Z,AUD/JPY,BUY,2025-12-17T01:17:00.000Z,2919,15.099999999999625
2025-12-17T08:00:00.000Z,EUR/USD,BUY,2025-12-17T08:02:00.000Z,2919,11.099999999999444
2025-12-17T08:30:00.000Z,EUR/USD,BUY,2025-12-17T08:32:00.000Z,2919,9.999999999998899
2025-12-17T08:45:00.000Z,AUD/JPY,SELL,2025-12-17T08:47:00.000Z,2919,9.999999999999432
2025-12-17T09:45:00.000Z,AUD/JPY,SELL,2025-12-17T09:47:00.000Z,2919,9.999999999999432
2025-12-17T10:30:00.000Z,USD/JPY,SELL,2025-12-17T10:32:00.000Z,2919,11.699999999999022
2025-12-17T12:00:00.000Z,USD/JPY,SELL,2025-12-17T12:02:00.000Z,2919,9.999999999999432
2025-12-17T15:00:00.000Z,EUR/JPY,SELL,2025-12-17T15:02:00.000Z,2919,12.999999999999545
2025-12-17T15:30:00.000Z,EUR/JPY,SELL,2025-12-17T15:32:00.000Z,2919,9.999999999999432
2025-12-17T15:30:00.000Z,EUR/USD,SELL,2025-12-17T15:32:00.000Z,2919,11.399999999999189
2025-12-17T16:15:00.000Z,EUR/USD,SELL,2025-12-17T16:17:00.000Z,2919,10.999999999998789
2025-12-17T16:45:00.000Z,EUR/JPY,SELL,2025-12-17T16:47:00.000Z,2919,10.3999999999985
2025-12-17T17:30:00.000Z,EUR/JPY,SELL,2025-12-17T17:32:00.000Z,2919,11.699999999999022
2025-12-17T19:15:00.000Z,AUD/USD,BUY,2025-12-17T19:17:00.000Z,2919,10.000000000000009
2025-12-18T00:45:00.000Z,AUD/JPY,BUY,2025-12-18T00:47:00.000Z,2919,9.999999999999432
2025-12-18T07:15:00.000Z,USD/JPY,SELL,2025-12-18T07:17:00.000Z,2919,11.899999999997135
2025-12-18T08:00:00.000Z,EUR/JPY,SELL,2025-12-18T08:02:00.000Z,2919,9.999999999999432
2025-12-18T08:00:00.000Z,AUD/JPY,SELL,2025-12-18T08:02:00.000Z,2919,9.999999999999432
2025-12-18T08:15:00.000Z,USD/JPY,SELL,2025-12-18T08:17:00.000Z,2919,12.399999999999523
2025-12-18T10:30:00.000Z,EUR/USD,BUY,2025-12-18T10:32:00.000Z,2919,9.999999999998899
2025-12-18T13:15:00.000Z,EUR/USD,BUY,2025-12-18T13:17:00.000Z,2919,9.999999999998899
2025-12-18T14:45:00.000Z,AUD/USD,SELL,2025-12-18T14:47:00.000Z,2919,11.299999999999644
2025-12-18T15:00:00.000Z,USD/JPY,BUY,2025-12-18T15:02:00.000Z,2919,9.999999999999432
2025-12-19T01:15:00.000Z,AUD/JPY,SELL,2025-12-19T01:17:00.000Z,2919,12.600000000000477
2025-12-19T04:00:00.000Z,USD/JPY,SELL,2025-12-19T04:02:00.000Z,2919,-190.00000000000057
2025-12-19T04:00:00.000Z,EUR/JPY,SELL,2025-12-19T04:02:00.000Z,2919,-199.60000000000093
2025-12-19T04:00:00.000Z,AUD/JPY,SELL,2025-12-19T04:02:00.000Z,2919,-124.09999999999997
2025-12-19T07:00:00.000Z,USD/JPY,SELL,2025-12-19T07:02:00.000Z,2919,-175.80000000000098
2025-12-19T07:00:00.000Z,EUR/JPY,SELL,2025-12-19T07:02:00.000Z,2919,-185.69999999999993
2025-12-19T12:30:00.000Z,AUD/JPY,SELL,2025-12-19T12:32:00.000Z,2919,-39.00000000000006
2025-12-19T13:00:00.000Z,USD/JPY,SELL,2025-12-19T13:02:00.000Z,2919,9.999999999999432
2025-12-19T13:00:00.000Z,EUR/JPY,SELL,2025-12-19T13:02:00.000Z,2919,-57.099999999999795
2025-12-19T13:00:00.000Z,AUD/JPY,SELL,2025-12-19T13:02:00.000Z,2919,-45.000000000000284
2025-12-19T14:00:00.000Z,USD/JPY,SELL,2025-12-19T14:02:00.000Z,2919,-45.000000000001705
2025-12-19T14:15:00.000Z,EUR/JPY,SELL,2025-12-19T14:17:00.000Z,2919,-38.700000000000045
2025-12-19T14:15:00.000Z,AUD/JPY,SELL,2025-12-19T14:17:00.000Z,2919,-34.200000000001296
2025-12-19T14:30:00.000Z,EUR/USD,SELL,2025-12-19T14:32:00.000Z,2919,10.999999999998789
2025-12-19T15:00:00.000Z,EUR/USD,SELL,2025-12-19T15:02:00.000Z,2919,9.999999999998899
2025-12-19T15:30:00.000Z,EUR/JPY,SELL,2025-12-19T15:32:00.000Z,2919,-20.400000000000773
2025-12-19T15:30:00.000Z,AUD/JPY,SELL,2025-12-19T15:32:00.000Z,2919,12.099999999999511
2025-12-19T15:30:00.000Z,AUD/USD,SELL,2025-12-19T15:32:00.000Z,2919,10.099999999999554
2025-12-19T16:00:00.000Z,AUD/JPY,SELL,2025-12-19T16:02:00.000Z,2919,-20.800000000001262
2025-12-22T08:15:00.000Z,EUR/JPY,SELL,2025-12-22T08:17:00.000Z,2920,9.999999999999432
2025-12-22T08:15:00.000Z,AUD/JPY,SELL,2025-12-22T08:17:00.000Z,2920,9.999999999999432
2025-12-22T08:15:00.000Z,EUR/USD,SELL,2025-12-22T08:17:00.000Z,2920,-57.49999999999922
2025-12-22T09:15:00.000Z,EUR/JPY,SELL,2025-12-22T09:17:00.000Z,2920,9.999999999999432
2025-12-22T09:15:00.000Z,AUD/JPY,SELL,2025-12-22T09:17:00.000Z,2920,9.999999999999432
2025-12-22T09:15:00.000Z,EUR/USD,SELL,2025-12-22T09:17:00.000Z,2920,-56.89999999999973
2025-12-22T09:15:00.000Z,AUD/USD,SELL,2025-12-22T09:17:00.000Z,2920,-52.09999999999937
2025-12-22T10:30:00.000Z,AUD/USD,SELL,2025-12-22T10:32:00.000Z,2920,-54.89999999999995
2025-12-22T12:15:00.000Z,AUD/USD,SELL,2025-12-22T12:17:00.000Z,2920,-51.700000000000074
2025-12-22T13:30:00.000Z,AUD/USD,SELL,2025-12-22T13:32:00.000Z,2920,-49.19999999999924
2025-12-22T14:00:00.000Z,EUR/USD,SELL,2025-12-22T14:02:00.000Z,2920,-24.000000000001798
2025-12-22T16:15:00.000Z,EUR/USD,SELL,2025-12-22T16:17:00.000Z,2920,10.199999999997988
2025-12-22T16:45:00.000Z,AUD/USD,SELL,2025-12-22T16:47:00.000Z,2920,-38.20000000000045
2025-12-22T18:00:00.000Z,AUD/USD,SELL,2025-12-22T18:02:00.000Z,2920,-31.90000000000026
2025-12-23T00:45:00.000Z,AUD/USD,SELL,2025-12-23T00:47:00.000Z,2920,-38.699999999999285
2025-12-23T01:30:00.000Z,AUD/JPY,BUY,2025-12-23T01:32:00.000Z,2920,9.999999999999432
2025-12-23T01:30:00.000Z,EUR/USD,SELL,2025-12-23T01:32:00.000Z,2920,-35.70000000000073
2025-12-23T02:15:00.000Z,EUR/JPY,BUY,2025-12-23T02:17:00.000Z,2920,-44.49999999999932
2025-12-23T02:30:00.000Z,EUR/USD,SELL,2025-12-23T02:32:00.000Z,2920,10.299999999998644
2025-12-23T03:00:00.000Z,EUR/JPY,BUY,2025-12-23T03:02:00.000Z,2920,13.999999999998636
2025-12-23T03:15:00.000Z,EUR/USD,SELL,2025-12-23T03:17:00.000Z,2920,9.999999999998899
2025-12-23T04:30:00.000Z,AUD/JPY,BUY,2025-12-23T04:32:00.000Z,2920,9.999999999999432
2025-12-23T05:45:00.000Z,AUD/JPY,BUY,2025-12-23T05:47:00.000Z,2920,9.999999999999432
2025-12-23T06:15:00.000Z,USD/JPY,BUY,2025-12-23T06:17:00.000Z,2920,10.499999999998977
2025-12-23T06:15:00.000Z,EUR/JPY,BUY,2025-12-23T06:17:00.000Z,2920,11.699999999999022
2025-12-23T09:30:00.000Z,USD/JPY,BUY,2025-12-23T09:32:00.000Z,2920,9.999999999999432
2025-12-23T09:30:00.000Z,EUR/USD,SELL,2025-12-23T09:32:00.000Z,2920,10.999999999998789
2025-12-23T12:00:00.000Z,EUR/USD,SELL,2025-12-23T12:02:00.000Z,2920,11.999999999998678
2025-12-23T12:00:00.000Z,AUD/USD,SELL,2025-12-23T12:02:00.000Z,2920,10.100000000000664
2025-12-23T12:30:00.000Z,AUD/USD,SELL,2025-12-23T12:32:00.000Z,2920,11.499999999999844
2025-12-23T12:45:00.000Z,EUR/USD,SELL,2025-12-23T12:47:00.000Z,2920,9.999999999998899
2025-12-23T14:00:00.000Z,AUD/JPY,SELL,2025-12-23T14:02:00.000Z,2920,14.000000000000057
2025-12-23T14:00:00.000Z,AUD/USD,SELL,2025-12-23T14:02:00.000Z,2920,-18.700000000000383
2025-12-23T15:00:00.000Z,USD/JPY,SELL,2025-12-23T15:02:00.000Z,2920,9.999999999999432
2025-12-23T22:00:00.000Z,AUD/USD,SELL,2025-12-23T22:10:00.000Z,2920,-6.399999999999739
2025-12-24T02:30:00.000Z,EUR/USD,SELL,2025-12-24T02:32:00.000Z,2920,9.999999999998899
2025-12-24T02:30:00.000Z,AUD/USD,SELL,2025-12-24T02:32:00.000Z,2920,3.0999999999992145
2025-12-24T02:45:00.000Z,USD/JPY,BUY,2025-12-24T02:47:00.000Z,2920,9.999999999999432
2025-12-24T07:15:00.000Z,AUD/USD,SELL,2025-12-24T07:17:00.000Z,2920,10.000000000000009
2025-12-24T08:00:00.000Z,AUD/USD,SELL,2025-12-24T08:02:00.000Z,2920,11.200000000000099
2025-12-24T15:30:00.000Z,EUR/JPY,BUY,2025-12-24T15:32:00.000Z,2920,10.099999999999909
2025-12-24T16:45:00.000Z,EUR/USD,BUY,2025-12-24T16:47:00.000Z,2920,-2.80000000000058
2025-12-25T22:45:00.000Z,AUD/USD,BUY,2025-12-25T22:47:00.000Z,2920,10.000000000000009
2025-12-26T01:30:00.000Z,USD/JPY,SELL,2025-12-26T01:32:00.000Z,2920,9.999999999999432
2025-12-26T01:30:00.000Z,EUR/JPY,SELL,2025-12-26T01:32:00.000Z,2920,9.999999999999432
2025-12-26T01:30:00.000Z,AUD/JPY,SELL,2025-12-26T01:32:00.000Z,2920,9.999999999999432
2025-12-26T03:00:00.000Z,AUD/JPY,SELL,2025-12-26T03:02:00.000Z,2920,10.799999999998988
2025-12-26T15:00:00.000Z,AUD/USD,SELL,2025-12-26T15:02:00.000Z,2920,10.099999999999554
2025-12-26T15:45:00.000Z,AUD/USD,SELL,2025-12-26T15:47:00.000Z,2920,10.000000000000009
2025-12-26T16:00:00.000Z,AUD/JPY,SELL,2025-12-26T16:02:00.000Z,2920,-9.799999999999898
2025-12-29T00:30:00.000Z,USD/JPY,BUY,2025-12-29T00:32:00.000Z,2921,14.499999999998181
2025-12-29T00:30:00.000Z,EUR/JPY,BUY,2025-12-29T00:32:00.000Z,2921,12.700000000000955
2025-12-29T01:00:00.000Z,USD/JPY,BUY,2025-12-29T01:02:00.000Z,2921,9.999999999999432
2025-12-29T04:00:00.000Z,AUD/USD,SELL,2025-12-29T04:02:00.000Z,2921,10.000000000000009
2025-12-29T05:45:00.000Z,EUR/USD,BUY,2025-12-29T05:47:00.000Z,2921,11.599999999998278
2025-12-29T06:30:00.000Z,EUR/USD,BUY,2025-12-29T06:32:00.000Z,2921,9.999999999998899
2025-12-29T06:45:00.000Z,EUR/JPY,BUY,2025-12-29T06:47:00.000Z,2921,9.999999999999432
2025-12-29T08:30:00.000Z,AUD/JPY,BUY,2025-12-29T08:32:00.000Z,2921,-27.299999999999613
2025-12-29T12:45:00.000Z,AUD/JPY,BUY,2025-12-29T12:47:00.000Z,2921,11.199999999999477
2025-12-29T13:00:00.000Z,AUD/USD,BUY,2025-12-29T13:02:00.000Z,2921,10.499999999999954
2025-12-29T16:30:00.000Z,EUR/JPY,BUY,2025-12-29T16:32:00.000Z,2921,16.70000000000016
2025-12-30T02:30:00.000Z,AUD/JPY,SELL,2025-12-30T02:32:00.000Z,2921,11.599999999998545
2025-12-30T04:30:00.000Z,AUD/JPY,SELL,2025-12-30T04:32:00.000Z,2921,10.39999999999992
2025-12-30T05:00:00.000Z,AUD/USD,SELL,2025-12-30T05:02:00.000Z,2921,10.000000000000009
2025-12-30T07:15:00.000Z,AUD/USD,SELL,2025-12-30T07:17:00.000Z,2921,10.700000000000154
2025-12-30T08:00:00.000Z,EUR/JPY,BUY,2025-12-30T08:02:00.000Z,2921,16.800000000000637
2025-12-30T08:45:00.000Z,EUR/JPY,BUY,2025-12-30T08:47:00.000Z,2921,11.299999999999955
2025-12-30T16:00:00.000Z,USD/JPY,SELL,2025-12-30T16:02:00.000Z,2921,10.3999999999985
2025-12-31T05:15:00.000Z,EUR/USD,BUY,2025-12-31T05:17:00.000Z,2921,10.300000000000864
2025-12-31T05:45:00.000Z,USD/JPY,SELL,2025-12-31T05:47:00.000Z,2921,-18.200000000001637
2025-12-31T06:30:00.000Z,USD/JPY,SELL,2025-12-31T06:32:00.000Z,2921,9.999999999999432
2025-12-31T06:30:00.000Z,AUD/USD,BUY,2025-12-31T06:32:00.000Z,2921,-16.1
2025-12-31T09:15:00.000Z,EUR/JPY,BUY,2025-12-31T09:17:00.000Z,2921,0
2025-12-31T09:15:00.000Z,EUR/USD,BUY,2025-12-31T09:17:00.000Z,2921,9.999999999998899
2025-12-31T12:00:00.000Z,EUR/JPY,SELL,2025-12-31T12:02:00.000Z,2921,-17.599999999998772
2025-12-31T13:15:00.000Z,EUR/JPY,SELL,2025-12-31T13:17:00.000Z,2921,10.299999999998022
2025-12-31T14:45:00.000Z,EUR/JPY,SELL,2025-12-31T14:47:00.000Z,2921,9.999999999999432
2025-12-31T15:45:00.000Z,USD/JPY,SELL,2025-12-31T15:47:00.000Z,2921,12.899999999999068
2025-12-31T16:00:00.000Z,AUD/USD,BUY,2025-12-31T16:02:00.000Z,2921,3.5999999999991594
2026-01-02T02:30:00.000Z,EUR/USD,SELL,2026-01-02T02:32:00.000Z,2921,9.999999999998899
2026-01-02T04:15:00.000Z,EUR/USD,SELL,2026-01-02T04:17:00.000Z,2921,9.999999999998899
2026-01-02T04:15:00.000Z,AUD/USD,SELL,2026-01-02T04:17:00.000Z,2921,10.999999999999899
2026-01-02T04:45:00.000Z,EUR/JPY,SELL,2026-01-02T04:47:00.000Z,2921,9.999999999999432
2026-01-02T05:00:00.000Z,AUD/USD,SELL,2026-01-02T05:02:00.000Z,2921,10.000000000000009
2026-01-02T07:00:00.000Z,USD/JPY,SELL,2026-01-02T07:02:00.000Z,2921,10.80000000000041
2026-01-02T07:00:00.000Z,AUD/JPY,SELL,2026-01-02T07:02:00.000Z,2921,13.89999999999958
2026-01-02T07:00:00.000Z,EUR/USD,BUY,2026-01-02T07:02:00.000Z,2921,9.999999999998899
2026-01-02T08:15:00.000Z,EUR/JPY,BUY,2026-01-02T08:17:00.000Z,2921,-40.70000000000107
2026-01-02T08:30:00.000Z,AUD/JPY,SELL,2026-01-02T08:32:00.000Z,2921,0
2026-01-02T08:30:00.000Z,AUD/USD,SELL,2026-01-02T08:32:00.000Z,2921,10.000000000000009
2026-01-02T09:15:00.000Z,EUR/USD,BUY,2026-01-02T09:17:00.000Z,2921,10.099999999997333
2026-01-02T10:00:00.000Z,EUR/JPY,BUY,2026-01-02T10:02:00.000Z,2921,11.899999999999977
2026-01-02T11:00:00.000Z,EUR/JPY,BUY,2026-01-02T11:02:00.000Z,2921,12.5
2026-01-02T11:00:00.000Z,EUR/USD,BUY,2026-01-02T11:02:00.000Z,2921,10.699999999999044
2026-01-02T16:15:00.000Z,USD/JPY,BUY,2026-01-02T16:17:00.000Z,2921,9.999999999999432
2026-01-02T16:15:00.000Z,EUR/USD,SELL,2026-01-02T16:17:00.000Z,2921,9.999999999998899
2026-01-02T16:30:00.000Z,AUD/JPY,BUY,2026-01-02T16:32:00.000Z,2921,9.999999999999432
2026-01-04T23:30:00.000Z,EUR/JPY,BUY,2026-01-04T23:32:00.000Z,2922,9.999999999999432
2026-01-05T01:00:00.000Z,USD/JPY,SELL,2026-01-05T01:02:00.000Z,2922,9.999999999999432
2026-01-05T04:45:00.000Z,EUR/USD,BUY,2026-01-05T04:47:00.000Z,2922,9.999999999998899
2026-01-05T08:45:00.000Z,USD/JPY,BUY,2026-01-05T08:47:00.000Z,2922,11.600000000001387
2026-01-05T08:45:00.000Z,EUR/JPY,BUY,2026-01-05T08:47:00.000Z,2922,13.999999999998636
2026-01-05T09:45:00.000Z,EUR/JPY,BUY,2026-01-05T09:47:00.000Z,2922,9.999999999999432
2026-01-05T11:30:00.000Z,USD/JPY,BUY,2026-01-05T11:32:00.000Z,2922,11.699999999999022
2026-01-05T11:45:00.000Z,EUR/JPY,BUY,2026-01-05T11:47:00.000Z,2922,9.999999999999432
2026-01-05T13:15:00.000Z,EUR/JPY,BUY,2026-01-05T13:17:00.000Z,2922,0
2026-01-05T14:00:00.000Z,EUR/USD,BUY,2026-01-05T14:02:00.000Z,2922,10.300000000000864
2026-01-05T16:45:00.000Z,AUD/JPY,SELL,2026-01-05T16:47:00.000Z,2922,9.999999999999432
2026-01-05T17:15:00.000Z,USD/JPY,BUY,2026-01-05T17:17:00.000Z,2922,12.199999999998568
2026-01-05T17:15:00.000Z,EUR/USD,SELL,2026-01-05T17:17:00.000Z,2922,12.199999999999989
2026-01-05T17:45:00.000Z,USD/JPY,BUY,2026-01-05T17:47:00.000Z,2922,11.099999999999
2026-01-05T17:45:00.000Z,EUR/USD,SELL,2026-01-05T17:47:00.000Z,2922,11.599999999998278
2026-01-05T18:00:00.000Z,AUD/USD,SELL,2026-01-05T18:02:00.000Z,2922,-24.100000000000232
2026-01-05T20:00:00.000Z,USD/JPY,BUY,2026-01-05T20:02:00.000Z,2922,11.199999999999477
2026-01-05T20:30:00.000Z,EUR/USD,SELL,2026-01-05T20:32:00.000Z,2922,12.299999999998423
2026-01-05T20:45:00.000Z,AUD/USD,SELL,2026-01-05T20:47:00.000Z,2922,-26.999999999999247
2026-01-05T21:30:00.000Z,AUD/USD,SELL,2026-01-05T21:32:00.000Z,2922,-24.800000000000377
2026-01-06T00:45:00.000Z,EUR/JPY,SELL,2026-01-06T00:47:00.000Z,2922,10.300000000000864
2026-01-06T00:45:00.000Z,AUD/JPY,SELL,2026-01-06T00:47:00.000Z,2922,9.999999999999432
2026-01-06T01:00:00.000Z,USD/JPY,SELL,2026-01-06T01:02:00.000Z,2922,12.699999999998113
2026-01-06T03:15:00.000Z,EUR/USD,SELL,2026-01-06T03:17:00.000Z,2922,11.699999999998933
2026-01-06T05:45:00.000Z,AUD/USD,SELL,2026-01-06T05:47:00.000Z,2922,10.299999999999754
2026-01-06T07:00:00.000Z,AUD/JPY,SELL,2026-01-06T07:02:00.000Z,2922,-17.600000000000193
2026-01-06T07:15:00.000Z,AUD/USD,SELL,2026-01-06T07:17:00.000Z,2922,10.000000000000009
2026-01-06T09:45:00.000Z,EUR/JPY,BUY,2026-01-06T09:47:00.000Z,2922,9.999999999999432
2026-01-06T16:45:00.000Z,AUD/JPY,SELL,2026-01-06T16:47:00.000Z,2922,10.699999999999932
2026-01-06T19:15:00.000Z,AUD/JPY,SELL,2026-01-06T19:17:00.000Z,2922,9.999999999999432
2026-01-07T02:30:00.000Z,AUD/USD,SELL,2026-01-07T02:32:00.000Z,2922,10.799999999999699
2026-01-07T04:30:00.000Z,AUD/JPY,SELL,2026-01-07T04:32:00.000Z,2922,9.999999999999432
2026-01-07T05:00:00.000Z,AUD/USD,SELL,2026-01-07T05:02:00.000Z,2922,10.499999999999954
2026-01-07T05:45:00.000Z,USD/JPY,BUY,2026-01-07T05:47:00.000Z,2922,9.999999999999432
2026-01-07T07:00:00.000Z,EUR/JPY,BUY,2026-01-07T07:02:00.000Z,2922,14.799999999999613
2026-01-07T07:15:00.000Z,USD/JPY,BUY,2026-01-07T07:17:00.000Z,2922,9.999999999999432
2026-01-07T08:00:00.000Z,EUR/JPY,BUY,2026-01-07T08:02:00.000Z,2922,9.999999999999432
2026-01-07T08:30:00.000Z,EUR/JPY,BUY,2026-01-07T08:32:00.000Z,2922,7.30000000000075
2026-01-07T08:45:00.000Z,EUR/USD,BUY,2026-01-07T08:47:00.000Z,2922,9.999999999998899
2026-01-08T05:30:00.000Z,AUD/JPY,BUY,2026-01-08T05:32:00.000Z,2922,10.500000000000398
2026-01-08T06:00:00.000Z,AUD/JPY,BUY,2026-01-08T06:02:00.000Z,2922,12.79999999999859
2026-01-08T06:00:00.000Z,AUD/USD,BUY,2026-01-08T06:02:00.000Z,2922,-7.999999999999119
2026-01-08T06:45:00.000Z,AUD/JPY,BUY,2026-01-08T06:47:00.000Z,2922,9.999999999999432
2026-01-08T06:45:00.000Z,AUD/USD,BUY,2026-01-08T06:47:00.000Z,2922,-2.9000000000001247
2026-01-08T08:15:00.000Z,AUD/JPY,BUY,2026-01-08T08:17:00.000Z,2922,12.699999999999534
2026-01-08T14:45:00.000Z,EUR/USD,BUY,2026-01-08T14:47:00.000Z,2922,9.999999999998899
2026-01-08T15:00:00.000Z,USD/JPY,SELL,2026-01-08T15:02:00.000Z,2922,14.099999999999113
2026-01-08T15:30:00.000Z,USD/JPY,SELL,2026-01-08T15:32:00.000Z,2922,11.299999999999955
2026-01-08T17:45:00.000Z,EUR/JPY,BUY,2026-01-08T17:47:00.000Z,2922,11.899999999999977
2026-01-08T18:00:00.000Z,EUR/USD,BUY,2026-01-08T18:02:00.000Z,2922,-19.400000000000528
2026-01-08T19:15:00.000Z,EUR/USD,BUY,2026-01-08T19:17:00.000Z,2922,9.999999999998899
2026-01-09T01:45:00.000Z,USD/JPY,SELL,2026-01-09T01:47:00.000Z,2922,-88.60000000000241
2026-01-09T02:30:00.000Z,USD/JPY,SELL,2026-01-09T02:32:00.000Z,2922,-82.8000000000003
2026-01-09T04:30:00.000Z,USD/JPY,SELL,2026-01-09T04:32:00.000Z,2922,-71.90000000000225
2026-01-09T05:00:00.000Z,EUR/JPY,SELL,2026-01-09T05:02:00.000Z,2922,-50.7000000000005
2026-01-09T06:45:00.000Z,USD/JPY,SELL,2026-01-09T06:47:00.000Z,2922,-60.90000000000089
2026-01-09T07:00:00.000Z,EUR/JPY,SELL,2026-01-09T07:02:00.000Z,2922,-39.19999999999959
2026-01-09T08:00:00.000Z,USD/JPY,SELL,2026-01-09T08:02:00.000Z,2922,9.999999999999432
2026-01-09T08:00:00.000Z,EUR/USD,BUY,2026-01-09T08:02:00.000Z,2922,-21.299999999999653
2026-01-09T08:45:00.000Z,AUD/USD,BUY,2026-01-09T08:47:00.000Z,2922,10.000000000000009
2026-01-09T10:30:00.000Z,USD/JPY,SELL,2026-01-09T10:32:00.000Z,2922,12.299999999999045
2026-01-09T10:30:00.000Z,EUR/JPY,SELL,2026-01-09T10:32:00.000Z,2922,9.999999999999432
2026-01-09T14:00:00.000Z,AUD/USD,SELL,2026-01-09T14:02:00.000Z,2922,12.299999999999534
2026-01-09T14:30:00.000Z,EUR/JPY,SELL,2026-01-09T14:32:00.000Z,2922,14.399999999997704
2026-01-09T15:00:00.000Z,USD/JPY,SELL,2026-01-09T15:02:00.000Z,2922,-5.500000000000682
2026-01-09T15:45:00.000Z,USD/JPY,SELL,2026-01-09T15:47:00.000Z,2922,9.999999999999432
2026-01-12T01:15:00.000Z,USD/JPY,BUY,2026-01-12T01:17:00.000Z,2923,13.100000000000023
2026-01-12T01:45:00.000Z,EUR/USD,SELL,2026-01-12T01:47:00.000Z,2923,-2.1999999999988695
2026-01-12T01:45:00.000Z,AUD/USD,SELL,2026-01-12T01:47:00.000Z,2923,-16.1
2026-01-12T03:15:00.000Z,AUD/JPY,SELL,2026-01-12T03:17:00.000Z,2923,-71.50000000000034
2026-01-12T04:15:00.000Z,AUD/JPY,SELL,2026-01-12T04:17:00.000Z,2923,10.799999999998988
2026-01-12T07:15:00.000Z,EUR/JPY,SELL,2026-01-12T07:17:00.000Z,2923,9.999999999999432
2026-01-12T07:45:00.000Z,EUR/JPY,SELL,2026-01-12T07:47:00.000Z,2923,-95.90000000000032
2026-01-12T07:45:00.000Z,EUR/USD,SELL,2026-01-12T07:47:00.000Z,2923,9.999999999998899
2026-01-12T08:15:00.000Z,EUR/USD,SELL,2026-01-12T08:17:00.000Z,2923,11.299999999998533
2026-01-12T09:45:00.000Z,EUR/USD,SELL,2026-01-12T09:47:00.000Z,2923,9.999999999998899
2026-01-12T09:45:00.000Z,AUD/USD,SELL,2026-01-12T09:47:00.000Z,2923,1.9000000000002348
2026-01-12T17:15:00.000Z,AUD/JPY,SELL,2026-01-12T17:17:00.000Z,2923,9.999999999999432
2026-01-13T02:15:00.000Z,USD/JPY,SELL,2026-01-13T02:17:00.000Z,2923,-101.20000000000005
2026-01-13T02:15:00.000Z,EUR/JPY,SELL,2026-01-13T02:17:00.000Z,2923,-81.40000000000214
2026-01-13T04:30:00.000Z,USD/JPY,SELL,2026-01-13T04:32:00.000Z,2923,9.999999999999432
2026-01-13T04:30:00.000Z,AUD/JPY,SELL,2026-01-13T04:32:00.000Z,2923,9.999999999999432
2026-01-13T06:45:00.000Z,EUR/JPY,SELL,2026-01-13T06:47:00.000Z,2923,12.600000000000477
2026-01-13T06:45:00.000Z,AUD/JPY,SELL,2026-01-13T06:47:00.000Z,2923,11.299999999998533
2026-01-13T07:00:00.000Z,USD/JPY,SELL,2026-01-13T07:02:00.000Z,2923,9.999999999999432
2026-01-13T08:15:00.000Z,EUR/JPY,SELL,2026-01-13T08:17:00.000Z,2923,9.999999999999432
2026-01-13T09:30:00.000Z,EUR/JPY,SELL,2026-01-13T09:32:00.000Z,2923,9.999999999999432
2026-01-13T15:45:00.000Z,AUD/USD,BUY,2026-01-13T15:47:00.000Z,2923,10.000000000000009
2026-01-14T04:15:00.000Z,AUD/USD,SELL,2026-01-14T04:17:00.000Z,2923,10.000000000000009
2026-01-14T09:45:00.000Z,USD/JPY,BUY,2026-01-14T09:47:00.000Z,2923,-49.500000000000455
2026-01-14T09:45:00.000Z,EUR/JPY,BUY,2026-01-14T09:47:00.000Z,2923,-76.69999999999959
2026-01-14T09:45:00.000Z,AUD/JPY,BUY,2026-01-14T09:47:00.000Z,2923,-25.69999999999908
2026-01-14T10:15:00.000Z,USD/JPY,BUY,2026-01-14T10:17:00.000Z,2923,-36.60000000000139
2026-01-14T11:00:00.000Z,USD/JPY,BUY,2026-01-14T11:02:00.000Z,2923,9.999999999999432
2026-01-14T11:00:00.000Z,EUR/JPY,BUY,2026-01-14T11:02:00.000Z,2923,-53.400000000002024
2026-01-14T13:00:00.000Z,EUR/JPY,BUY,2026-01-14T13:02:00.000Z,2923,-54.100000000002524
2026-01-14T13:15:00.000Z,USD/JPY,BUY,2026-01-14T13:17:00.000Z,2923,10.799999999997567
2026-01-14T13:30:00.000Z,AUD/JPY,BUY,2026-01-14T13:32:00.000Z,2923,10.299999999999443
2026-01-14T14:00:00.000Z,AUD/JPY,BUY,2026-01-14T14:02:00.000Z,2923,9.999999999999432
2026-01-14T15:15:00.000Z,USD/JPY,BUY,2026-01-14T15:17:00.000Z,2923,15.500000000000114
2026-01-14T15:15:00.000Z,EUR/JPY,BUY,2026-01-14T15:17:00.000Z,2923,-47.100000000000364
2026-01-14T15:15:00.000Z,AUD/JPY,BUY,2026-01-14T15:17:00.000Z,2923,15.099999999998204
2026-01-14T16:00:00.000Z,EUR/JPY,BUY,2026-01-14T16:02:00.000Z,2923,9.999999999999432
2026-01-14T16:15:00.000Z,USD/JPY,BUY,2026-01-14T16:17:00.000Z,2923,9.999999999999432
2026-01-15T09:30:00.000Z,AUD/JPY,SELL,2026-01-15T09:32:00.000Z,2923,9.999999999999432
2026-01-15T10:00:00.000Z,AUD/USD,SELL,2026-01-15T10:02:00.000Z,2923,10.100000000000664
2026-01-15T11:30:00.000Z,AUD/USD,SELL,2026-01-15T11:32:00.000Z,2923,10.400000000000409
2026-01-15T14:15:00.000Z,AUD/USD,BUY,2026-01-15T14:17:00.000Z,2923,10.000000000000009
2026-01-15T15:00:00.000Z,EUR/USD,BUY,2026-01-15T15:02:00.000Z,2923,9.999999999998899
2026-01-15T16:45:00.000Z,EUR/JPY,BUY,2026-01-15T16:47:00.000Z,2923,9.999999999999432
2026-01-15T17:15:00.000Z,EUR/JPY,BUY,2026-01-15T17:17:00.000Z,2923,11.39999999999759
2026-01-16T03:00:00.000Z,USD/JPY,BUY,2026-01-16T03:02:00.000Z,2923,9.999999999999432
2026-01-16T03:00:00.000Z,EUR/JPY,BUY,2026-01-16T03:02:00.000Z,2923,10.599999999999454
2026-01-16T03:00:00.000Z,AUD/JPY,BUY,2026-01-16T03:02:00.000Z,2923,9.999999999999432
2026-01-16T03:30:00.000Z,EUR/JPY,BUY,2026-01-16T03:32:00.000Z,2923,9.999999999999432
2026-01-16T03:30:00.000Z,AUD/JPY,BUY,2026-01-16T03:32:00.000Z,2923,9.999999999999432
2026-01-16T15:15:00.000Z,AUD/USD,BUY,2026-01-16T15:17:00.000Z,2923,-10.700000000000154
2026-01-16T16:00:00.000Z,EUR/USD,BUY,2026-01-16T16:02:00.000Z,2923,1.40000000000029
2026-01-16T16:00:00.000Z,AUD/USD,BUY,2026-01-16T16:02:00.000Z,2923,3.1999999999998696
2026-01-16T16:45:00.000Z,EUR/JPY,BUY,2026-01-16T16:47:00.000Z,2923,9.999999999999432
2026-01-16T16:45:00.000Z,AUD/JPY,BUY,2026-01-16T16:47:00.000Z,2923,9.999999999999432
2026-01-16T17:15:00.000Z,AUD/JPY,BUY,2026-01-16T17:17:00.000Z,2923,9.999999999999432
2026-01-18T23:30:00.000Z,EUR/JPY,BUY,2026-01-18T23:32:00.000Z,2924,9.999999999999432
2026-01-18T23:30:00.000Z,AUD/JPY,BUY,2026-01-18T23:32:00.000Z,2924,9.999999999999432
2026-01-19T00:15:00.000Z,USD/JPY,BUY,2026-01-19T00:17:00.000Z,2924,12.999999999999545
2026-01-19T05:45:00.000Z,AUD/USD,SELL,2026-01-19T05:47:00.000Z,2924,-41.499999999999865
2026-01-19T15:30:00.000Z,AUD/USD,SELL,2026-01-19T15:32:00.000Z,2924,-26.8999999999997
2026-01-19T16:30:00.000Z,AUD/USD,SELL,2026-01-19T16:32:00.000Z,2924,-29.89999999999937
2026-01-19T17:00:00.000Z,EUR/JPY,SELL,2026-01-19T17:02:00.000Z,2924,9.999999999999432
2026-01-19T17:30:00.000Z,AUD/JPY,SELL,2026-01-19T17:32:00.000Z,2924,10.299999999999443
2026-01-19T18:15:00.000Z,AUD/JPY,SELL,2026-01-19T18:17:00.000Z,2924,9.999999999999432
2026-01-19T19:30:00.000Z,EUR/JPY,SELL,2026-01-19T19:32:00.000Z,2924,9.999999999999432
2026-01-19T21:15:00.000Z,AUD/JPY,SELL,2026-01-19T21:17:00.000Z,2924,9.999999999999432
2026-01-20T05:15:00.000Z,AUD/JPY,SELL,2026-01-20T05:17:00.000Z,2924,11.199999999999477
2026-01-20T05:30:00.000Z,EUR/USD,SELL,2026-01-20T05:32:00.000Z,2924,-51.800000000001845
2026-01-20T06:00:00.000Z,AUD/JPY,SELL,2026-01-20T06:02:00.000Z,2924,10.999999999999943
2026-01-20T06:30:00.000Z,AUD/USD,SELL,2026-01-20T06:32:00.000Z,2924,-11.700000000000044
2026-01-20T07:45:00.000Z,USD/JPY,SELL,2026-01-20T07:47:00.000Z,2924,10.80000000000041
2026-01-20T08:15:00.000Z,AUD/JPY,SELL,2026-01-20T08:17:00.000Z,2924,9.999999999999432
2026-01-20T08:30:00.000Z,EUR/JPY,SELL,2026-01-20T08:32:00.000Z,2924,14.799999999999613
2026-01-20T08:30:00.000Z,AUD/USD,SELL,2026-01-20T08:32:00.000Z,2924,10.499999999999954
2026-01-20T11:15:00.000Z,EUR/JPY,SELL,2026-01-20T11:17:00.000Z,2924,9.999999999999432
2026-01-20T12:00:00.000Z,EUR/JPY,SELL,2026-01-20T12:02:00.000Z,2924,9.999999999999432
2026-01-20T12:45:00.000Z,EUR/USD,SELL,2026-01-20T12:47:00.000Z,2924,9.999999999998899
2026-01-20T13:00:00.000Z,EUR/JPY,SELL,2026-01-20T13:02:00.000Z,2924,12.600000000000477
2026-01-21T07:15:00.000Z,AUD/JPY,SELL,2026-01-21T07:17:00.000Z,2924,-141.3000000000011
2026-01-21T07:45:00.000Z,AUD/USD,SELL,2026-01-21T07:47:00.000Z,2924,-57.300000000000125
2026-01-21T09:00:00.000Z,EUR/JPY,BUY,2026-01-21T09:02:00.000Z,2924,9.999999999999432
2026-01-21T09:00:00.000Z,AUD/USD,SELL,2026-01-21T09:02:00.000Z,2924,-51.000000000001044
2026-01-21T13:30:00.000Z,EUR/USD,SELL,2026-01-21T13:32:00.000Z,2924,9.999999999998899
2026-01-21T14:15:00.000Z,AUD/USD,SELL,2026-01-21T14:17:00.000Z,2924,10.000000000000009
2026-01-21T14:30:00.000Z,AUD/JPY,SELL,2026-01-21T14:32:00.000Z,2924,-125.20000000000095
2026-01-21T15:30:00.000Z,AUD/USD,SELL,2026-01-21T15:32:00.000Z,2924,11.099999999999444
2026-01-21T16:15:00.000Z,AUD/JPY,SELL,2026-01-21T16:17:00.000Z,2924,11.599999999999966
2026-01-21T20:00:00.000Z,USD/JPY,SELL,2026-01-21T20:02:00.000Z,2924,14.000000000001478
2026-01-21T20:00:00.000Z,EUR/USD,BUY,2026-01-21T20:02:00.000Z,2924,12.900000000000134
2026-01-22T02:30:00.000Z,AUD/USD,SELL,2026-01-22T02:32:00.000Z,2924,-50.90000000000039
2026-01-22T04:30:00.000Z,USD/JPY,SELL,2026-01-22T04:32:00.000Z,2924,9.999999999999432
2026-01-22T05:00:00.000Z,USD/JPY,SELL,2026-01-22T05:02:00.000Z,2924,11.099999999999
2026-01-22T05:00:00.000Z,EUR/JPY,SELL,2026-01-22T05:02:00.000Z,2924,-80.79999999999927
2026-01-22T05:30:00.000Z,EUR/JPY,SELL,2026-01-22T05:32:00.000Z,2924,-83.29999999999984
2026-01-22T05:30:00.000Z,AUD/USD,SELL,2026-01-22T05:32:00.000Z,2924,-42.60000000000041
2026-01-22T06:45:00.000Z,USD/JPY,SELL,2026-01-22T06:47:00.000Z,2924,9.999999999999432
2026-01-22T06:45:00.000Z,EUR/JPY,SELL,2026-01-22T06:47:00.000Z,2924,-94.70000000000027
2026-01-22T07:45:00.000Z,USD/JPY,SELL,2026-01-22T07:47:00.000Z,2924,11.400000000000432
2026-01-22T08:00:00.000Z,AUD/JPY,SELL,2026-01-22T08:02:00.000Z,2924,9.999999999999432
2026-01-22T12:45:00.000Z,EUR/USD,SELL,2026-01-22T12:47:00.000Z,2924,-38.79999999999883
2026-01-22T14:30:00.000Z,EUR/JPY,SELL,2026-01-22T14:32:00.000Z,2924,12.5
2026-01-22T15:00:00.000Z,AUD/USD,SELL,2026-01-22T15:02:00.000Z,2924,-52.10000000000048
2026-01-22T18:45:00.000Z,AUD/JPY,SELL,2026-01-22T18:47:00.000Z,2924,9.999999999999432
2026-01-22T19:15:00.000Z,EUR/USD,SELL,2026-01-22T19:17:00.000Z,2924,9.999999999998899
2026-01-22T20:00:00.000Z,AUD/JPY,SELL,2026-01-22T20:02:00.000Z,2924,9.999999999999432
2026-01-22T20:30:00.000Z,AUD/USD,SELL,2026-01-22T20:32:00.000Z,2924,-51.29999999999968
2026-01-22T21:00:00.000Z,EUR/USD,SELL,2026-01-22T21:02:00.000Z,2924,9.999999999998899
2026-01-22T22:00:00.000Z,AUD/USD,SELL,2026-01-22T22:10:00.000Z,2924,-56.79999999999907
2026-01-22T22:15:00.000Z,EUR/JPY,SELL,2026-01-22T22:17:00.000Z,2924,9.999999999999432
2026-01-22T23:45:00.000Z,EUR/USD,SELL,2026-01-22T23:47:00.000Z,2924,-73.79999999999941
2026-01-23T00:15:00.000Z,EUR/JPY,SELL,2026-01-23T00:17:00.000Z,2924,9.999999999999432
2026-01-23T01:00:00.000Z,AUD/USD,SELL,2026-01-23T01:02:00.000Z,2924,-53.19999999999991
2026-01-23T02:00:00.000Z,AUD/USD,SELL,2026-01-23T02:02:00.000Z,2924,10.000000000000009
2026-01-23T02:15:00.000Z,AUD/JPY,SELL,2026-01-23T02:17:00.000Z,2924,9.999999999999432
2026-01-23T02:30:00.000Z,EUR/JPY,SELL,2026-01-23T02:32:00.000Z,2924,9.999999999999432
2026-01-23T07:45:00.000Z,USD/JPY,SELL,2026-01-23T07:47:00.000Z,2924,60.300000000000864
2026-01-23T07:45:00.000Z,EUR/JPY,SELL,2026-01-23T07:47:00.000Z,2924,65.10000000000105
2026-01-23T07:45:00.000Z,AUD/JPY,SELL,2026-01-23T07:47:00.000Z,2924,38.50000000000051
2026-01-23T08:00:00.000Z,USD/JPY,BUY,2026-01-23T08:02:00.000Z,2924,25.399999999999068
2026-01-23T08:00:00.000Z,EUR/JPY,BUY,2026-01-23T08:02:00.000Z,2924,23.400000000000887
2026-01-23T08:00:00.000Z,AUD/JPY,BUY,2026-01-23T08:02:00.000Z,2924,21.399999999998442
2026-01-23T17:45:00.000Z,AUD/USD,SELL,2026-01-23T17:47:00.000Z,2924,-15.600000000000058
2026-01-23T18:15:00.000Z,EUR/USD,SELL,2026-01-23T18:17:00.000Z,2924,-48.60000000000086
2026-01-23T20:30:00.000Z,EUR/JPY,BUY,2026-01-23T20:32:00.000Z,2924,-1.2000000000000455
2026-01-25T22:30:00.000Z,EUR/JPY,BUY,2026-01-25T22:32:00.000Z,2925,-90.29999999999916
2026-01-25T23:00:00.000Z,EUR/JPY,BUY,2026-01-25T23:02:00.000Z,2925,9.999999999999432
2026-01-25T23:00:00.000Z,AUD/JPY,BUY,2026-01-25T23:02:00.000Z,2925,13.799999999999102
2026-01-25T23:30:00.000Z,USD/JPY,BUY,2026-01-25T23:32:00.000Z,2925,10.200000000000387
2026-01-25T23:30:00.000Z,AUD/JPY,BUY,2026-01-25T23:32:00.000Z,2925,-63.80000000000052
2026-01-25T23:30:00.000Z,EUR/USD,SELL,2026-01-25T23:32:00.000Z,2925,10.199999999997988
2026-01-25T23:30:00.000Z,AUD/USD,SELL,2026-01-25T23:32:00.000Z,2925,0.20000000000020002
2026-01-26T00:00:00.000Z,USD/JPY,BUY,2026-01-26T00:02:00.000Z,2925,-84.49999999999989
2026-01-26T02:30:00.000Z,AUD/JPY,BUY,2026-01-26T02:32:00.000Z,2925,13.49999999999909
2026-01-26T03:15:00.000Z,USD/JPY,BUY,2026-01-26T03:17:00.000Z,2925,9.999999999999432
2026-01-26T03:15:00.000Z,EUR/JPY,BUY,2026-01-26T03:17:00.000Z,2925,9.999999999999432
2026-01-26T03:15:00.000Z,AUD/JPY,BUY,2026-01-26T03:17:00.000Z,2925,9.999999999999432
2026-01-26T04:30:00.000Z,USD/JPY,BUY,2026-01-26T04:32:00.000Z,2925,10.099999999999909
2026-01-26T05:00:00.000Z,USD/JPY,BUY,2026-01-26T05:02:00.000Z,2925,12.399999999999523
2026-01-26T05:00:00.000Z,EUR/JPY,BUY,2026-01-26T05:02:00.000Z,2925,9.999999999999432
2026-01-26T09:00:00.000Z,EUR/JPY,BUY,2026-01-26T09:02:00.000Z,2925,11.50000000000091
2026-01-26T15:15:00.000Z,AUD/USD,SELL,2026-01-26T15:17:00.000Z,2925,10.000000000000009
2026-01-26T16:15:00.000Z,EUR/USD,SELL,2026-01-26T16:17:00.000Z,2925,9.999999999998899
2026-01-26T23:15:00.000Z,AUD/USD,BUY,2026-01-26T23:17:00.000Z,2925,10.000000000000009
2026-01-27T03:00:00.000Z,EUR/USD,SELL,2026-01-27T03:02:00.000Z,2925,-104.40000000000005
2026-01-27T03:15:00.000Z,EUR/JPY,SELL,2026-01-27T03:17:00.000Z,2925,11.099999999999
2026-01-27T04:00:00.000Z,EUR/JPY,SELL,2026-01-27T04:02:00.000Z,2925,14.799999999999613
2026-01-27T09:00:00.000Z,EUR/USD,BUY,2026-01-27T09:02:00.000Z,2925,11.199999999997878
2026-01-27T10:15:00.000Z,USD/JPY,BUY,2026-01-27T10:17:00.000Z,2925,-132.5000000000017
2026-01-27T10:15:00.000Z,AUD/JPY,BUY,2026-01-27T10:17:00.000Z,2925,10.699999999999932
2026-01-27T10:30:00.000Z,EUR/JPY,BUY,2026-01-27T10:32:00.000Z,2925,12.999999999999545
2026-01-27T11:00:00.000Z,EUR/JPY,BUY,2026-01-27T11:02:00.000Z,2925,13.300000000000978
2026-01-27T11:45:00.000Z,USD/JPY,BUY,2026-01-27T11:47:00.000Z,2925,-108.69999999999891
2026-01-27T11:45:00.000Z,EUR/JPY,BUY,2026-01-27T11:47:00.000Z,2925,9.999999999999432
2026-01-27T13:30:00.000Z,AUD/USD,SELL,2026-01-27T13:32:00.000Z,2925,-58.09999999999982
2026-01-27T14:00:00.000Z,EUR/USD,SELL,2026-01-27T14:02:00.000Z,2925,-36.6999999999984
2026-01-27T15:45:00.000Z,USD/JPY,BUY,2026-01-27T15:47:00.000Z,2925,9.999999999999432
2026-01-27T15:45:00.000Z,EUR/USD,SELL,2026-01-27T15:47:00.000Z,2925,11.300000000000754
2026-01-27T16:00:00.000Z,AUD/USD,SELL,2026-01-27T16:02:00.000Z,2925,-35.89999999999982
2026-01-27T17:15:00.000Z,EUR/USD,SELL,2026-01-27T17:17:00.000Z,2925,9.999999999998899
2026-01-27T17:30:00.000Z,AUD/USD,SELL,2026-01-27T17:32:00.000Z,2925,-20.700000000000163
2026-01-27T18:00:00.000Z,USD/JPY,BUY,2026-01-27T18:02:00.000Z,2925,12.199999999998568
2026-01-27T20:45:00.000Z,USD/JPY,BUY,2026-01-27T20:47:00.000Z,2925,39.400000000000546
2026-01-27T22:45:00.000Z,USD/JPY,BUY,2026-01-27T22:47:00.000Z,2925,9.999999999999432
2026-01-27T23:15:00.000Z,EUR/USD,SELL,2026-01-27T23:17:00.000Z,2925,11.899999999998023
2026-01-27T23:15:00.000Z,AUD/USD,SELL,2026-01-27T23:17:00.000Z,2925,10.000000000000009
2026-01-28T05:45:00.000Z,EUR/JPY,BUY,2026-01-28T05:47:00.000Z,2925,9.999999999999432
2026-01-28T12:30:00.000Z,EUR/JPY,BUY,2026-01-28T12:32:00.000Z,2925,13.900000000001
2026-01-28T15:30:00.000Z,EUR/JPY,SELL,2026-01-28T15:32:00.000Z,2925,12.5
2026-01-28T15:45:00.000Z,USD/JPY,SELL,2026-01-28T15:47:00.000Z,2925,16.399999999998727
2026-01-28T15:45:00.000Z,AUD/JPY,SELL,2026-01-28T15:47:00.000Z,2925,11.7999999999995
2026-01-28T16:45:00.000Z,USD/JPY,SELL,2026-01-28T16:47:00.000Z,2925,9.999999999999432
2026-01-28T16:45:00.000Z,AUD/JPY,SELL,2026-01-28T16:47:00.000Z,2925,9.999999999999432
2026-01-28T19:00:00.000Z,AUD/JPY,SELL,2026-01-28T19:02:00.000Z,2925,9.999999999999432
2026-01-28T22:15:00.000Z,AUD/USD,SELL,2026-01-28T22:17:00.000Z,2925,10.000000000000009
2026-01-28T23:00:00.000Z,AUD/USD,SELL,2026-01-28T23:02:00.000Z,2925,10.000000000000009
2026-01-28T23:15:00.000Z,AUD/JPY,SELL,2026-01-28T23:17:00.000Z,2925,11.899999999999977
2026-01-29T00:00:00.000Z,AUD/USD,SELL,2026-01-29T00:02:00.000Z,2925,10.000000000000009
2026-01-29T06:15:00.000Z,AUD/JPY,SELL,2026-01-29T06:17:00.000Z,2925,10.799999999998988
2026-01-29T06:15:00.000Z,AUD/USD,SELL,2026-01-29T06:17:00.000Z,2925,11.400000000000299
2026-01-29T11:15:00.000Z,AUD/JPY,BUY,2026-01-29T11:17:00.000Z,2925,10.69999999999851
2026-01-29T11:15:00.000Z,EUR/USD,BUY,2026-01-29T11:17:00.000Z,2925,10.200000000000209
2026-01-29T11:30:00.000Z,AUD/USD,BUY,2026-01-29T11:32:00.000Z,2925,11.100000000000554
2026-01-29T16:00:00.000Z,EUR/USD,BUY,2026-01-29T16:02:00.000Z,2925,9.999999999998899
2026-01-29T16:15:00.000Z,EUR/JPY,BUY,2026-01-29T16:17:00.000Z,2925,11.899999999999977
2026-01-29T16:15:00.000Z,AUD/JPY,BUY,2026-01-29T16:17:00.000Z,2925,9.999999999999432
2026-01-29T16:15:00.000Z,AUD/USD,BUY,2026-01-29T16:17:00.000Z,2925,10.000000000000009
2026-01-30T01:00:00.000Z,USD/JPY,SELL,2026-01-30T01:02:00.000Z,2925,-120.19999999999982
2026-01-30T01:30:00.000Z,USD/JPY,SELL,2026-01-30T01:32:00.000Z,2925,-122.80000000000086
2026-01-30T01:45:00.000Z,EUR/USD,BUY,2026-01-30T01:47:00.000Z,2925,14.199999999999768
2026-01-30T02:30:00.000Z,USD/JPY,SELL,2026-01-30T02:32:00.000Z,2925,-106.3999999999993
2026-01-30T03:00:00.000Z,EUR/USD,BUY,2026-01-30T03:02:00.000Z,2925,11.499999999999844
2026-01-30T03:00:00.000Z,AUD/USD,BUY,2026-01-30T03:02:00.000Z,2925,11.799999999999589
2026-01-30T15:30:00.000Z,USD/JPY,SELL,2026-01-30T15:32:00.000Z,2925,18.599999999997863
2026-02-01T23:30:00.000Z,EUR/JPY,SELL,2026-02-01T23:32:00.000Z,2926,9.999999999999432
2026-02-01T23:30:00.000Z,EUR/USD,BUY,2026-02-01T23:32:00.000Z,2926,9.999999999998899
2026-02-01T23:30:00.000Z,AUD/USD,BUY,2026-02-01T23:32:00.000Z,2926,10.000000000000009
2026-02-01T23:45:00.000Z,USD/JPY,SELL,2026-02-01T23:47:00.000Z,2926,9.999999999999432
2026-02-02T06:00:00.000Z,AUD/JPY,BUY,2026-02-02T06:02:00.000Z,2926,9.999999999999432
2026-02-02T06:30:00.000Z,EUR/JPY,BUY,2026-02-02T06:32:00.000Z,2926,11.699999999999022
2026-02-02T06:45:00.000Z,AUD/USD,BUY,2026-02-02T06:47:00.000Z,2926,10.000000000000009
2026-02-02T07:15:00.000Z,EUR/JPY,BUY,2026-02-02T07:17:00.000Z,2926,16.59999999999968
2026-02-02T07:15:00.000Z,AUD/JPY,BUY,2026-02-02T07:17:00.000Z,2926,9.999999999999432
2026-02-02T14:45:00.000Z,EUR/USD,BUY,2026-02-02T14:47:00.000Z,2926,-29.000000000001247
2026-02-02T15:45:00.000Z,AUD/JPY,SELL,2026-02-02T15:47:00.000Z,2926,9.999999999999432
2026-02-02T16:15:00.000Z,USD/JPY,SELL,2026-02-02T16:17:00.000Z,2926,11.099999999999
2026-02-02T16:15:00.000Z,EUR/USD,BUY,2026-02-02T16:17:00.000Z,2926,9.999999999998899
2026-02-02T18:30:00.000Z,EUR/USD,BUY,2026-02-02T18:32:00.000Z,2926,9.999999999998899
2026-02-02T19:45:00.000Z,EUR/USD,BUY,2026-02-02T19:47:00.000Z,2926,12.600000000000389
2026-02-03T02:15:00.000Z,AUD/JPY,SELL,2026-02-03T02:17:00.000Z,2926,9.999999999999432
2026-02-03T02:15:00.000Z,AUD/USD,SELL,2026-02-03T02:17:00.000Z,2926,10.000000000000009
2026-02-03T04:45:00.000Z,AUD/JPY,SELL,2026-02-03T04:47:00.000Z,2926,9.999999999999432
2026-02-03T04:45:00.000Z,AUD/USD,SELL,2026-02-03T04:47:00.000Z,2926,10.000000000000009
2026-02-03T08:30:00.000Z,AUD/USD,SELL,2026-02-03T08:32:00.000Z,2926,10.000000000000009
2026-02-03T08:45:00.000Z,AUD/JPY,SELL,2026-02-03T08:47:00.000Z,2926,10.499999999998977
2026-02-03T10:15:00.000Z,USD/JPY,SELL,2026-02-03T10:17:00.000Z,2926,12.09999999999809
2026-02-03T11:45:00.000Z,USD/JPY,SELL,2026-02-03T11:47:00.000Z,2926,11.099999999999
2026-02-03T12:15:00.000Z,USD/JPY,SELL,2026-02-03T12:17:00.000Z,2926,9.999999999999432
2026-02-03T13:00:00.000Z,EUR/JPY,SELL,2026-02-03T13:02:00.000Z,2926,11.699999999999022
2026-02-04T02:30:00.000Z,AUD/JPY,SELL,2026-02-04T02:32:00.000Z,2926,11.099999999999
2026-02-04T04:30:00.000Z,USD/JPY,SELL,2026-02-04T04:32:00.000Z,2926,-54.60000000000207
2026-02-04T04:30:00.000Z,AUD/JPY,SELL,2026-02-04T04:32:00.000Z,2926,10.3999999999985
2026-02-04T05:30:00.000Z,EUR/JPY,SELL,2026-02-04T05:32:00.000Z,2926,9.999999999999432
2026-02-04T05:45:00.000Z,AUD/JPY,SELL,2026-02-04T05:47:00.000Z,2926,12.499999999998579
2026-02-04T06:00:00.000Z,EUR/JPY,SELL,2026-02-04T06:02:00.000Z,2926,12.20000000000141
2026-02-04T06:30:00.000Z,EUR/JPY,SELL,2026-02-04T06:32:00.000Z,2926,11.400000000000432
2026-02-04T06:30:00.000Z,AUD/JPY,SELL,2026-02-04T06:32:00.000Z,2926,11.599999999999966
2026-02-04T07:30:00.000Z,AUD/JPY,SELL,2026-02-04T07:32:00.000Z,2926,9.999999999999432
2026-02-04T08:00:00.000Z,USD/JPY,SELL,2026-02-04T08:02:00.000Z,2926,-72.8999999999985
2026-02-04T08:45:00.000Z,EUR/JPY,SELL,2026-02-04T08:47:00.000Z,2926,9.999999999999432
2026-02-04T08:45:00.000Z,AUD/JPY,SELL,2026-02-04T08:47:00.000Z,2926,9.999999999999432
2026-02-04T09:00:00.000Z,USD/JPY,SELL,2026-02-04T09:02:00.000Z,2926,9.999999999999432
2026-02-04T09:15:00.000Z,AUD/JPY,SELL,2026-02-04T09:17:00.000Z,2926,9.999999999999432
2026-02-04T11:00:00.000Z,EUR/USD,BUY,2026-02-04T11:02:00.000Z,2926,10.199999999997988
2026-02-04T11:15:00.000Z,EUR/JPY,SELL,2026-02-04T11:17:00.000Z,2926,14.599999999998658
2026-02-04T12:15:00.000Z,EUR/JPY,SELL,2026-02-04T12:17:00.000Z,2926,11.7999999999995
2026-02-04T12:30:00.000Z,USD/JPY,SELL,2026-02-04T12:32:00.000Z,2926,9.999999999999432
2026-02-04T16:30:00.000Z,AUD/USD,BUY,2026-02-04T16:32:00.000Z,2926,10.200000000000209
2026-02-04T17:00:00.000Z,AUD/JPY,BUY,2026-02-04T17:02:00.000Z,2926,11.399999999999011
2026-02-04T17:00:00.000Z,AUD/USD,BUY,2026-02-04T17:02:00.000Z,2926,10.000000000000009
2026-02-05T03:15:00.000Z,AUD/JPY,BUY,2026-02-05T03:17:00.000Z,2926,14.099999999999113
2026-02-05T03:15:00.000Z,EUR/USD,BUY,2026-02-05T03:17:00.000Z,2926,11.200000000000099
2026-02-05T03:15:00.000Z,AUD/USD,BUY,2026-02-05T03:17:00.000Z,2926,12.199999999999989
2026-02-05T04:15:00.000Z,AUD/JPY,BUY,2026-02-05T04:17:00.000Z,2926,9.999999999999432
2026-02-05T07:45:00.000Z,EUR/JPY,SELL,2026-02-05T07:47:00.000Z,2926,13.899999999998158
2026-02-05T08:30:00.000Z,EUR/JPY,SELL,2026-02-05T08:32:00.000Z,2926,10.80000000000041
2026-02-05T10:15:00.000Z,USD/JPY,SELL,2026-02-05T10:17:00.000Z,2926,10.499999999998977
2026-02-05T14:00:00.000Z,EUR/JPY,BUY,2026-02-05T14:02:00.000Z,2926,9.999999999999432
2026-02-05T14:30:00.000Z,USD/JPY,BUY,2026-02-05T14:32:00.000Z,2926,9.999999999999432
2026-02-05T14:30:00.000Z,EUR/USD,SELL,2026-02-05T14:32:00.000Z,2926,10.699999999999044
2026-02-05T22:15:00.000Z,AUD/USD,BUY,2026-02-05T22:17:00.000Z,2926,10.000000000000009
2026-02-06T00:30:00.000Z,USD/JPY,BUY,2026-02-06T00:32:00.000Z,2926,9.999999999999432
2026-02-06T00:30:00.000Z,EUR/JPY,BUY,2026-02-06T00:32:00.000Z,2926,9.999999999999432
2026-02-06T00:30:00.000Z,AUD/JPY,BUY,2026-02-06T00:32:00.000Z,2926,9.999999999999432
2026-02-06T00:30:00.000Z,AUD/USD,BUY,2026-02-06T00:32:00.000Z,2926,10.000000000000009
2026-02-06T01:45:00.000Z,USD/JPY,BUY,2026-02-06T01:47:00.000Z,2926,12.100000000000932
2026-02-06T01:45:00.000Z,EUR/JPY,BUY,2026-02-06T01:47:00.000Z,2926,9.999999999999432
2026-02-06T10:30:00.000Z,AUD/JPY,SELL,2026-02-06T10:32:00.000Z,2926,-93.00000000000068
2026-02-06T10:30:00.000Z,AUD/USD,SELL,2026-02-06T10:32:00.000Z,2926,-50.99999999999993
2026-02-06T12:15:00.000Z,AUD/JPY,SELL,2026-02-06T12:17:00.000Z,2926,-68.99999999999977
2026-02-06T12:15:00.000Z,AUD/USD,SELL,2026-02-06T12:17:00.000Z,2926,-38.7000000000004
2026-02-06T14:15:00.000Z,AUD/JPY,SELL,2026-02-06T14:17:00.000Z,2926,-57.800000000000296
2026-02-06T15:15:00.000Z,EUR/USD,SELL,2026-02-06T15:17:00.000Z,2926,-13.299999999998313
2026-02-06T16:00:00.000Z,EUR/JPY,SELL,2026-02-06T16:02:00.000Z,2926,-37.20000000000141
2026-02-06T16:00:00.000Z,AUD/JPY,SELL,2026-02-06T16:02:00.000Z,2926,-39.60000000000008
2026-02-06T16:00:00.000Z,AUD/USD,SELL,2026-02-06T16:02:00.000Z,2926,-14.500000000000624
2026-02-06T16:30:00.000Z,AUD/USD,SELL,2026-02-06T16:32:00.000Z,2926,-11.400000000000299
2026-02-06T17:00:00.000Z,EUR/JPY,SELL,2026-02-06T17:02:00.000Z,2926,-22.500000000002274
2026-02-06T17:00:00.000Z,AUD/JPY,SELL,2026-02-06T17:02:00.000Z,2926,-15.30000000000058
2026-02-06T17:00:00.000Z,AUD/USD,SELL,2026-02-06T17:02:00.000Z,2926,-8.700000000000374
2026-02-06T17:45:00.000Z,AUD/JPY,SELL,2026-02-06T17:47:00.000Z,2926,-11.599999999999966
2026-02-06T18:30:00.000Z,AUD/JPY,SELL,2026-02-06T18:32:00.000Z,2926,-6.100000000000705
2026-02-06T18:30:00.000Z,AUD/USD,SELL,2026-02-06T18:32:00.000Z,2926,-1.300000000000745
2026-02-08T22:15:00.000Z,EUR/JPY,SELL,2026-02-08T22:17:00.000Z,2927,9.999999999999432
2026-02-08T23:00:00.000Z,AUD/JPY,SELL,2026-02-08T23:02:00.000Z,2927,18.599999999999284
2026-02-08T23:45:00.000Z,USD/JPY,SELL,2026-02-08T23:47:00.000Z,2927,0
2026-02-09T00:00:00.000Z,EUR/JPY,SELL,2026-02-09T00:02:00.000Z,2927,0
2026-02-09T00:00:00.000Z,AUD/JPY,SELL,2026-02-09T00:02:00.000Z,2927,9.999999999999432
2026-02-09T00:15:00.000Z,AUD/USD,SELL,2026-02-09T00:17:00.000Z,2927,10.000000000000009
2026-02-09T07:00:00.000Z,USD/JPY,BUY,2026-02-09T07:02:00.000Z,2927,10.80000000000041
2026-02-09T08:00:00.000Z,EUR/USD,SELL,2026-02-09T08:02:00.000Z,2927,-51.999999999998714
2026-02-09T08:30:00.000Z,EUR/USD,SELL,2026-02-09T08:32:00.000Z,2927,-56.80000000000129
2026-02-09T10:00:00.000Z,EUR/USD,SELL,2026-02-09T10:02:00.000Z,2927,-53.399999999999004
2026-02-09T13:45:00.000Z,USD/JPY,BUY,2026-02-09T13:47:00.000Z,2927,12.79999999999859
2026-02-09T13:45:00.000Z,AUD/USD,SELL,2026-02-09T13:47:00.000Z,2927,-19.700000000000273
2026-02-09T15:15:00.000Z,USD/JPY,BUY,2026-02-09T15:17:00.000Z,2927,10.599999999999454
2026-02-09T15:45:00.000Z,EUR/USD,SELL,2026-02-09T15:47:00.000Z,2927,11.099999999999444
2026-02-09T16:15:00.000Z,EUR/USD,SELL,2026-02-09T16:17:00.000Z,2927,9.999999999998899
2026-02-09T17:15:00.000Z,AUD/JPY,SELL,2026-02-09T17:17:00.000Z,2927,13.800000000000523
2026-02-09T17:30:00.000Z,AUD/USD,SELL,2026-02-09T17:32:00.000Z,2927,10.000000000000009
2026-02-09T18:30:00.000Z,AUD/JPY,SELL,2026-02-09T18:32:00.000Z,2927,9.999999999999432
2026-02-09T20:15:00.000Z,AUD/USD,SELL,2026-02-09T20:17:00.000Z,2927,10.000000000000009
2026-02-10T04:00:00.000Z,USD/JPY,BUY,2026-02-10T04:02:00.000Z,2927,13.79999999999768
2026-02-10T04:00:00.000Z,EUR/JPY,BUY,2026-02-10T04:02:00.000Z,2927,12.600000000000477
2026-02-10T06:00:00.000Z,EUR/JPY,BUY,2026-02-10T06:02:00.000Z,2927,9.999999999999432
2026-02-10T06:00:00.000Z,AUD/JPY,BUY,2026-02-10T06:02:00.000Z,2927,10.599999999999454
2026-02-10T14:15:00.000Z,AUD/JPY,BUY,2026-02-10T14:17:00.000Z,2927,2.199999999999136
2026-02-10T15:00:00.000Z,AUD/JPY,BUY,2026-02-10T15:02:00.000Z,2927,19.299999999999784
2026-02-10T16:00:00.000Z,AUD/JPY,BUY,2026-02-10T16:02:00.000Z,2927,9.999999999999432
2026-02-10T16:45:00.000Z,AUD/JPY,BUY,2026-02-10T16:47:00.000Z,2927,9.999999999999432
2026-02-10T17:00:00.000Z,USD/JPY,BUY,2026-02-10T17:02:00.000Z,2927,9.999999999999432
2026-02-10T17:45:00.000Z,USD/JPY,BUY,2026-02-10T17:47:00.000Z,2927,9.999999999999432
2026-02-10T17:45:00.000Z,EUR/JPY,BUY,2026-02-10T17:47:00.000Z,2927,9.999999999999432
2026-02-11T01:45:00.000Z,USD/JPY,BUY,2026-02-11T01:47:00.000Z,2927,9.999999999999432
2026-02-11T04:45:00.000Z,AUD/USD,SELL,2026-02-11T04:47:00.000Z,2927,10.499999999999954
2026-02-11T06:30:00.000Z,AUD/JPY,BUY,2026-02-11T06:32:00.000Z,2927,17.39999999999924
2026-02-11T06:30:00.000Z,EUR/USD,SELL,2026-02-11T06:32:00.000Z,2927,9.999999999998899
2026-02-11T07:00:00.000Z,USD/JPY,BUY,2026-02-11T07:02:00.000Z,2927,11.400000000000432
2026-02-11T07:00:00.000Z,AUD/JPY,BUY,2026-02-11T07:02:00.000Z,2927,11.999999999999034
2026-02-11T07:15:00.000Z,EUR/JPY,BUY,2026-02-11T07:17:00.000Z,2927,9.999999999999432
2026-02-11T14:00:00.000Z,EUR/JPY,BUY,2026-02-11T14:02:00.000Z,2927,9.999999999999432
2026-02-11T16:00:00.000Z,EUR/USD,BUY,2026-02-11T16:02:00.000Z,2927,12.399999999999078
2026-02-11T19:00:00.000Z,EUR/JPY,BUY,2026-02-11T19:02:00.000Z,2927,9.999999999999432
2026-02-12T04:00:00.000Z,EUR/JPY,BUY,2026-02-12T04:02:00.000Z,2927,12.5
2026-02-12T04:30:00.000Z,EUR/JPY,BUY,2026-02-12T04:32:00.000Z,2927,13.299999999998136
2026-02-12T05:15:00.000Z,AUD/USD,BUY,2026-02-12T05:17:00.000Z,2927,10.000000000000009
2026-02-12T13:30:00.000Z,USD/JPY,SELL,2026-02-12T13:32:00.000Z,2927,9.999999999999432
2026-02-12T13:30:00.000Z,EUR/JPY,SELL,2026-02-12T13:32:00.000Z,2927,0
2026-02-12T13:45:00.000Z,AUD/JPY,SELL,2026-02-12T13:47:00.000Z,2927,10.099999999999909
2026-02-12T14:15:00.000Z,AUD/JPY,SELL,2026-02-12T14:17:00.000Z,2927,9.999999999999432
2026-02-12T16:00:00.000Z,AUD/JPY,BUY,2026-02-12T16:02:00.000Z,2927,-69.5999999999998
2026-02-12T16:45:00.000Z,USD/JPY,BUY,2026-02-12T16:47:00.000Z,2927,10.599999999999454
2026-02-12T16:45:00.000Z,EUR/JPY,BUY,2026-02-12T16:47:00.000Z,2927,15.999999999999659
2026-02-12T16:45:00.000Z,AUD/JPY,BUY,2026-02-12T16:47:00.000Z,2927,15.099999999999625
2026-02-13T07:00:00.000Z,EUR/USD,BUY,2026-02-13T07:02:00.000Z,2927,11.900000000000244
2026-02-13T07:30:00.000Z,EUR/USD,BUY,2026-02-13T07:32:00.000Z,2927,9.999999999998899
2026-02-13T07:30:00.000Z,AUD/USD,BUY,2026-02-13T07:32:00.000Z,2927,10.000000000000009
2026-02-13T14:45:00.000Z,USD/JPY,BUY,2026-02-13T14:47:00.000Z,2927,9.999999999999432
2026-02-13T17:30:00.000Z,USD/JPY,BUY,2026-02-13T17:32:00.000Z,2927,0
2026-02-16T05:15:00.000Z,AUD/JPY,SELL,2026-02-16T05:17:00.000Z,2928,9.999999999999432
2026-02-16T05:45:00.000Z,AUD/JPY,SELL,2026-02-16T05:47:00.000Z,2928,10.099999999999909
2026-02-16T06:30:00.000Z,AUD/JPY,SELL,2026-02-16T06:32:00.000Z,2928,11.999999999999034
2026-02-16T08:00:00.000Z,AUD/JPY,SELL,2026-02-16T08:02:00.000Z,2928,11.999999999999034
2026-02-16T08:15:00.000Z,EUR/JPY,SELL,2026-02-16T08:17:00.000Z,2928,16.70000000000016
2026-02-16T08:45:00.000Z,EUR/JPY,SELL,2026-02-16T08:47:00.000Z,2928,10.699999999999932
2026-02-16T09:45:00.000Z,AUD/JPY,SELL,2026-02-16T09:47:00.000Z,2928,9.999999999999432
2026-02-16T11:00:00.000Z,USD/JPY,SELL,2026-02-16T11:02:00.000Z,2928,11.699999999999022
2026-02-16T11:00:00.000Z,EUR/JPY,SELL,2026-02-16T11:02:00.000Z,2928,10.3999999999985
2026-02-16T11:00:00.000Z,AUD/JPY,SELL,2026-02-16T11:02:00.000Z,2928,0
2026-02-16T13:45:00.000Z,EUR/USD,BUY,2026-02-16T13:47:00.000Z,2928,-35.70000000000073
2026-02-16T16:15:00.000Z,AUD/USD,BUY,2026-02-16T16:17:00.000Z,2928,-13.400000000000079
2026-02-16T23:45:00.000Z,USD/JPY,SELL,2026-02-16T23:47:00.000Z,2928,11.099999999999
2026-02-17T01:15:00.000Z,USD/JPY,BUY,2026-02-17T01:17:00.000Z,2928,9.999999999999432
2026-02-17T01:15:00.000Z,EUR/JPY,BUY,2026-02-17T01:17:00.000Z,2928,9.999999999999432
2026-02-17T01:15:00.000Z,AUD/JPY,BUY,2026-02-17T01:17:00.000Z,2928,12.599999999999056
2026-02-17T01:15:00.000Z,AUD/USD,BUY,2026-02-17T01:17:00.000Z,2928,12.300000000000644
2026-02-17T01:45:00.000Z,EUR/USD,BUY,2026-02-17T01:47:00.000Z,2928,9.999999999998899
2026-02-17T02:15:00.000Z,AUD/USD,BUY,2026-02-17T02:17:00.000Z,2928,10.000000000000009
2026-02-17T03:30:00.000Z,EUR/JPY,BUY,2026-02-17T03:32:00.000Z,2928,10.200000000000387
2026-02-17T03:30:00.000Z,AUD/JPY,BUY,2026-02-17T03:32:00.000Z,2928,12.999999999999545
2026-02-17T03:30:00.000Z,AUD/USD,BUY,2026-02-17T03:32:00.000Z,2928,12.199999999999989
2026-02-17T04:00:00.000Z,EUR/USD,BUY,2026-02-17T04:02:00.000Z,2928,10.799999999997478
2026-02-17T08:30:00.000Z,EUR/USD,BUY,2026-02-17T08:32:00.000Z,2928,10.299999999998644
2026-02-17T14:00:00.000Z,EUR/USD,BUY,2026-02-17T14:02:00.000Z,2928,11.599999999998278
2026-02-17T14:00:00.000Z,AUD/USD,BUY,2026-02-17T14:02:00.000Z,2928,10.700000000000154
2026-02-17T15:45:00.000Z,EUR/USD,BUY,2026-02-17T15:47:00.000Z,2928,11.900000000000244
2026-02-17T15:45:00.000Z,AUD/USD,BUY,2026-02-17T15:47:00.000Z,2928,10.000000000000009
2026-02-17T16:30:00.000Z,USD/JPY,SELL,2026-02-17T16:32:00.000Z,2928,11.499999999998067
2026-02-17T16:45:00.000Z,EUR/JPY,SELL,2026-02-17T16:47:00.000Z,2928,9.999999999999432
2026-02-17T17:45:00.000Z,EUR/JPY,SELL,2026-02-17T17:47:00.000Z,2928,12.999999999999545
2026-02-17T19:15:00.000Z,AUD/USD,SELL,2026-02-17T19:17:00.000Z,2928,10.000000000000009
2026-02-18T02:45:00.000Z,USD/JPY,SELL,2026-02-18T02:47:00.000Z,2928,10.599999999999454
2026-02-18T09:00:00.000Z,EUR/USD,BUY,2026-02-18T09:02:00.000Z,2928,9.999999999998899
2026-02-18T10:00:00.000Z,AUD/JPY,SELL,2026-02-18T10:02:00.000Z,2928,10.699999999999932
2026-02-18T10:45:00.000Z,AUD/JPY,SELL,2026-02-18T10:47:00.000Z,2928,10.299999999999443
2026-02-18T14:15:00.000Z,AUD/USD,BUY,2026-02-18T14:17:00.000Z,2928,10.000000000000009
2026-02-18T14:45:00.000Z,AUD/USD,BUY,2026-02-18T14:47:00.000Z,2928,12.300000000000644
2026-02-18T15:15:00.000Z,EUR/USD,BUY,2026-02-18T15:17:00.000Z,2928,-53.099999999999255
2026-02-18T16:00:00.000Z,USD/JPY,SELL,2026-02-18T16:02:00.000Z,2928,-66.99999999999875
2026-02-18T16:00:00.000Z,EUR/JPY,SELL,2026-02-18T16:02:00.000Z,2928,9.999999999999432
2026-02-18T17:00:00.000Z,AUD/JPY,SELL,2026-02-18T17:02:00.000Z,2928,9.999999999999432
2026-02-18T18:00:00.000Z,EUR/USD,BUY,2026-02-18T18:02:00.000Z,2928,-40.49999999999887
2026-02-18T18:15:00.000Z,AUD/JPY,SELL,2026-02-18T18:17:00.000Z,2928,9.999999999999432
2026-02-18T20:45:00.000Z,AUD/USD,BUY,2026-02-18T20:47:00.000Z,2928,10.000000000000009
2026-02-18T21:30:00.000Z,EUR/USD,BUY,2026-02-18T21:32:00.000Z,2928,9.999999999998899
2026-02-18T22:15:00.000Z,USD/JPY,SELL,2026-02-18T22:17:00.000Z,2928,9.999999999999432
2026-02-18T22:15:00.000Z,EUR/USD,BUY,2026-02-18T22:17:00.000Z,2928,-16.700000000000603
2026-02-19T02:15:00.000Z,AUD/USD,SELL,2026-02-19T02:17:00.000Z,2928,10.000000000000009
2026-02-19T02:30:00.000Z,USD/JPY,SELL,2026-02-19T02:32:00.000Z,2928,9.999999999999432
2026-02-19T02:45:00.000Z,EUR/JPY,SELL,2026-02-19T02:47:00.000Z,2928,11.099999999999
2026-02-19T03:00:00.000Z,AUD/USD,SELL,2026-02-19T03:02:00.000Z,2928,12.199999999999989
2026-02-19T03:15:00.000Z,EUR/JPY,SELL,2026-02-19T03:17:00.000Z,2928,12.199999999998568
2026-02-19T04:30:00.000Z,AUD/JPY,SELL,2026-02-19T04:32:00.000Z,2928,14.499999999999602
2026-02-19T05:00:00.000Z,USD/JPY,SELL,2026-02-19T05:02:00.000Z,2928,12.5
2026-02-19T05:00:00.000Z,EUR/JPY,SELL,2026-02-19T05:02:00.000Z,2928,9.999999999999432
2026-02-19T06:15:00.000Z,USD/JPY,SELL,2026-02-19T06:17:00.000Z,2928,9.999999999999432
2026-02-19T06:15:00.000Z,EUR/JPY,SELL,2026-02-19T06:17:00.000Z,2928,9.999999999999432
2026-02-19T12:30:00.000Z,AUD/JPY,BUY,2026-02-19T12:32:00.000Z,2928,9.999999999999432
2026-02-19T13:00:00.000Z,EUR/JPY,BUY,2026-02-19T13:02:00.000Z,2928,15.899999999999181
2026-02-19T13:45:00.000Z,EUR/JPY,BUY,2026-02-19T13:47:00.000Z,2928,15.099999999998204
2026-02-19T14:00:00.000Z,EUR/USD,BUY,2026-02-19T14:02:00.000Z,2928,12.299999999998423
2026-02-19T15:15:00.000Z,EUR/USD,BUY,2026-02-19T15:17:00.000Z,2928,9.999999999998899
2026-02-20T03:15:00.000Z,AUD/JPY,BUY,2026-02-20T03:17:00.000Z,2928,9.999999999999432
2026-02-20T03:15:00.000Z,AUD/USD,BUY,2026-02-20T03:17:00.000Z,2928,10.000000000000009
2026-02-20T03:45:00.000Z,AUD/JPY,BUY,2026-02-20T03:47:00.000Z,2928,10.39999999999992
2026-02-20T03:45:00.000Z,AUD/USD,BUY,2026-02-20T03:47:00.000Z,2928,10.000000000000009
2026-02-20T09:15:00.000Z,EUR/JPY,SELL,2026-02-20T09:17:00.000Z,2928,13.999999999998636
2026-02-20T09:45:00.000Z,AUD/JPY,SELL,2026-02-20T09:47:00.000Z,2928,9.999999999999432
2026-02-20T15:45:00.000Z,EUR/USD,SELL,2026-02-20T15:47:00.000Z,2928,9.999999999998899
2026-02-20T16:15:00.000Z,AUD/USD,SELL,2026-02-20T16:17:00.000Z,2928,10.000000000000009
2026-02-20T16:30:00.000Z,USD/JPY,BUY,2026-02-20T16:32:00.000Z,2928,10.300000000000864
2026-02-23T00:15:00.000Z,AUD/USD,SELL,2026-02-23T00:17:00.000Z,2929,0
2026-02-23T01:30:00.000Z,EUR/USD,SELL,2026-02-23T01:32:00.000Z,2929,9.999999999998899
2026-02-23T01:45:00.000Z,EUR/JPY,BUY,2026-02-23T01:47:00.000Z,2929,13.599999999999568
2026-02-23T01:45:00.000Z,AUD/JPY,BUY,2026-02-23T01:47:00.000Z,2929,13.699999999998624
2026-02-23T02:00:00.000Z,USD/JPY,BUY,2026-02-23T02:02:00.000Z,2929,12.299999999999045
2026-02-23T02:30:00.000Z,USD/JPY,BUY,2026-02-23T02:32:00.000Z,2929,0
2026-02-23T02:30:00.000Z,AUD/JPY,BUY,2026-02-23T02:32:00.000Z,2929,9.999999999999432
2026-02-23T10:00:00.000Z,AUD/JPY,SELL,2026-02-23T10:02:00.000Z,2929,-44.69999999999885
2026-02-23T10:30:00.000Z,EUR/USD,BUY,2026-02-23T10:32:00.000Z,2929,9.999999999998899
2026-02-23T12:45:00.000Z,USD/JPY,SELL,2026-02-23T12:47:00.000Z,2929,9.999999999999432
2026-02-23T12:45:00.000Z,AUD/USD,BUY,2026-02-23T12:47:00.000Z,2929,10.000000000000009
2026-02-23T13:15:00.000Z,EUR/USD,BUY,2026-02-23T13:17:00.000Z,2929,-9.700000000001374
2026-02-23T16:30:00.000Z,EUR/JPY,BUY,2026-02-23T16:32:00.000Z,2929,10.099999999999909
2026-02-23T16:30:00.000Z,AUD/JPY,BUY,2026-02-23T16:32:00.000Z,2929,12.5
2026-02-23T17:45:00.000Z,EUR/JPY,BUY,2026-02-23T17:47:00.000Z,2929,9.999999999999432
2026-02-23T18:00:00.000Z,AUD/JPY,BUY,2026-02-23T18:02:00.000Z,2929,0
2026-02-24T01:45:00.000Z,USD/JPY,SELL,2026-02-24T01:47:00.000Z,2929,9.999999999999432
2026-02-24T01:45:00.000Z,EUR/USD,BUY,2026-02-24T01:47:00.000Z,2929,9.999999999998899
2026-02-24T03:15:00.000Z,AUD/JPY,SELL,2026-02-24T03:17:00.000Z,2929,-97.09999999999894
2026-02-24T04:45:00.000Z,AUD/JPY,SELL,2026-02-24T04:47:00.000Z,2929,9.999999999999432
2026-02-24T05:00:00.000Z,USD/JPY,SELL,2026-02-24T05:02:00.000Z,2929,9.999999999999432
2026-02-24T05:00:00.000Z,EUR/USD,BUY,2026-02-24T05:02:00.000Z,2929,10.499999999997733
2026-02-24T06:00:00.000Z,USD/JPY,SELL,2026-02-24T06:02:00.000Z,2929,11.499999999998067
2026-02-24T06:00:00.000Z,EUR/JPY,SELL,2026-02-24T06:02:00.000Z,2929,10.599999999999454
2026-02-24T06:00:00.000Z,AUD/JPY,SELL,2026-02-24T06:02:00.000Z,2929,9.999999999999432
2026-02-24T06:30:00.000Z,AUD/JPY,SELL,2026-02-24T06:32:00.000Z,2929,-110.20000000000039
2026-02-24T08:45:00.000Z,AUD/JPY,SELL,2026-02-24T08:47:00.000Z,2929,9.999999999999432
2026-02-24T09:00:00.000Z,USD/JPY,SELL,2026-02-24T09:02:00.000Z,2929,9.999999999999432
2026-02-24T09:15:00.000Z,EUR/JPY,SELL,2026-02-24T09:17:00.000Z,2929,12.899999999999068
2026-02-24T13:00:00.000Z,AUD/USD,BUY,2026-02-24T13:02:00.000Z,2929,10.000000000000009
2026-02-24T14:45:00.000Z,AUD/USD,BUY,2026-02-24T14:47:00.000Z,2929,10.000000000000009
2026-02-25T01:00:00.000Z,AUD/JPY,SELL,2026-02-25T01:02:00.000Z,2929,-100.49999999999955
2026-02-25T01:15:00.000Z,AUD/USD,SELL,2026-02-25T01:17:00.000Z,2929,-52.40000000000022
2026-02-25T02:00:00.000Z,AUD/USD,SELL,2026-02-25T02:02:00.000Z,2929,-50.80000000000084
2026-02-25T02:30:00.000Z,AUD/USD,SELL,2026-02-25T02:32:00.000Z,2929,-36.399999999999764
2026-02-25T03:15:00.000Z,EUR/USD,SELL,2026-02-25T03:17:00.000Z,2929,9.999999999998899
2026-02-25T03:15:00.000Z,AUD/USD,SELL,2026-02-25T03:17:00.000Z,2929,10.000000000000009
2026-02-25T05:00:00.000Z,AUD/JPY,SELL,2026-02-25T05:02:00.000Z,2929,-38.400000000000034
2026-02-25T06:00:00.000Z,EUR/USD,SELL,2026-02-25T06:02:00.000Z,2929,10.299999999998644
2026-02-25T06:45:00.000Z,EUR/USD,SELL,2026-02-25T06:47:00.000Z,2929,9.999999999998899
2026-02-25T07:00:00.000Z,AUD/JPY,SELL,2026-02-25T07:02:00.000Z,2929,17.499999999999716
2026-02-25T07:15:00.000Z,EUR/USD,SELL,2026-02-25T07:17:00.000Z,2929,9.999999999998899
2026-02-25T07:30:00.000Z,AUD/USD,SELL,2026-02-25T07:32:00.000Z,2929,-13.800000000000479
2026-02-25T09:45:00.000Z,USD/JPY,SELL,2026-02-25T09:47:00.000Z,2929,13.800000000000523
2026-02-25T09:45:00.000Z,EUR/JPY,SELL,2026-02-25T09:47:00.000Z,2929,14.899999999997249
2026-02-25T09:45:00.000Z,AUD/JPY,SELL,2026-02-25T09:47:00.000Z,2929,-21.399999999999864
2026-02-25T11:30:00.000Z,EUR/JPY,SELL,2026-02-25T11:32:00.000Z,2929,9.999999999999432
2026-02-25T12:00:00.000Z,EUR/USD,BUY,2026-02-25T12:02:00.000Z,2929,9.999999999998899
2026-02-25T12:00:00.000Z,AUD/USD,BUY,2026-02-25T12:02:00.000Z,2929,0
2026-02-25T12:15:00.000Z,USD/JPY,SELL,2026-02-25T12:17:00.000Z,2929,9.999999999999432
2026-02-25T12:30:00.000Z,EUR/JPY,SELL,2026-02-25T12:32:00.000Z,2929,10.499999999998977
2026-02-25T13:00:00.000Z,EUR/JPY,SELL,2026-02-25T13:02:00.000Z,2929,11.099999999999
2026-02-25T16:45:00.000Z,AUD/USD,SELL,2026-02-25T16:47:00.000Z,2929,13.099999999999223
2026-02-25T18:00:00.000Z,AUD/USD,SELL,2026-02-25T18:02:00.000Z,2929,10.599999999999499
2026-02-26T01:15:00.000Z,USD/JPY,BUY,2026-02-26T01:17:00.000Z,2929,12.700000000000955
2026-02-26T02:15:00.000Z,AUD/USD,SELL,2026-02-26T02:17:00.000Z,2929,10.000000000000009
2026-02-26T02:30:00.000Z,USD/JPY,BUY,2026-02-26T02:32:00.000Z,2929,9.999999999999432
2026-02-26T02:30:00.000Z,EUR/USD,SELL,2026-02-26T02:32:00.000Z,2929,9.999999999998899
2026-02-26T11:00:00.000Z,EUR/USD,BUY,2026-02-26T11:02:00.000Z,2929,9.999999999998899
2026-02-26T15:45:00.000Z,AUD/JPY,BUY,2026-02-26T15:47:00.000Z,2929,9.999999999999432
2026-02-26T15:45:00.000Z,AUD/USD,BUY,2026-02-26T15:47:00.000Z,2929,10.000000000000009
2026-02-27T01:00:00.000Z,USD/JPY,BUY,2026-02-27T01:02:00.000Z,2929,12.899999999999068
2026-02-27T01:00:00.000Z,EUR/JPY,BUY,2026-02-27T01:02:00.000Z,2929,11.199999999999477
2026-02-27T03:30:00.000Z,AUD/USD,SELL,2026-02-27T03:32:00.000Z,2929,10.000000000000009
2026-02-27T06:00:00.000Z,AUD/USD,SELL,2026-02-27T06:02:00.000Z,2929,10.900000000000354
2026-02-27T08:15:00.000Z,EUR/JPY,SELL,2026-02-27T08:17:00.000Z,2929,13.2000000000005
2026-02-27T17:30:00.000Z,EUR/JPY,SELL,2026-02-27T17:32:00.000Z,2929,9.999999999999432
2026-03-01T22:45:00.000Z,EUR/JPY,BUY,2026-03-01T22:47:00.000Z,2930,9.999999999999432
2026-03-01T22:45:00.000Z,EUR/USD,BUY,2026-03-01T22:47:00.000Z,2930,9.999999999998899
2026-03-01T23:15:00.000Z,AUD/JPY,BUY,2026-03-01T23:17:00.000Z,2930,9.999999999999432
2026-03-01T23:15:00.000Z,AUD/USD,BUY,2026-03-01T23:17:00.000Z,2930,10.000000000000009
2026-03-01T23:45:00.000Z,EUR/USD,BUY,2026-03-01T23:47:00.000Z,2930,12.799999999999478
2026-03-02T00:15:00.000Z,USD/JPY,SELL,2026-03-02T00:17:00.000Z,2930,9.999999999999432
2026-03-02T00:15:00.000Z,EUR/USD,BUY,2026-03-02T00:17:00.000Z,2930,9.999999999998899
2026-03-02T07:00:00.000Z,USD/JPY,SELL,2026-03-02T07:02:00.000Z,2930,-30.89999999999975
2026-03-02T08:45:00.000Z,AUD/USD,BUY,2026-03-02T08:47:00.000Z,2930,10.000000000000009
2026-03-02T09:00:00.000Z,USD/JPY,SELL,2026-03-02T09:02:00.000Z,2930,13.299999999998136
2026-03-02T09:00:00.000Z,EUR/USD,BUY,2026-03-02T09:02:00.000Z,2930,9.999999999998899
2026-03-02T14:45:00.000Z,USD/JPY,SELL,2026-03-02T14:47:00.000Z,2930,11.400000000000432
2026-03-02T15:30:00.000Z,AUD/JPY,SELL,2026-03-02T15:32:00.000Z,2930,10.199999999998965
2026-03-02T16:30:00.000Z,USD/JPY,SELL,2026-03-02T16:32:00.000Z,2930,9.999999999999432
2026-03-02T16:30:00.000Z,EUR/USD,BUY,2026-03-02T16:32:00.000Z,2930,13.799999999999368
2026-03-03T01:45:00.000Z,AUD/JPY,SELL,2026-03-03T01:47:00.000Z,2930,9.999999999999432
2026-03-03T06:30:00.000Z,EUR/USD,BUY,2026-03-03T06:32:00.000Z,2930,-60.59999999999954
2026-03-03T09:15:00.000Z,AUD/JPY,BUY,2026-03-03T09:17:00.000Z,2930,-61.599999999999966
2026-03-03T09:15:00.000Z,AUD/USD,BUY,2026-03-03T09:17:00.000Z,2930,-32.10000000000046
2026-03-03T10:00:00.000Z,USD/JPY,SELL,2026-03-03T10:02:00.000Z,2930,9.999999999999432
2026-03-03T10:15:00.000Z,AUD/JPY,BUY,2026-03-03T10:17:00.000Z,2930,9.999999999999432
2026-03-03T11:45:00.000Z,EUR/JPY,BUY,2026-03-03T11:47:00.000Z,2930,9.999999999999432
2026-03-03T12:00:00.000Z,USD/JPY,SELL,2026-03-03T12:02:00.000Z,2930,13.399999999998613
2026-03-03T12:00:00.000Z,AUD/USD,BUY,2026-03-03T12:02:00.000Z,2930,13.499999999999623
2026-03-03T12:15:00.000Z,EUR/USD,BUY,2026-03-03T12:17:00.000Z,2930,11.999999999998678
2026-03-03T12:30:00.000Z,EUR/JPY,BUY,2026-03-03T12:32:00.000Z,2930,9.999999999999432
2026-03-03T12:30:00.000Z,AUD/JPY,BUY,2026-03-03T12:32:00.000Z,2930,9.999999999999432
2026-03-03T14:00:00.000Z,AUD/JPY,BUY,2026-03-03T14:02:00.000Z,2930,9.999999999999432
2026-03-03T14:00:00.000Z,AUD/USD,BUY,2026-03-03T14:02:00.000Z,2930,10.000000000000009
2026-03-03T15:30:00.000Z,EUR/JPY,BUY,2026-03-03T15:32:00.000Z,2930,9.999999999999432
2026-03-03T15:30:00.000Z,AUD/JPY,BUY,2026-03-03T15:32:00.000Z,2930,9.999999999999432
2026-03-03T15:45:00.000Z,EUR/USD,BUY,2026-03-03T15:47:00.000Z,2930,9.999999999998899
2026-03-03T15:45:00.000Z,AUD/USD,BUY,2026-03-03T15:47:00.000Z,2930,10.000000000000009
2026-03-04T01:45:00.000Z,AUD/JPY,BUY,2026-03-04T01:47:00.000Z,2930,18.299999999999272
2026-03-04T01:45:00.000Z,EUR/USD,BUY,2026-03-04T01:47:00.000Z,2930,11.799999999999589
2026-03-04T04:45:00.000Z,USD/JPY,BUY,2026-03-04T04:47:00.000Z,2930,9.999999999999432
2026-03-04T04:45:00.000Z,AUD/JPY,BUY,2026-03-04T04:47:00.000Z,2930,9.999999999999432
2026-03-04T10:30:00.000Z,AUD/USD,SELL,2026-03-04T10:32:00.000Z,2930,10.000000000000009
2026-03-05T01:15:00.000Z,USD/JPY,BUY,2026-03-05T01:17:00.000Z,2930,14.400000000000546
2026-03-05T01:15:00.000Z,EUR/JPY,BUY,2026-03-05T01:17:00.000Z,2930,11.000000000001364
2026-03-05T01:45:00.000Z,USD/JPY,BUY,2026-03-05T01:47:00.000Z,2930,0
2026-03-05T02:00:00.000Z,EUR/JPY,BUY,2026-03-05T02:02:00.000Z,2930,9.999999999999432
2026-03-05T05:15:00.000Z,EUR/USD,BUY,2026-03-05T05:17:00.000Z,2930,9.999999999998899
2026-03-05T06:45:00.000Z,EUR/USD,BUY,2026-03-05T06:47:00.000Z,2930,9.999999999998899
2026-03-05T07:00:00.000Z,AUD/USD,BUY,2026-03-05T07:02:00.000Z,2930,10.000000000000009
2026-03-05T08:45:00.000Z,AUD/JPY,BUY,2026-03-05T08:47:00.000Z,2930,9.999999999999432
2026-03-05T08:45:00.000Z,AUD/USD,BUY,2026-03-05T08:47:00.000Z,2930,10.000000000000009
2026-03-05T13:30:00.000Z,EUR/JPY,SELL,2026-03-05T13:32:00.000Z,2930,9.999999999999432
2026-03-05T14:30:00.000Z,USD/JPY,SELL,2026-03-05T14:32:00.000Z,2930,9.999999999999432
2026-03-06T03:00:00.000Z,AUD/JPY,SELL,2026-03-06T03:02:00.000Z,2930,13.500000000000512
2026-03-06T03:00:00.000Z,AUD/USD,SELL,2026-03-06T03:02:00.000Z,2930,13.299999999999423
2026-03-06T03:45:00.000Z,AUD/JPY,SELL,2026-03-06T03:47:00.000Z,2930,11.400000000000432
2026-03-06T04:45:00.000Z,AUD/JPY,SELL,2026-03-06T04:47:00.000Z,2930,10.200000000000387
2026-03-06T05:45:00.000Z,USD/JPY,SELL,2026-03-06T05:47:00.000Z,2930,13.599999999999568
2026-03-06T06:00:00.000Z,AUD/JPY,SELL,2026-03-06T06:02:00.000Z,2930,10.69999999999851
2026-03-06T06:15:00.000Z,EUR/JPY,SELL,2026-03-06T06:17:00.000Z,2930,13.399999999998613
2026-03-06T07:00:00.000Z,USD/JPY,SELL,2026-03-06T07:02:00.000Z,2930,10.699999999999932
2026-03-06T07:00:00.000Z,EUR/JPY,SELL,2026-03-06T07:02:00.000Z,2930,10.900000000000887
2026-03-06T07:00:00.000Z,AUD/JPY,SELL,2026-03-06T07:02:00.000Z,2930,11.599999999998545
2026-03-06T10:15:00.000Z,AUD/USD,BUY,2026-03-06T10:17:00.000Z,2930,10.000000000000009
2026-03-06T10:30:00.000Z,EUR/USD,BUY,2026-03-06T10:32:00.000Z,2930,9.999999999998899
2026-03-06T12:30:00.000Z,EUR/JPY,BUY,2026-03-06T12:32:00.000Z,2930,10.200000000000387
2026-03-06T12:30:00.000Z,EUR/USD,BUY,2026-03-06T12:32:00.000Z,2930,9.999999999998899
2026-03-06T13:15:00.000Z,EUR/USD,BUY,2026-03-06T13:17:00.000Z,2930,9.999999999998899
2026-03-06T14:15:00.000Z,AUD/JPY,BUY,2026-03-06T14:17:00.000Z,2930,9.999999999999432
2026-03-06T14:30:00.000Z,EUR/JPY,BUY,2026-03-06T14:32:00.000Z,2930,9.999999999999432
2026-03-08T22:30:00.000Z,USD/JPY,SELL,2026-03-08T22:32:00.000Z,2931,9.999999999999432
2026-03-08T22:30:00.000Z,EUR/USD,BUY,2026-03-08T22:32:00.000Z,2931,9.999999999998899
2026-03-08T23:00:00.000Z,USD/JPY,SELL,2026-03-08T23:02:00.000Z,2931,9.999999999999432
2026-03-09T00:45:00.000Z,EUR/USD,BUY,2026-03-09T00:47:00.000Z,2931,14.699999999998603
2026-03-09T01:15:00.000Z,AUD/USD,BUY,2026-03-09T01:17:00.000Z,2931,16.00000000000046
2026-03-09T01:45:00.000Z,EUR/USD,BUY,2026-03-09T01:47:00.000Z,2931,9.999999999998899
2026-03-09T02:15:00.000Z,EUR/USD,BUY,2026-03-09T02:17:00.000Z,2931,13.699999999998713
2026-03-09T02:45:00.000Z,USD/JPY,SELL,2026-03-09T02:47:00.000Z,2931,14.699999999999136
2026-03-09T03:15:00.000Z,AUD/JPY,SELL,2026-03-09T03:17:00.000Z,2931,12.299999999999045
2026-03-09T04:30:00.000Z,USD/JPY,SELL,2026-03-09T04:32:00.000Z,2931,0
2026-03-09T05:45:00.000Z,AUD/JPY,SELL,2026-03-09T05:47:00.000Z,2931,9.999999999999432
2026-03-09T05:45:00.000Z,AUD/USD,SELL,2026-03-09T05:47:00.000Z,2931,10.000000000000009
2026-03-09T15:00:00.000Z,AUD/JPY,SELL,2026-03-09T15:02:00.000Z,2931,9.999999999999432
2026-03-09T17:00:00.000Z,AUD/USD,SELL,2026-03-09T17:02:00.000Z,2931,-101.40000000000038
2026-03-09T19:45:00.000Z,AUD/JPY,SELL,2026-03-09T19:47:00.000Z,2931,9.999999999999432
2026-03-09T20:00:00.000Z,USD/JPY,BUY,2026-03-09T20:02:00.000Z,2931,9.999999999999432
2026-03-09T20:00:00.000Z,EUR/USD,SELL,2026-03-09T20:02:00.000Z,2931,0.2999999999997449
2026-03-09T20:00:00.000Z,AUD/USD,SELL,2026-03-09T20:02:00.000Z,2931,10.000000000000009
2026-03-09T21:00:00.000Z,AUD/USD,SELL,2026-03-09T21:10:00.000Z,2931,10.000000000000009
2026-03-09T21:30:00.000Z,USD/JPY,BUY,2026-03-09T21:32:00.000Z,2931,9.999999999999432
2026-03-09T22:30:00.000Z,EUR/USD,SELL,2026-03-09T22:32:00.000Z,2931,12.099999999999334
2026-03-09T22:30:00.000Z,AUD/USD,SELL,2026-03-09T22:32:00.000Z,2931,10.000000000000009
2026-03-10T08:00:00.000Z,AUD/JPY,SELL,2026-03-10T08:02:00.000Z,2931,-146.8999999999994
2026-03-10T08:15:00.000Z,USD/JPY,BUY,2026-03-10T08:17:00.000Z,2931,11.099999999999
2026-03-10T08:15:00.000Z,EUR/USD,SELL,2026-03-10T08:17:00.000Z,2931,10.199999999997988
2026-03-10T08:15:00.000Z,AUD/USD,SELL,2026-03-10T08:17:00.000Z,2931,-71.20000000000014
2026-03-10T10:30:00.000Z,EUR/JPY,SELL,2026-03-10T10:32:00.000Z,2931,9.999999999999432
2026-03-10T10:45:00.000Z,AUD/JPY,SELL,2026-03-10T10:47:00.000Z,2931,-115.80000000000013
2026-03-10T12:15:00.000Z,AUD/JPY,SELL,2026-03-10T12:17:00.000Z,2931,-111.89999999999998
2026-03-10T13:00:00.000Z,AUD/JPY,SELL,2026-03-10T13:02:00.000Z,2931,-108.59999999999985
2026-03-10T16:15:00.000Z,AUD/JPY,SELL,2026-03-10T16:17:00.000Z,2931,9.999999999999432
2026-03-10T16:15:00.000Z,AUD/USD,SELL,2026-03-10T16:17:00.000Z,2931,11.099999999999444
2026-03-10T17:45:00.000Z,AUD/JPY,SELL,2026-03-10T17:47:00.000Z,2931,11.199999999999477
2026-03-10T17:45:00.000Z,AUD/USD,SELL,2026-03-10T17:47:00.000Z,2931,10.700000000000154
2026-03-11T02:15:00.000Z,AUD/USD,SELL,2026-03-11T02:17:00.000Z,2931,14.199999999999768
2026-03-11T02:45:00.000Z,USD/JPY,SELL,2026-03-11T02:47:00.000Z,2931,-73.49999999999852
2026-03-11T05:00:00.000Z,EUR/JPY,SELL,2026-03-11T05:02:00.000Z,2931,10.599999999999454
2026-03-11T05:30:00.000Z,AUD/JPY,SELL,2026-03-11T05:32:00.000Z,2931,9.999999999999432
2026-03-11T05:30:00.000Z,AUD/USD,SELL,2026-03-11T05:32:00.000Z,2931,10.500000000001064
2026-03-11T10:15:00.000Z,EUR/USD,BUY,2026-03-11T10:17:00.000Z,2931,9.999999999998899
2026-03-11T15:15:00.000Z,AUD/JPY,SELL,2026-03-11T15:17:00.000Z,2931,0
2026-03-11T16:15:00.000Z,USD/JPY,SELL,2026-03-11T16:17:00.000Z,2931,11.599999999998545
2026-03-11T16:15:00.000Z,EUR/USD,BUY,2026-03-11T16:17:00.000Z,2931,-48.60000000000086
2026-03-11T18:00:00.000Z,USD/JPY,SELL,2026-03-11T18:02:00.000Z,2931,11.299999999999955
2026-03-12T00:00:00.000Z,AUD/USD,BUY,2026-03-12T00:02:00.000Z,2931,11.100000000000554
2026-03-12T00:30:00.000Z,EUR/USD,BUY,2026-03-12T00:32:00.000Z,2931,11.499999999999844
2026-03-12T00:30:00.000Z,AUD/USD,BUY,2026-03-12T00:32:00.000Z,2931,12.500000000000844
2026-03-12T00:45:00.000Z,USD/JPY,SELL,2026-03-12T00:47:00.000Z,2931,9.999999999999432
2026-03-12T14:15:00.000Z,AUD/JPY,BUY,2026-03-12T14:17:00.000Z,2931,-92.39999999999924
2026-03-12T14:15:00.000Z,AUD/USD,BUY,2026-03-12T14:17:00.000Z,2931,-62.60000000000043
2026-03-12T14:45:00.000Z,EUR/USD,BUY,2026-03-12T14:47:00.000Z,2931,-58.499999999999105
2026-03-12T14:45:00.000Z,AUD/USD,BUY,2026-03-12T14:47:00.000Z,2931,-62.20000000000003
2026-03-12T15:30:00.000Z,AUD/JPY,BUY,2026-03-12T15:32:00.000Z,2931,9.999999999999432
2026-03-12T15:30:00.000Z,EUR/USD,BUY,2026-03-12T15:32:00.000Z,2931,10.899999999998133
2026-03-12T15:30:00.000Z,AUD/USD,BUY,2026-03-12T15:32:00.000Z,2931,10.099999999999554
2026-03-12T15:45:00.000Z,USD/JPY,SELL,2026-03-12T15:47:00.000Z,2931,11.099999999999
2026-03-12T16:30:00.000Z,USD/JPY,SELL,2026-03-12T16:32:00.000Z,2931,13.599999999999568
2026-03-12T19:45:00.000Z,USD/JPY,SELL,2026-03-12T19:47:00.000Z,2931,9.999999999999432
2026-03-13T09:00:00.000Z,AUD/JPY,BUY,2026-03-13T09:02:00.000Z,2931,9.999999999999432
2026-03-13T09:00:00.000Z,AUD/USD,BUY,2026-03-13T09:02:00.000Z,2931,10.000000000000009
2026-03-13T09:15:00.000Z,EUR/JPY,BUY,2026-03-13T09:17:00.000Z,2931,14.400000000000546
2026-03-13T09:15:00.000Z,EUR/USD,BUY,2026-03-13T09:17:00.000Z,2931,14.199999999997548
2026-03-13T16:15:00.000Z,AUD/JPY,BUY,2026-03-13T16:17:00.000Z,2931,12.499999999998579
2026-03-13T16:45:00.000Z,AUD/USD,BUY,2026-03-13T16:47:00.000Z,2931,-25.199999999999665
2026-03-15T22:15:00.000Z,AUD/JPY,BUY,2026-03-15T22:17:00.000Z,2932,9.999999999999432
2026-03-15T22:15:00.000Z,EUR/USD,BUY,2026-03-15T22:17:00.000Z,2932,11.799999999999589
2026-03-15T22:15:00.000Z,AUD/USD,BUY,2026-03-15T22:17:00.000Z,2932,10.900000000000354
2026-03-16T01:15:00.000Z,USD/JPY,BUY,2026-03-16T01:17:00.000Z,2932,12.5
2026-03-16T06:45:00.000Z,EUR/JPY,BUY,2026-03-16T06:47:00.000Z,2932,11.699999999999022
2026-03-16T07:30:00.000Z,EUR/JPY,BUY,2026-03-16T07:32:00.000Z,2932,12.09999999999809
2026-03-16T08:00:00.000Z,EUR/USD,BUY,2026-03-16T08:02:00.000Z,2932,0
2026-03-16T08:15:00.000Z,EUR/JPY,BUY,2026-03-16T08:17:00.000Z,2932,10.599999999999454
2026-03-16T10:45:00.000Z,EUR/JPY,SELL,2026-03-16T10:47:00.000Z,2932,9.999999999999432
2026-03-16T10:45:00.000Z,EUR/USD,SELL,2026-03-16T10:47:00.000Z,2932,-42.1999999999989
2026-03-16T12:00:00.000Z,AUD/JPY,SELL,2026-03-16T12:02:00.000Z,2932,-44.10000000000025
2026-03-16T12:45:00.000Z,EUR/USD,SELL,2026-03-16T12:47:00.000Z,2932,9.999999999998899
2026-03-16T13:00:00.000Z,USD/JPY,BUY,2026-03-16T13:02:00.000Z,2932,11.499999999998067
2026-03-16T13:00:00.000Z,AUD/USD,SELL,2026-03-16T13:02:00.000Z,2932,-51.80000000000073
2026-03-16T14:30:00.000Z,USD/JPY,BUY,2026-03-16T14:32:00.000Z,2932,9.999999999999432
2026-03-16T14:30:00.000Z,AUD/JPY,SELL,2026-03-16T14:32:00.000Z,2932,9.999999999999432
2026-03-16T14:30:00.000Z,EUR/USD,SELL,2026-03-16T14:32:00.000Z,2932,9.999999999998899
2026-03-16T14:45:00.000Z,AUD/USD,SELL,2026-03-16T14:47:00.000Z,2932,10.700000000000154
2026-03-16T16:30:00.000Z,EUR/JPY,SELL,2026-03-16T16:32:00.000Z,2932,-31.30000000000166
2026-03-16T18:45:00.000Z,EUR/JPY,SELL,2026-03-16T18:47:00.000Z,2932,9.999999999999432
2026-03-16T20:15:00.000Z,AUD/JPY,SELL,2026-03-16T20:17:00.000Z,2932,9.999999999999432
2026-03-17T03:00:00.000Z,AUD/JPY,SELL,2026-03-17T03:02:00.000Z,2932,12.600000000000477
2026-03-17T03:00:00.000Z,AUD/USD,SELL,2026-03-17T03:02:00.000Z,2932,10.000000000000009
2026-03-17T06:30:00.000Z,EUR/JPY,BUY,2026-03-17T06:32:00.000Z,2932,9.999999999999432
2026-03-17T06:30:00.000Z,EUR/USD,BUY,2026-03-17T06:32:00.000Z,2932,9.999999999998899
2026-03-17T09:45:00.000Z,EUR/USD,SELL,2026-03-17T09:47:00.000Z,2932,-26.399999999999757
2026-03-17T14:00:00.000Z,AUD/USD,SELL,2026-03-17T14:02:00.000Z,2932,10.000000000000009
2026-03-18T01:45:00.000Z,AUD/JPY,SELL,2026-03-18T01:47:00.000Z,2932,9.999999999999432
2026-03-18T05:30:00.000Z,USD/JPY,BUY,2026-03-18T05:32:00.000Z,2932,10.499999999998977
2026-03-18T06:45:00.000Z,USD/JPY,BUY,2026-03-18T06:47:00.000Z,2932,9.999999999999432
2026-03-18T06:45:00.000Z,EUR/USD,SELL,2026-03-18T06:47:00.000Z,2932,9.999999999998899
2026-03-18T08:15:00.000Z,EUR/JPY,BUY,2026-03-18T08:17:00.000Z,2932,10.200000000000387
2026-03-18T08:45:00.000Z,EUR/USD,BUY,2026-03-18T08:47:00.000Z,2932,9.999999999998899
2026-03-18T13:30:00.000Z,EUR/USD,BUY,2026-03-18T13:32:00.000Z,2932,10.999999999998789
2026-03-18T14:00:00.000Z,USD/JPY,SELL,2026-03-18T14:02:00.000Z,2932,9.999999999999432
2026-03-18T14:00:00.000Z,AUD/JPY,BUY,2026-03-18T14:02:00.000Z,2932,10.69999999999851
2026-03-18T14:00:00.000Z,AUD/USD,BUY,2026-03-18T14:02:00.000Z,2932,10.000000000000009
2026-03-18T15:00:00.000Z,USD/JPY,SELL,2026-03-18T15:02:00.000Z,2932,9.999999999999432
2026-03-18T21:15:00.000Z,USD/JPY,SELL,2026-03-18T21:17:00.000Z,2932,9.999999999999432
2026-03-18T21:15:00.000Z,EUR/USD,BUY,2026-03-18T21:17:00.000Z,2932,9.999999999998899
2026-03-18T21:30:00.000Z,EUR/JPY,BUY,2026-03-18T21:32:00.000Z,2932,9.999999999999432
2026-03-18T21:30:00.000Z,AUD/JPY,BUY,2026-03-18T21:32:00.000Z,2932,9.999999999999432
2026-03-18T21:30:00.000Z,AUD/USD,BUY,2026-03-18T21:32:00.000Z,2932,10.000000000000009
2026-03-18T23:15:00.000Z,AUD/JPY,BUY,2026-03-18T23:17:00.000Z,2932,9.999999999999432
2026-03-19T07:45:00.000Z,USD/JPY,BUY,2026-03-19T07:47:00.000Z,2932,-108.10000000000173
2026-03-19T08:30:00.000Z,USD/JPY,BUY,2026-03-19T08:32:00.000Z,2932,-88.30000000000098
2026-03-19T08:30:00.000Z,AUD/JPY,BUY,2026-03-19T08:32:00.000Z,2932,9.999999999999432
2026-03-19T08:30:00.000Z,EUR/USD,BUY,2026-03-19T08:32:00.000Z,2932,9.999999999998899
2026-03-19T09:00:00.000Z,EUR/USD,BUY,2026-03-19T09:02:00.000Z,2932,0
2026-03-19T09:15:00.000Z,EUR/JPY,BUY,2026-03-19T09:17:00.000Z,2932,9.999999999999432
2026-03-19T13:30:00.000Z,AUD/USD,BUY,2026-03-19T13:32:00.000Z,2932,11.399999999999189
2026-03-19T14:00:00.000Z,AUD/JPY,BUY,2026-03-19T14:02:00.000Z,2932,9.999999999999432
2026-03-19T14:15:00.000Z,EUR/USD,SELL,2026-03-19T14:17:00.000Z,2932,9.999999999998899
2026-03-19T15:00:00.000Z,USD/JPY,BUY,2026-03-19T15:02:00.000Z,2932,11.299999999999955
2026-03-19T15:30:00.000Z,USD/JPY,BUY,2026-03-19T15:32:00.000Z,2932,9.999999999999432
2026-03-19T15:30:00.000Z,EUR/USD,SELL,2026-03-19T15:32:00.000Z,2932,9.999999999998899
2026-03-19T18:45:00.000Z,USD/JPY,BUY,2026-03-19T18:47:00.000Z,2932,12.199999999998568
2026-03-19T18:45:00.000Z,EUR/USD,SELL,2026-03-19T18:47:00.000Z,2932,12.899999999997913
2026-03-19T19:30:00.000Z,EUR/USD,SELL,2026-03-19T19:32:00.000Z,2932,9.999999999998899
2026-03-19T19:30:00.000Z,AUD/USD,SELL,2026-03-19T19:32:00.000Z,2932,11.299999999999644
2026-03-19T20:45:00.000Z,USD/JPY,BUY,2026-03-19T20:47:00.000Z,2932,9.999999999999432
2026-03-20T03:15:00.000Z,AUD/JPY,SELL,2026-03-20T03:17:00.000Z,2932,10.099999999998488
2026-03-20T03:30:00.000Z,USD/JPY,SELL,2026-03-20T03:32:00.000Z,2932,-96.20000000000175
2026-03-20T05:15:00.000Z,USD/JPY,SELL,2026-03-20T05:17:00.000Z,2932,11.199999999999477
2026-03-20T05:45:00.000Z,AUD/JPY,SELL,2026-03-20T05:47:00.000Z,2932,9.999999999999432
2026-03-20T06:15:00.000Z,USD/JPY,SELL,2026-03-20T06:17:00.000Z,2932,9.999999999999432
2026-03-20T07:30:00.000Z,EUR/JPY,SELL,2026-03-20T07:32:00.000Z,2932,-105.00000000000114
2026-03-20T10:15:00.000Z,EUR/JPY,SELL,2026-03-20T10:17:00.000Z,2932,-88.49999999999909
2026-03-20T10:30:00.000Z,EUR/USD,BUY,2026-03-20T10:32:00.000Z,2932,9.999999999998899
2026-03-20T10:45:00.000Z,USD/JPY,SELL,2026-03-20T10:47:00.000Z,2932,9.999999999999432
2026-03-20T10:45:00.000Z,AUD/USD,BUY,2026-03-20T10:47:00.000Z,2932,10.999999999999899
2026-03-20T12:00:00.000Z,EUR/JPY,SELL,2026-03-20T12:02:00.000Z,2932,-78.70000000000061
2026-03-20T14:45:00.000Z,EUR/USD,BUY,2026-03-20T14:47:00.000Z,2932,9.999999999998899
2026-03-20T15:00:00.000Z,AUD/USD,BUY,2026-03-20T15:02:00.000Z,2932,10.000000000000009
2026-03-20T15:15:00.000Z,USD/JPY,SELL,2026-03-20T15:17:00.000Z,2932,-19.700000000000273
2026-03-20T16:15:00.000Z,USD/JPY,SELL,2026-03-20T16:17:00.000Z,2932,-9.200000000001296
2026-03-20T17:30:00.000Z,USD/JPY,SELL,2026-03-20T17:32:00.000Z,2932,-10.80000000000041
2026-03-20T18:00:00.000Z,EUR/JPY,SELL,2026-03-20T18:02:00.000Z,2932,-25.100000000000477
2026-03-20T18:45:00.000Z,EUR/JPY,SELL,2026-03-20T18:47:00.000Z,2932,9.999999999999432
2026-03-20T19:15:00.000Z,USD/JPY,SELL,2026-03-20T19:17:00.000Z,2932,4.4999999999987494
2026-03-20T19:45:00.000Z,AUD/JPY,BUY,2026-03-20T19:47:00.000Z,2932,12.399999999999523
2026-03-20T19:45:00.000Z,AUD/USD,BUY,2026-03-20T19:47:00.000Z,2932,4.499999999999504
2026-03-20T20:45:00.000Z,EUR/JPY,SELL,2026-03-20T20:47:00.000Z,2932,0
2026-03-22T22:15:00.000Z,EUR/JPY,SELL,2026-03-22T22:17:00.000Z,2933,9.999999999999432
2026-03-22T22:30:00.000Z,AUD/USD,BUY,2026-03-22T22:32:00.000Z,2933,10.000000000000009
2026-03-22T23:30:00.000Z,AUD/JPY,BUY,2026-03-22T23:32:00.000Z,2933,9.999999999999432
2026-03-23T01:00:00.000Z,AUD/USD,BUY,2026-03-23T01:02:00.000Z,2933,10.000000000000009
2026-03-23T03:30:00.000Z,AUD/USD,BUY,2026-03-23T03:32:00.000Z,2933,10.000000000000009
2026-03-23T04:00:00.000Z,AUD/JPY,BUY,2026-03-23T04:02:00.000Z,2933,9.999999999999432
2026-03-23T07:00:00.000Z,EUR/USD,BUY,2026-03-23T07:02:00.000Z,2933,9.999999999998899
2026-03-23T07:45:00.000Z,AUD/JPY,BUY,2026-03-23T07:47:00.000Z,2933,9.999999999999432
2026-03-23T07:45:00.000Z,AUD/USD,BUY,2026-03-23T07:47:00.000Z,2933,10.000000000000009
2026-03-23T08:15:00.000Z,AUD/USD,BUY,2026-03-23T08:17:00.000Z,2933,10.999999999999899
2026-03-23T11:00:00.000Z,AUD/JPY,BUY,2026-03-23T11:02:00.000Z,2933,9.999999999999432
2026-03-23T11:15:00.000Z,EUR/JPY,BUY,2026-03-23T11:17:00.000Z,2933,9.999999999999432
2026-03-23T11:15:00.000Z,EUR/USD,BUY,2026-03-23T11:17:00.000Z,2933,9.999999999998899
2026-03-23T11:15:00.000Z,AUD/USD,BUY,2026-03-23T11:17:00.000Z,2933,20.000000000000018
2026-03-23T12:00:00.000Z,USD/JPY,BUY,2026-03-23T12:02:00.000Z,2933,9.999999999999432
2026-03-23T13:15:00.000Z,USD/JPY,BUY,2026-03-23T13:17:00.000Z,2933,10.499999999998977
2026-03-23T14:15:00.000Z,USD/JPY,BUY,2026-03-23T14:17:00.000Z,2933,21.399999999999864
2026-03-23T14:45:00.000Z,USD/JPY,BUY,2026-03-23T14:47:00.000Z,2933,11.000000000001364
2026-03-23T19:15:00.000Z,USD/JPY,BUY,2026-03-23T19:17:00.000Z,2933,9.999999999999432
2026-03-24T02:30:00.000Z,AUD/JPY,BUY,2026-03-24T02:32:00.000Z,2933,15.799999999998704
2026-03-24T02:30:00.000Z,AUD/USD,BUY,2026-03-24T02:32:00.000Z,2933,11.200000000000099
2026-03-24T07:30:00.000Z,EUR/USD,SELL,2026-03-24T07:32:00.000Z,2933,9.999999999998899
2026-03-24T21:15:00.000Z,AUD/JPY,SELL,2026-03-24T21:17:00.000Z,2933,9.999999999999432
2026-03-25T01:00:00.000Z,EUR/JPY,SELL,2026-03-25T01:02:00.000Z,2933,10.499999999998977
2026-03-25T06:45:00.000Z,USD/JPY,SELL,2026-03-25T06:47:00.000Z,2933,10.80000000000041
2026-03-25T08:15:00.000Z,USD/JPY,SELL,2026-03-25T08:17:00.000Z,2933,9.999999999999432
2026-03-25T08:15:00.000Z,EUR/JPY,SELL,2026-03-25T08:17:00.000Z,2933,9.999999999999432
2026-03-25T14:15:00.000Z,EUR/USD,BUY,2026-03-25T14:17:00.000Z,2933,9.999999999998899
2026-03-25T20:45:00.000Z,USD/JPY,SELL,2026-03-25T20:47:00.000Z,2933,9.999999999999432
2026-03-26T12:15:00.000Z,USD/JPY,SELL,2026-03-26T12:17:00.000Z,2933,9.999999999999432
2026-03-26T12:15:00.000Z,EUR/JPY,BUY,2026-03-26T12:17:00.000Z,2933,12.000000000000455
2026-03-26T12:15:00.000Z,AUD/JPY,BUY,2026-03-26T12:17:00.000Z,2933,12.699999999999534
2026-03-26T12:15:00.000Z,EUR/USD,BUY,2026-03-26T12:17:00.000Z,2933,9.999999999998899
2026-03-26T12:15:00.000Z,AUD/USD,BUY,2026-03-26T12:17:00.000Z,2933,10.499999999999954
2026-03-26T13:15:00.000Z,AUD/JPY,BUY,2026-03-26T13:17:00.000Z,2933,12.299999999999045
2026-03-26T13:15:00.000Z,AUD/USD,BUY,2026-03-26T13:17:00.000Z,2933,10.000000000000009
2026-03-26T18:15:00.000Z,AUD/JPY,BUY,2026-03-26T18:17:00.000Z,2933,10.500000000000398
2026-03-26T18:15:00.000Z,AUD/USD,BUY,2026-03-26T18:17:00.000Z,2933,10.099999999999554
2026-03-26T18:45:00.000Z,USD/JPY,SELL,2026-03-26T18:47:00.000Z,2933,12.399999999999523
2026-03-26T18:45:00.000Z,AUD/USD,BUY,2026-03-26T18:47:00.000Z,2933,10.299999999999754
2026-03-26T20:15:00.000Z,AUD/USD,BUY,2026-03-26T20:17:00.000Z,2933,10.000000000000009
2026-03-27T01:30:00.000Z,AUD/JPY,BUY,2026-03-27T01:32:00.000Z,2933,9.999999999999432
2026-03-27T05:30:00.000Z,AUD/USD,SELL,2026-03-27T05:32:00.000Z,2933,10.000000000000009
2026-03-27T08:15:00.000Z,USD/JPY,SELL,2026-03-27T08:17:00.000Z,2933,9.999999999999432
2026-03-27T08:15:00.000Z,EUR/USD,BUY,2026-03-27T08:17:00.000Z,2933,9.999999999998899
2026-03-27T12:30:00.000Z,EUR/JPY,BUY,2026-03-27T12:32:00.000Z,2933,0
2026-03-27T12:30:00.000Z,EUR/USD,BUY,2026-03-27T12:32:00.000Z,2933,9.999999999998899
2026-03-27T16:15:00.000Z,USD/JPY,SELL,2026-03-27T16:17:00.000Z,2933,-23.199999999999932
2026-03-27T17:45:00.000Z,EUR/JPY,SELL,2026-03-27T17:47:00.000Z,2933,10.299999999998022
2026-03-27T18:00:00.000Z,AUD/USD,BUY,2026-03-27T18:02:00.000Z,2933,2.4999999999997247
2026-03-27T18:45:00.000Z,USD/JPY,SELL,2026-03-27T18:47:00.000Z,2933,9.999999999999432
2026-03-27T18:45:00.000Z,EUR/JPY,SELL,2026-03-27T18:47:00.000Z,2933,0
2026-03-29T23:30:00.000Z,EUR/USD,BUY,2026-03-29T23:32:00.000Z,2934,9.999999999998899
2026-03-29T23:30:00.000Z,AUD/USD,BUY,2026-03-29T23:32:00.000Z,2934,10.000000000000009
2026-03-30T00:30:00.000Z,EUR/JPY,BUY,2026-03-30T00:32:00.000Z,2934,-102.60000000000105
2026-03-30T00:30:00.000Z,AUD/JPY,BUY,2026-03-30T00:32:00.000Z,2934,9.999999999999432
2026-03-30T00:30:00.000Z,AUD/USD,BUY,2026-03-30T00:32:00.000Z,2934,10.000000000000009
2026-03-30T01:15:00.000Z,EUR/JPY,BUY,2026-03-30T01:17:00.000Z,2934,-57.500000000001705
2026-03-30T01:30:00.000Z,AUD/JPY,BUY,2026-03-30T01:32:00.000Z,2934,9.999999999999432
2026-03-30T08:00:00.000Z,EUR/JPY,BUY,2026-03-30T08:02:00.000Z,2934,-55.29999999999973
2026-03-30T08:00:00.000Z,AUD/JPY,BUY,2026-03-30T08:02:00.000Z,2934,9.999999999999432
2026-03-30T09:30:00.000Z,EUR/USD,BUY,2026-03-30T09:32:00.000Z,2934,10.300000000000864
2026-03-30T09:45:00.000Z,EUR/JPY,BUY,2026-03-30T09:47:00.000Z,2934,-38.10000000000002
2026-03-30T12:30:00.000Z,EUR/USD,BUY,2026-03-30T12:32:00.000Z,2934,9.999999999998899
2026-03-30T13:45:00.000Z,USD/JPY,BUY,2026-03-30T13:47:00.000Z,2934,9.999999999999432
2026-03-30T14:45:00.000Z,AUD/JPY,BUY,2026-03-30T14:47:00.000Z,2934,9.999999999999432
2026-03-30T14:45:00.000Z,EUR/USD,BUY,2026-03-30T14:47:00.000Z,2934,9.999999999998899
2026-03-30T14:45:00.000Z,AUD/USD,BUY,2026-03-30T14:47:00.000Z,2934,10.000000000000009
2026-03-30T15:45:00.000Z,EUR/USD,BUY,2026-03-30T15:47:00.000Z,2934,13.399999999998968
2026-03-30T17:00:00.000Z,EUR/JPY,BUY,2026-03-30T17:02:00.000Z,2934,0
2026-03-31T01:45:00.000Z,EUR/JPY,SELL,2026-03-31T01:47:00.000Z,2934,9.999999999999432
2026-03-31T01:45:00.000Z,EUR/USD,SELL,2026-03-31T01:47:00.000Z,2934,9.999999999998899
2026-03-31T05:30:00.000Z,AUD/JPY,BUY,2026-03-31T05:32:00.000Z,2934,12.199999999999989
2026-03-31T12:15:00.000Z,AUD/USD,SELL,2026-03-31T12:17:00.000Z,2934,10.000000000000009
2026-03-31T12:45:00.000Z,AUD/JPY,SELL,2026-03-31T12:47:00.000Z,2934,9.999999999999432
2026-03-31T14:15:00.000Z,USD/JPY,BUY,2026-03-31T14:17:00.000Z,2934,9.999999999999432
2026-03-31T14:45:00.000Z,EUR/USD,SELL,2026-03-31T14:47:00.000Z,2934,-90.60000000000068
2026-03-31T15:15:00.000Z,AUD/JPY,BUY,2026-03-31T15:17:00.000Z,2934,16.699999999998738
2026-03-31T17:00:00.000Z,EUR/USD,SELL,2026-03-31T17:02:00.000Z,2934,-71.4999999999999
2026-03-31T23:45:00.000Z,EUR/USD,SELL,2026-03-31T23:47:00.000Z,2934,9.999999999998899
2026-04-01T01:15:00.000Z,EUR/JPY,SELL,2026-04-01T01:17:00.000Z,2934,9.999999999999432
2026-04-01T01:15:00.000Z,EUR/USD,SELL,2026-04-01T01:17:00.000Z,2934,-19.899999999999363
2026-04-01T01:45:00.000Z,AUD/JPY,SELL,2026-04-01T01:47:00.000Z,2934,9.999999999999432
2026-04-01T01:45:00.000Z,AUD/USD,SELL,2026-04-01T01:47:00.000Z,2934,10.000000000000009
2026-04-01T07:15:00.000Z,USD/JPY,BUY,2026-04-01T07:17:00.000Z,2934,9.999999999999432
2026-04-01T07:15:00.000Z,EUR/USD,SELL,2026-04-01T07:17:00.000Z,2934,10.499999999999954
2026-04-01T07:15:00.000Z,AUD/USD,SELL,2026-04-01T07:17:00.000Z,2934,10.000000000000009
2026-04-01T09:00:00.000Z,EUR/USD,SELL,2026-04-01T09:02:00.000Z,2934,12.499999999997513
2026-04-02T02:15:00.000Z,USD/JPY,SELL,2026-04-02T02:17:00.000Z,2934,-43.29999999999927
2026-04-02T03:30:00.000Z,USD/JPY,SELL,2026-04-02T03:32:00.000Z,2934,9.999999999999432
2026-04-02T03:30:00.000Z,AUD/USD,BUY,2026-04-02T03:32:00.000Z,2934,10.100000000000664
2026-04-02T06:30:00.000Z,EUR/JPY,BUY,2026-04-02T06:32:00.000Z,2934,0
2026-04-02T06:30:00.000Z,AUD/JPY,BUY,2026-04-02T06:32:00.000Z,2934,11.10000000000042
2026-04-02T06:45:00.000Z,EUR/USD,BUY,2026-04-02T06:47:00.000Z,2934,9.999999999998899
2026-04-02T07:00:00.000Z,AUD/USD,BUY,2026-04-02T07:02:00.000Z,2934,10.000000000000009
2026-04-02T07:45:00.000Z,USD/JPY,SELL,2026-04-02T07:47:00.000Z,2934,9.999999999999432
2026-04-02T15:30:00.000Z,EUR/USD,SELL,2026-04-02T15:32:00.000Z,2934,9.999999999998899
2026-04-02T16:00:00.000Z,AUD/JPY,SELL,2026-04-02T16:02:00.000Z,2934,13.2000000000005
2026-04-02T16:00:00.000Z,AUD/USD,SELL,2026-04-02T16:02:00.000Z,2934,12.499999999999734
2026-04-02T17:45:00.000Z,AUD/JPY,SELL,2026-04-02T17:47:00.000Z,2934,9.999999999999432
2026-04-03T15:15:00.000Z,EUR/JPY,BUY,2026-04-03T15:17:00.000Z,2934,-12.999999999999545
2026-04-03T15:15:00.000Z,EUR/USD,BUY,2026-04-03T15:17:00.000Z,2934,-10.199999999997988
2026-04-03T19:15:00.000Z,EUR/USD,BUY,2026-04-03T19:17:00.000Z,2934,9.999999999998899
2026-04-03T20:15:00.000Z,EUR/USD,BUY,2026-04-03T20:17:00.000Z,2934,-4.799999999998139
2026-04-06T02:45:00.000Z,AUD/USD,SELL,2026-04-06T02:47:00.000Z,2935,-1.300000000000745
2026-04-06T08:15:00.000Z,EUR/JPY,SELL,2026-04-06T08:17:00.000Z,2935,9.999999999999432
2026-04-06T08:30:00.000Z,AUD/JPY,SELL,2026-04-06T08:32:00.000Z,2935,11.7999999999995
2026-04-06T08:45:00.000Z,USD/JPY,BUY,2026-04-06T08:47:00.000Z,2935,9.999999999999432
2026-04-06T09:00:00.000Z,EUR/USD,SELL,2026-04-06T09:02:00.000Z,2935,10.799999999999699
2026-04-06T09:45:00.000Z,AUD/JPY,SELL,2026-04-06T09:47:00.000Z,2935,9.999999999999432
2026-04-06T09:45:00.000Z,EUR/USD,SELL,2026-04-06T09:47:00.000Z,2935,11.200000000000099
2026-04-06T10:00:00.000Z,AUD/USD,SELL,2026-04-06T10:02:00.000Z,2935,12.400000000000189
2026-04-06T14:15:00.000Z,EUR/JPY,SELL,2026-04-06T14:17:00.000Z,2935,-52.50000000000057
2026-04-06T14:45:00.000Z,EUR/JPY,SELL,2026-04-06T14:47:00.000Z,2935,9.999999999999432
2026-04-06T14:45:00.000Z,EUR/USD,SELL,2026-04-06T14:47:00.000Z,2935,9.999999999998899
2026-04-06T15:30:00.000Z,USD/JPY,SELL,2026-04-06T15:32:00.000Z,2935,10.499999999998977
2026-04-07T02:30:00.000Z,USD/JPY,SELL,2026-04-07T02:32:00.000Z,2935,9.999999999999432
2026-04-07T02:30:00.000Z,EUR/USD,BUY,2026-04-07T02:32:00.000Z,2935,9.999999999998899
2026-04-07T08:30:00.000Z,EUR/JPY,SELL,2026-04-07T08:32:00.000Z,2935,-47.500000000002274
2026-04-07T08:30:00.000Z,EUR/USD,SELL,2026-04-07T08:32:00.000Z,2935,11.499999999997623
2026-04-07T09:15:00.000Z,USD/JPY,BUY,2026-04-07T09:17:00.000Z,2935,10.999999999998522
2026-04-07T09:15:00.000Z,EUR/USD,SELL,2026-04-07T09:17:00.000Z,2935,9.999999999998899
2026-04-07T09:45:00.000Z,AUD/JPY,SELL,2026-04-07T09:47:00.000Z,2935,9.999999999999432
2026-04-07T09:45:00.000Z,AUD/USD,SELL,2026-04-07T09:47:00.000Z,2935,10.000000000000009
2026-04-07T10:15:00.000Z,AUD/JPY,SELL,2026-04-07T10:17:00.000Z,2935,10.499999999998977
2026-04-07T12:15:00.000Z,EUR/JPY,SELL,2026-04-07T12:17:00.000Z,2935,-31.19999999999834
2026-04-07T13:00:00.000Z,EUR/JPY,SELL,2026-04-07T13:02:00.000Z,2935,-37.000000000000455
2026-04-07T15:00:00.000Z,AUD/JPY,SELL,2026-04-07T15:02:00.000Z,2935,-72.89999999999992
2026-04-07T16:00:00.000Z,EUR/JPY,SELL,2026-04-07T16:02:00.000Z,2935,9.999999999999432
2026-04-07T20:45:00.000Z,EUR/JPY,SELL,2026-04-07T20:47:00.000Z,2935,9.999999999999432
2026-04-07T20:45:00.000Z,EUR/USD,SELL,2026-04-07T20:47:00.000Z,2935,-68.79999999999997
2026-04-07T21:45:00.000Z,EUR/JPY,SELL,2026-04-07T21:47:00.000Z,2935,9.999999999999432
2026-04-07T21:45:00.000Z,AUD/JPY,SELL,2026-04-07T21:47:00.000Z,2935,-37.90000000000049
2026-04-07T22:30:00.000Z,USD/JPY,BUY,2026-04-07T22:32:00.000Z,2935,-86.40000000000043
2026-04-07T23:15:00.000Z,EUR/JPY,SELL,2026-04-07T23:17:00.000Z,2935,9.999999999999432
2026-04-08T00:15:00.000Z,EUR/JPY,SELL,2026-04-08T00:17:00.000Z,2935,0
2026-04-08T00:30:00.000Z,AUD/JPY,SELL,2026-04-08T00:32:00.000Z,2935,9.999999999999432
2026-04-08T02:00:00.000Z,EUR/USD,SELL,2026-04-08T02:02:00.000Z,2935,16.199999999999548
2026-04-08T02:30:00.000Z,AUD/USD,SELL,2026-04-08T02:32:00.000Z,2935,10.000000000000009
2026-04-08T04:00:00.000Z,USD/JPY,BUY,2026-04-08T04:02:00.000Z,2935,15.199999999998681
2026-04-08T04:30:00.000Z,USD/JPY,BUY,2026-04-08T04:32:00.000Z,2935,12.000000000000455
2026-04-08T05:15:00.000Z,USD/JPY,BUY,2026-04-08T05:17:00.000Z,2935,9.999999999999432
2026-04-08T06:00:00.000Z,AUD/USD,SELL,2026-04-08T06:02:00.000Z,2935,10.000000000000009
2026-04-08T07:00:00.000Z,USD/JPY,BUY,2026-04-08T07:02:00.000Z,2935,12.299999999999045
2026-04-08T07:00:00.000Z,EUR/USD,SELL,2026-04-08T07:02:00.000Z,2935,9.999999999998899
2026-04-08T07:00:00.000Z,AUD/USD,SELL,2026-04-08T07:02:00.000Z,2935,10.000000000000009
2026-04-08T19:45:00.000Z,EUR/USD,BUY,2026-04-08T19:47:00.000Z,2935,9.999999999998899
2026-04-09T01:15:00.000Z,EUR/JPY,SELL,2026-04-09T01:17:00.000Z,2935,-91.4999999999992
2026-04-09T01:45:00.000Z,USD/JPY,SELL,2026-04-09T01:47:00.000Z,2935,9.999999999999432
2026-04-09T02:45:00.000Z,EUR/JPY,SELL,2026-04-09T02:47:00.000Z,2935,-88.80000000000052
2026-04-09T08:45:00.000Z,USD/JPY,SELL,2026-04-09T08:47:00.000Z,2935,9.999999999999432
2026-04-09T12:15:00.000Z,EUR/USD,SELL,2026-04-09T12:17:00.000Z,2935,-28.799999999999937
2026-04-09T13:00:00.000Z,AUD/JPY,SELL,2026-04-09T13:02:00.000Z,2935,-68.39999999999975
2026-04-09T13:15:00.000Z,EUR/JPY,SELL,2026-04-09T13:17:00.000Z,2935,-80.59999999999832
2026-04-09T14:00:00.000Z,AUD/USD,SELL,2026-04-09T14:02:00.000Z,2935,-27.399999999999647
2026-04-09T14:15:00.000Z,EUR/JPY,SELL,2026-04-09T14:17:00.000Z,2935,-93.50000000000023
2026-04-09T14:45:00.000Z,EUR/JPY,SELL,2026-04-09T14:47:00.000Z,2935,-82.0999999999998
2026-04-09T15:45:00.000Z,EUR/JPY,SELL,2026-04-09T15:47:00.000Z,2935,9.999999999999432
2026-04-09T17:00:00.000Z,EUR/USD,SELL,2026-04-09T17:02:00.000Z,2935,10.999999999998789
2026-04-09T18:00:00.000Z,EUR/USD,SELL,2026-04-09T18:02:00.000Z,2935,-8.799999999999919
2026-04-09T18:15:00.000Z,AUD/JPY,SELL,2026-04-09T18:17:00.000Z,2935,-22.399999999998954
2026-04-09T18:15:00.000Z,AUD/USD,SELL,2026-04-09T18:17:00.000Z,2935,10.000000000000009
2026-04-09T20:00:00.000Z,EUR/JPY,SELL,2026-04-09T20:02:00.000Z,2935,9.999999999999432
2026-04-09T21:00:00.000Z,AUD/JPY,SELL,2026-04-09T21:10:00.000Z,2935,9.999999999999432
2026-04-10T08:15:00.000Z,AUD/USD,BUY,2026-04-10T08:17:00.000Z,2935,10.299999999999754
2026-04-10T10:15:00.000Z,EUR/USD,SELL,2026-04-10T10:17:00.000Z,2935,-21.399999999998087
2026-04-10T11:30:00.000Z,EUR/JPY,SELL,2026-04-10T11:32:00.000Z,2935,10.80000000000041
2026-04-10T11:30:00.000Z,EUR/USD,SELL,2026-04-10T11:32:00.000Z,2935,-15.999999999998238
2026-04-10T13:45:00.000Z,EUR/JPY,SELL,2026-04-10T13:47:00.000Z,2935,12.299999999999045
2026-04-10T13:45:00.000Z,AUD/JPY,SELL,2026-04-10T13:47:00.000Z,2935,9.499999999999886
2026-04-10T13:45:00.000Z,AUD/USD,SELL,2026-04-10T13:47:00.000Z,2935,10.400000000000409
2026-04-10T14:00:00.000Z,EUR/USD,SELL,2026-04-10T14:02:00.000Z,2935,13.799999999997148
2026-04-10T14:45:00.000Z,EUR/JPY,SELL,2026-04-10T14:47:00.000Z,2935,12.999999999999545
2026-04-10T14:45:00.000Z,AUD/JPY,SELL,2026-04-10T14:47:00.000Z,2935,9.999999999999432
2026-04-10T14:45:00.000Z,EUR/USD,SELL,2026-04-10T14:47:00.000Z,2935,9.999999999998899
2026-04-10T14:45:00.000Z,AUD/USD,SELL,2026-04-10T14:47:00.000Z,2935,10.000000000000009
2026-04-10T19:15:00.000Z,EUR/JPY,SELL,2026-04-10T19:17:00.000Z,2935,-1.9000000000005457
2026-04-12T23:45:00.000Z,USD/JPY,SELL,2026-04-12T23:47:00.000Z,2936,9.999999999999432
2026-04-13T00:00:00.000Z,EUR/JPY,BUY,2026-04-13T00:02:00.000Z,2936,11.299999999997112
2026-04-13T00:15:00.000Z,AUD/JPY,BUY,2026-04-13T00:17:00.000Z,2936,0
2026-04-13T00:15:00.000Z,EUR/USD,BUY,2026-04-13T00:17:00.000Z,2936,9.999999999998899
2026-04-13T00:30:00.000Z,AUD/USD,BUY,2026-04-13T00:32:00.000Z,2936,0
2026-04-13T01:00:00.000Z,USD/JPY,SELL,2026-04-13T01:02:00.000Z,2936,10.599999999999454
2026-04-13T08:15:00.000Z,AUD/USD,SELL,2026-04-13T08:17:00.000Z,2936,10.000000000000009
2026-04-13T15:00:00.000Z,EUR/USD,SELL,2026-04-13T15:02:00.000Z,2936,-95.00000000000064
2026-04-13T18:30:00.000Z,USD/JPY,BUY,2026-04-13T18:32:00.000Z,2936,-55.400000000000205
2026-04-13T19:15:00.000Z,EUR/JPY,SELL,2026-04-13T19:17:00.000Z,2936,9.999999999999432
2026-04-13T21:00:00.000Z,AUD/USD,SELL,2026-04-13T21:10:00.000Z,2936,10.000000000000009
2026-04-13T21:15:00.000Z,EUR/JPY,SELL,2026-04-13T21:17:00.000Z,2936,9.999999999999432
2026-04-13T21:15:00.000Z,AUD/JPY,SELL,2026-04-13T21:17:00.000Z,2936,9.999999999999432
2026-04-13T21:15:00.000Z,EUR/USD,SELL,2026-04-13T21:17:00.000Z,2936,-42.1999999999989
2026-04-13T21:45:00.000Z,EUR/USD,SELL,2026-04-13T21:47:00.000Z,2936,-36.800000000001276
2026-04-13T22:30:00.000Z,EUR/USD,SELL,2026-04-13T22:32:00.000Z,2936,-35.799999999999166
2026-04-14T00:15:00.000Z,EUR/USD,SELL,2026-04-14T00:17:00.000Z,2936,-27.200000000000557
2026-04-14T00:30:00.000Z,USD/JPY,BUY,2026-04-14T00:32:00.000Z,2936,-37.69999999999811
2026-04-14T01:45:00.000Z,USD/JPY,BUY,2026-04-14T01:47:00.000Z,2936,9.999999999999432
2026-04-14T02:15:00.000Z,AUD/JPY,BUY,2026-04-14T02:17:00.000Z,2936,11.199999999999477
2026-04-14T05:15:00.000Z,USD/JPY,BUY,2026-04-14T05:17:00.000Z,2936,9.999999999999432
2026-04-14T07:15:00.000Z,EUR/JPY,SELL,2026-04-14T07:17:00.000Z,2936,12.299999999999045
2026-04-14T08:00:00.000Z,EUR/USD,SELL,2026-04-14T08:02:00.000Z,2936,-6.300000000001305
2026-04-14T09:00:00.000Z,AUD/USD,SELL,2026-04-14T09:02:00.000Z,2936,-39.89999999999938
2026-04-14T09:30:00.000Z,AUD/USD,SELL,2026-04-14T09:32:00.000Z,2936,-33.30000000000055
2026-04-14T10:30:00.000Z,EUR/USD,SELL,2026-04-14T10:32:00.000Z,2936,11.499999999999844
2026-04-14T15:15:00.000Z,AUD/JPY,SELL,2026-04-14T15:17:00.000Z,2936,9.999999999999432
2026-04-14T15:15:00.000Z,AUD/USD,SELL,2026-04-14T15:17:00.000Z,2936,10.000000000000009
2026-04-15T05:45:00.000Z,AUD/JPY,SELL,2026-04-15T05:47:00.000Z,2936,9.999999999999432
2026-04-15T05:45:00.000Z,AUD/USD,SELL,2026-04-15T05:47:00.000Z,2936,-49.5000000000001
2026-04-15T08:00:00.000Z,AUD/JPY,SELL,2026-04-15T08:02:00.000Z,2936,9.999999999999432
2026-04-15T08:00:00.000Z,AUD/USD,SELL,2026-04-15T08:02:00.000Z,2936,10.000000000000009
2026-04-15T12:45:00.000Z,EUR/JPY,SELL,2026-04-15T12:47:00.000Z,2936,10.900000000000887
2026-04-15T13:15:00.000Z,EUR/JPY,SELL,2026-04-15T13:17:00.000Z,2936,9.999999999999432
2026-04-15T14:45:00.000Z,AUD/JPY,SELL,2026-04-15T14:47:00.000Z,2936,-35.09999999999991
2026-04-15T16:30:00.000Z,AUD/JPY,SELL,2026-04-15T16:32:00.000Z,2936,-21.89999999999941
2026-04-15T20:15:00.000Z,AUD/JPY,SELL,2026-04-15T20:17:00.000Z,2936,9.999999999999432
2026-04-16T01:30:00.000Z,USD/JPY,BUY,2026-04-16T01:32:00.000Z,2936,9.999999999999432
2026-04-16T03:30:00.000Z,USD/JPY,BUY,2026-04-16T03:32:00.000Z,2936,0
2026-04-16T03:30:00.000Z,EUR/USD,SELL,2026-04-16T03:32:00.000Z,2936,9.999999999998899
2026-04-16T03:30:00.000Z,AUD/USD,SELL,2026-04-16T03:32:00.000Z,2936,10.000000000000009
2026-04-16T04:15:00.000Z,AUD/USD,SELL,2026-04-16T04:17:00.000Z,2936,10.799999999999699
2026-04-16T04:45:00.000Z,AUD/USD,SELL,2026-04-16T04:47:00.000Z,2936,0
2026-04-16T09:00:00.000Z,EUR/USD,BUY,2026-04-16T09:02:00.000Z,2936,8.500000000000174
2026-04-16T09:45:00.000Z,EUR/USD,BUY,2026-04-16T09:47:00.000Z,2936,11.099999999997223
2026-04-16T10:15:00.000Z,EUR/USD,BUY,2026-04-16T10:17:00.000Z,2936,11.899999999998023
2026-04-16T10:45:00.000Z,USD/JPY,SELL,2026-04-16T10:47:00.000Z,2936,11.000000000001364
2026-04-16T10:45:00.000Z,EUR/USD,BUY,2026-04-16T10:47:00.000Z,2936,9.999999999998899
2026-04-17T01:15:00.000Z,EUR/JPY,SELL,2026-04-17T01:17:00.000Z,2936,12.999999999999545
2026-04-17T02:30:00.000Z,USD/JPY,SELL,2026-04-17T02:32:00.000Z,2936,9.999999999999432
2026-04-17T03:45:00.000Z,USD/JPY,SELL,2026-04-17T03:47:00.000Z,2936,9.999999999999432
2026-04-17T05:30:00.000Z,USD/JPY,SELL,2026-04-17T05:32:00.000Z,2936,10.900000000000887
2026-04-17T06:00:00.000Z,USD/JPY,SELL,2026-04-17T06:02:00.000Z,2936,9.999999999999432
2026-04-17T06:00:00.000Z,EUR/JPY,SELL,2026-04-17T06:02:00.000Z,2936,10.099999999999909
2026-04-17T06:15:00.000Z,AUD/JPY,SELL,2026-04-17T06:17:00.000Z,2936,11.699999999999022
2026-04-17T09:15:00.000Z,EUR/USD,SELL,2026-04-17T09:17:00.000Z,2936,10.799999999997478
2026-04-17T09:15:00.000Z,AUD/USD,SELL,2026-04-17T09:17:00.000Z,2936,10.299999999999754
2026-04-17T09:45:00.000Z,EUR/USD,SELL,2026-04-17T09:47:00.000Z,2936,9.999999999998899
2026-04-17T10:30:00.000Z,USD/JPY,BUY,2026-04-17T10:32:00.000Z,2936,9.999999999999432
2026-04-17T14:15:00.000Z,EUR/USD,SELL,2026-04-17T14:17:00.000Z,2936,12.199999999997768
2026-04-17T14:15:00.000Z,AUD/USD,SELL,2026-04-17T14:17:00.000Z,2936,10.700000000000154
2026-04-17T15:30:00.000Z,USD/JPY,BUY,2026-04-17T15:32:00.000Z,2936,18.69999999999834
2026-04-17T15:45:00.000Z,AUD/JPY,BUY,2026-04-17T15:47:00.000Z,2936,-4.099999999999682
2026-04-17T17:45:00.000Z,EUR/JPY,BUY,2026-04-17T17:47:00.000Z,2936,11.899999999999977
2026-04-17T17:45:00.000Z,AUD/JPY,BUY,2026-04-17T17:47:00.000Z,2936,9.999999999999432
2026-04-17T20:15:00.000Z,EUR/USD,BUY,2026-04-17T20:17:00.000Z,2936,-11.300000000000754
2026-04-17T20:45:00.000Z,EUR/USD,BUY,2026-04-17T20:47:00.000Z,2936,-6.399999999999739
2026-04-19T22:45:00.000Z,AUD/JPY,BUY,2026-04-19T22:47:00.000Z,2937,9.999999999999432
2026-04-19T23:15:00.000Z,USD/JPY,SELL,2026-04-19T23:17:00.000Z,2937,11.899999999999977
2026-04-19T23:15:00.000Z,EUR/USD,BUY,2026-04-19T23:17:00.000Z,2937,10.200000000000209
2026-04-19T23:15:00.000Z,AUD/USD,BUY,2026-04-19T23:17:00.000Z,2937,10.000000000000009
2026-04-20T00:15:00.000Z,EUR/USD,BUY,2026-04-20T00:17:00.000Z,2937,9.999999999998899
2026-04-20T00:30:00.000Z,USD/JPY,SELL,2026-04-20T00:32:00.000Z,2937,9.999999999999432
2026-04-20T00:30:00.000Z,EUR/JPY,SELL,2026-04-20T00:32:00.000Z,2937,9.999999999999432
2026-04-20T00:30:00.000Z,AUD/USD,BUY,2026-04-20T00:32:00.000Z,2937,10.000000000000009
2026-04-20T14:00:00.000Z,USD/JPY,BUY,2026-04-20T14:02:00.000Z,2937,9.999999999999432
2026-04-20T20:30:00.000Z,EUR/JPY,SELL,2026-04-20T20:32:00.000Z,2937,9.999999999999432
2026-04-20T21:00:00.000Z,EUR/JPY,SELL,2026-04-20T21:10:00.000Z,2937,9.999999999999432
2026-04-20T21:00:00.000Z,AUD/JPY,SELL,2026-04-20T21:10:00.000Z,2937,9.999999999999432
2026-04-21T07:15:00.000Z,EUR/JPY,BUY,2026-04-21T07:17:00.000Z,2937,9.999999999999432
2026-04-21T07:30:00.000Z,AUD/JPY,BUY,2026-04-21T07:32:00.000Z,2937,9.999999999999432
2026-04-21T08:30:00.000Z,AUD/JPY,BUY,2026-04-21T08:32:00.000Z,2937,9.999999999999432
2026-04-21T08:30:00.000Z,EUR/USD,BUY,2026-04-21T08:32:00.000Z,2937,9.999999999998899
2026-04-21T08:30:00.000Z,AUD/USD,BUY,2026-04-21T08:32:00.000Z,2937,10.000000000000009
2026-04-21T08:45:00.000Z,USD/JPY,SELL,2026-04-21T08:47:00.000Z,2937,11.7999999999995
2026-04-21T09:30:00.000Z,USD/JPY,SELL,2026-04-21T09:32:00.000Z,2937,9.999999999999432
2026-04-21T15:00:00.000Z,AUD/JPY,SELL,2026-04-21T15:02:00.000Z,2937,9.999999999999432
2026-04-21T17:30:00.000Z,USD/JPY,SELL,2026-04-21T17:32:00.000Z,2937,9.999999999999432
2026-04-21T17:30:00.000Z,EUR/USD,BUY,2026-04-21T17:32:00.000Z,2937,9.999999999998899
2026-04-21T17:30:00.000Z,AUD/USD,BUY,2026-04-21T17:32:00.000Z,2937,10.000000000000009
2026-04-22T12:45:00.000Z,EUR/JPY,BUY,2026-04-22T12:47:00.000Z,2937,9.999999999999432
2026-04-22T13:00:00.000Z,AUD/JPY,BUY,2026-04-22T13:02:00.000Z,2937,11.399999999999011
2026-04-22T13:00:00.000Z,EUR/USD,BUY,2026-04-22T13:02:00.000Z,2937,10.999999999998789
2026-04-22T13:00:00.000Z,AUD/USD,BUY,2026-04-22T13:02:00.000Z,2937,10.399999999999299
2026-04-22T13:30:00.000Z,EUR/USD,BUY,2026-04-22T13:32:00.000Z,2937,12.999999999998568
2026-04-22T16:15:00.000Z,EUR/USD,BUY,2026-04-22T16:17:00.000Z,2937,-13.600000000000279
2026-04-22T18:15:00.000Z,EUR/JPY,BUY,2026-04-22T18:17:00.000Z,2937,10.199999999997544
2026-04-22T21:30:00.000Z,EUR/JPY,BUY,2026-04-22T21:32:00.000Z,2937,9.999999999999432
2026-04-22T22:00:00.000Z,EUR/JPY,BUY,2026-04-22T22:02:00.000Z,2937,9.999999999999432
2026-04-23T00:30:00.000Z,EUR/USD,BUY,2026-04-23T00:32:00.000Z,2937,-23.499999999998522
2026-04-23T00:30:00.000Z,AUD/USD,BUY,2026-04-23T00:32:00.000Z,2937,-28.400000000000645
2026-04-23T07:00:00.000Z,EUR/JPY,SELL,2026-04-23T07:02:00.000Z,2937,9.999999999999432
2026-04-23T10:45:00.000Z,USD/JPY,SELL,2026-04-23T10:47:00.000Z,2937,9.999999999999432
2026-04-23T11:45:00.000Z,EUR/USD,BUY,2026-04-23T11:47:00.000Z,2937,9.999999999998899
2026-04-23T12:30:00.000Z,USD/JPY,BUY,2026-04-23T12:32:00.000Z,2937,14.500000000001023
2026-04-23T12:45:00.000Z,EUR/JPY,BUY,2026-04-23T12:47:00.000Z,2937,9.999999999999432
2026-04-23T18:00:00.000Z,USD/JPY,SELL,2026-04-23T18:02:00.000Z,2937,9.999999999999432
2026-04-23T18:00:00.000Z,AUD/JPY,BUY,2026-04-23T18:02:00.000Z,2937,-0.30000000000001137
2026-04-23T18:00:00.000Z,AUD/USD,BUY,2026-04-23T18:02:00.000Z,2937,10.000000000000009
2026-04-24T11:45:00.000Z,AUD/USD,SELL,2026-04-24T11:47:00.000Z,2937,10.000000000000009
2026-04-24T12:00:00.000Z,USD/JPY,BUY,2026-04-24T12:02:00.000Z,2937,10.3999999999985
2026-04-24T12:45:00.000Z,EUR/USD,SELL,2026-04-24T12:47:00.000Z,2937,-12.699999999998823
2026-04-27T03:30:00.000Z,USD/JPY,BUY,2026-04-27T03:32:00.000Z,2938,10.999999999998522
2026-04-27T04:00:00.000Z,USD/JPY,BUY,2026-04-27T04:02:00.000Z,2938,12.399999999999523
2026-04-27T04:00:00.000Z,AUD/JPY,SELL,2026-04-27T04:02:00.000Z,2938,-2.899999999999636
2026-04-27T04:00:00.000Z,EUR/USD,SELL,2026-04-27T04:02:00.000Z,2938,9.999999999998899
2026-04-27T04:15:00.000Z,AUD/USD,SELL,2026-04-27T04:17:00.000Z,2938,10.000000000000009
2026-04-27T04:45:00.000Z,USD/JPY,BUY,2026-04-27T04:47:00.000Z,2938,10.099999999999909
2026-04-27T04:45:00.000Z,EUR/USD,SELL,2026-04-27T04:47:00.000Z,2938,9.999999999998899
2026-04-27T04:45:00.000Z,AUD/USD,SELL,2026-04-27T04:47:00.000Z,2938,-12.199999999999989
2026-04-27T08:45:00.000Z,AUD/JPY,SELL,2026-04-27T08:47:00.000Z,2938,12.499999999998579
2026-04-27T09:30:00.000Z,USD/JPY,BUY,2026-04-27T09:32:00.000Z,2938,11.100000000001842
2026-04-27T09:30:00.000Z,EUR/USD,SELL,2026-04-27T09:32:00.000Z,2938,11.099999999999444
2026-04-27T09:45:00.000Z,AUD/JPY,SELL,2026-04-27T09:47:00.000Z,2938,9.999999999999432
2026-04-27T09:45:00.000Z,AUD/USD,SELL,2026-04-27T09:47:00.000Z,2938,10.000000000000009
2026-04-27T10:30:00.000Z,AUD/JPY,SELL,2026-04-27T10:32:00.000Z,2938,9.999999999999432
2026-04-27T12:30:00.000Z,AUD/JPY,SELL,2026-04-27T12:32:00.000Z,2938,10.099999999998488
2026-04-27T12:30:00.000Z,AUD/USD,SELL,2026-04-27T12:32:00.000Z,2938,10.000000000000009
2026-04-28T01:15:00.000Z,AUD/JPY,SELL,2026-04-28T01:17:00.000Z,2938,9.999999999999432
2026-04-28T01:30:00.000Z,EUR/USD,BUY,2026-04-28T01:32:00.000Z,2938,-5.1000000000001044
2026-04-28T02:15:00.000Z,USD/JPY,SELL,2026-04-28T02:17:00.000Z,2938,11.299999999999955
2026-04-28T03:00:00.000Z,AUD/USD,BUY,2026-04-28T03:02:00.000Z,2938,10.000000000000009
2026-04-28T03:15:00.000Z,EUR/USD,BUY,2026-04-28T03:17:00.000Z,2938,-3.8000000000004697
2026-04-28T05:00:00.000Z,USD/JPY,BUY,2026-04-28T05:02:00.000Z,2938,10.699999999999932
2026-04-28T06:00:00.000Z,EUR/JPY,BUY,2026-04-28T06:02:00.000Z,2938,11.499999999998067
2026-04-28T06:00:00.000Z,AUD/JPY,BUY,2026-04-28T06:02:00.000Z,2938,14.19999999999959
2026-04-28T07:15:00.000Z,EUR/JPY,BUY,2026-04-28T07:17:00.000Z,2938,9.999999999999432
2026-04-28T07:15:00.000Z,AUD/JPY,BUY,2026-04-28T07:17:00.000Z,2938,9.999999999999432
2026-04-28T07:15:00.000Z,AUD/USD,BUY,2026-04-28T07:17:00.000Z,2938,10.099999999999554
2026-04-28T07:30:00.000Z,EUR/USD,BUY,2026-04-28T07:32:00.000Z,2938,9.999999999998899
2026-04-28T08:30:00.000Z,USD/JPY,SELL,2026-04-28T08:32:00.000Z,2938,-24.2999999999995
2026-04-28T12:15:00.000Z,AUD/USD,BUY,2026-04-28T12:17:00.000Z,2938,10.799999999999699
2026-04-28T12:30:00.000Z,USD/JPY,SELL,2026-04-28T12:32:00.000Z,2938,13.300000000000978
2026-04-28T19:30:00.000Z,AUD/JPY,SELL,2026-04-28T19:32:00.000Z,2938,10.699999999999932
2026-04-29T03:15:00.000Z,AUD/JPY,BUY,2026-04-29T03:17:00.000Z,2938,9.999999999999432
2026-04-29T03:15:00.000Z,AUD/USD,BUY,2026-04-29T03:17:00.000Z,2938,-36.69999999999951
2026-04-29T06:30:00.000Z,EUR/USD,BUY,2026-04-29T06:32:00.000Z,2938,10.799999999999699
2026-04-29T10:15:00.000Z,USD/JPY,SELL,2026-04-29T10:17:00.000Z,2938,9.999999999999432
2026-04-29T14:15:00.000Z,EUR/JPY,SELL,2026-04-29T14:17:00.000Z,2938,11.7999999999995
2026-04-29T14:30:00.000Z,AUD/USD,BUY,2026-04-29T14:32:00.000Z,2938,10.000000000000009
2026-04-29T15:00:00.000Z,USD/JPY,SELL,2026-04-29T15:02:00.000Z,2938,10.999999999998522
2026-04-29T16:15:00.000Z,EUR/JPY,SELL,2026-04-29T16:17:00.000Z,2938,9.999999999999432
2026-04-29T16:30:00.000Z,USD/JPY,SELL,2026-04-29T16:32:00.000Z,2938,10.3999999999985
2026-04-29T17:45:00.000Z,USD/JPY,SELL,2026-04-29T17:47:00.000Z,2938,9.999999999999432
2026-04-29T18:30:00.000Z,AUD/USD,BUY,2026-04-29T18:32:00.000Z,2938,12.599999999999278
2026-04-29T19:00:00.000Z,AUD/JPY,BUY,2026-04-29T19:02:00.000Z,2938,9.999999999999432
2026-04-29T19:00:00.000Z,EUR/USD,BUY,2026-04-29T19:02:00.000Z,2938,9.999999999998899
2026-04-29T19:00:00.000Z,AUD/USD,BUY,2026-04-29T19:02:00.000Z,2938,10.000000000000009
2026-04-30T05:00:00.000Z,EUR/USD,BUY,2026-04-30T05:02:00.000Z,2938,9.999999999998899
2026-04-30T06:30:00.000Z,USD/JPY,SELL,2026-04-30T06:32:00.000Z,2938,9.999999999999432
2026-04-30T06:30:00.000Z,EUR/JPY,SELL,2026-04-30T06:32:00.000Z,2938,10.599999999999454
2026-04-30T08:00:00.000Z,EUR/JPY,SELL,2026-04-30T08:02:00.000Z,2938,9.999999999999432
2026-04-30T08:30:00.000Z,EUR/USD,SELL,2026-04-30T08:32:00.000Z,2938,9.999999999998899
2026-04-30T09:45:00.000Z,AUD/JPY,BUY,2026-04-30T09:47:00.000Z,2938,-115.69999999999965
2026-04-30T10:00:00.000Z,EUR/JPY,BUY,2026-04-30T10:02:00.000Z,2938,-256.6999999999979
2026-04-30T10:15:00.000Z,AUD/USD,SELL,2026-04-30T10:17:00.000Z,2938,-43.999999999999595
2026-04-30T11:15:00.000Z,EUR/USD,SELL,2026-04-30T11:17:00.000Z,2938,11.299999999998533
2026-04-30T11:45:00.000Z,AUD/USD,SELL,2026-04-30T11:47:00.000Z,2938,10.000000000000009
2026-04-30T12:00:00.000Z,EUR/USD,SELL,2026-04-30T12:02:00.000Z,2938,9.999999999998899
2026-04-30T12:45:00.000Z,USD/JPY,BUY,2026-04-30T12:47:00.000Z,2938,23.900000000000432
2026-04-30T12:45:00.000Z,AUD/JPY,BUY,2026-04-30T12:47:00.000Z,2938,15.500000000000114
2026-04-30T13:45:00.000Z,USD/JPY,BUY,2026-04-30T13:47:00.000Z,2938,9.999999999999432
2026-04-30T13:45:00.000Z,EUR/JPY,BUY,2026-04-30T13:47:00.000Z,2938,9.999999999999432
2026-04-30T15:30:00.000Z,EUR/USD,SELL,2026-04-30T15:32:00.000Z,2938,-37.80000000000116
2026-04-30T16:00:00.000Z,AUD/USD,SELL,2026-04-30T16:02:00.000Z,2938,-34.09999999999913
2026-04-30T20:00:00.000Z,AUD/USD,SELL,2026-04-30T20:02:00.000Z,2938,12.199999999999989
2026-04-30T21:15:00.000Z,AUD/USD,SELL,2026-04-30T21:17:00.000Z,2938,10.000000000000009
2026-05-01T00:45:00.000Z,USD/JPY,SELL,2026-05-01T00:47:00.000Z,2938,9.999999999999432
2026-05-01T01:00:00.000Z,EUR/JPY,SELL,2026-05-01T01:02:00.000Z,2938,9.999999999999432
2026-05-01T01:00:00.000Z,AUD/JPY,SELL,2026-05-01T01:02:00.000Z,2938,9.999999999999432
2026-05-01T03:00:00.000Z,EUR/JPY,SELL,2026-05-01T03:02:00.000Z,2938,10.999999999998522
2026-05-01T03:30:00.000Z,EUR/JPY,SELL,2026-05-01T03:32:00.000Z,2938,9.999999999999432
2026-05-01T03:30:00.000Z,AUD/JPY,SELL,2026-05-01T03:32:00.000Z,2938,9.999999999999432
2026-05-01T07:15:00.000Z,USD/JPY,BUY,2026-05-01T07:17:00.000Z,2938,9.999999999999432
2026-05-01T07:15:00.000Z,EUR/JPY,BUY,2026-05-01T07:17:00.000Z,2938,9.999999999999432
2026-05-01T07:15:00.000Z,AUD/JPY,BUY,2026-05-01T07:17:00.000Z,2938,9.999999999999432
2026-05-01T12:45:00.000Z,EUR/USD,SELL,2026-05-01T12:47:00.000Z,2938,9.999999999998899
2026-05-01T14:45:00.000Z,EUR/USD,SELL,2026-05-01T14:47:00.000Z,2938,11.199999999997878
2026-05-01T14:45:00.000Z,AUD/USD,SELL,2026-05-01T14:47:00.000Z,2938,10.299999999999754
2026-05-01T16:45:00.000Z,AUD/JPY,SELL,2026-05-01T16:47:00.000Z,2938,-2.2999999999996135
2026-05-01T17:30:00.000Z,AUD/JPY,SELL,2026-05-01T17:32:00.000Z,2938,10.69999999999851
2026-05-01T20:15:00.000Z,EUR/USD,BUY,2026-05-01T20:17:00.000Z,2938,-2.6999999999999247
2026-05-01T20:45:00.000Z,EUR/USD,BUY,2026-05-01T20:47:00.000Z,2938,0
2026-05-04T03:45:00.000Z,EUR/JPY,SELL,2026-05-04T03:47:00.000Z,2939,0
2026-05-04T04:15:00.000Z,USD/JPY,BUY,2026-05-04T04:17:00.000Z,2939,9.999999999999432
2026-05-04T04:15:00.000Z,EUR/JPY,BUY,2026-05-04T04:17:00.000Z,2939,10.200000000000387
2026-05-04T04:15:00.000Z,AUD/JPY,BUY,2026-05-04T04:17:00.000Z,2939,9.999999999999432
2026-05-04T08:00:00.000Z,AUD/USD,BUY,2026-05-04T08:02:00.000Z,2939,-36.80000000000017
2026-05-04T10:30:00.000Z,EUR/USD,BUY,2026-05-04T10:32:00.000Z,2939,9.999999999998899
2026-05-04T10:30:00.000Z,AUD/USD,BUY,2026-05-04T10:32:00.000Z,2939,10.000000000000009
2026-05-04T16:30:00.000Z,AUD/JPY,BUY,2026-05-04T16:32:00.000Z,2939,9.999999999999432
2026-05-04T16:30:00.000Z,AUD/USD,BUY,2026-05-04T16:32:00.000Z,2939,10.000000000000009
2026-05-04T17:15:00.000Z,AUD/USD,BUY,2026-05-04T17:17:00.000Z,2939,10.000000000000009
2026-05-04T19:15:00.000Z,USD/JPY,BUY,2026-05-04T19:17:00.000Z,2939,9.999999999999432
2026-05-04T19:15:00.000Z,EUR/JPY,BUY,2026-05-04T19:17:00.000Z,2939,9.999999999999432
2026-05-04T19:15:00.000Z,AUD/JPY,BUY,2026-05-04T19:17:00.000Z,2939,9.999999999999432
2026-05-05T02:00:00.000Z,AUD/USD,BUY,2026-05-05T02:02:00.000Z,2939,10.000000000000009
2026-05-05T06:00:00.000Z,AUD/JPY,BUY,2026-05-05T06:02:00.000Z,2939,9.999999999999432
2026-05-05T06:15:00.000Z,AUD/USD,BUY,2026-05-05T06:17:00.000Z,2939,11.799999999999589
2026-05-05T10:00:00.000Z,USD/JPY,SELL,2026-05-05T10:02:00.000Z,2939,14.19999999999959
2026-05-05T10:00:00.000Z,EUR/JPY,SELL,2026-05-05T10:02:00.000Z,2939,11.700000000001864
2026-05-05T10:30:00.000Z,USD/JPY,SELL,2026-05-05T10:32:00.000Z,2939,10.80000000000041
2026-05-05T10:45:00.000Z,EUR/JPY,SELL,2026-05-05T10:47:00.000Z,2939,11.299999999999955
2026-05-05T12:30:00.000Z,USD/JPY,SELL,2026-05-05T12:32:00.000Z,2939,16.100000000000136
2026-05-05T12:45:00.000Z,AUD/USD,SELL,2026-05-05T12:47:00.000Z,2939,-67.09999999999994
2026-05-05T13:15:00.000Z,USD/JPY,SELL,2026-05-05T13:17:00.000Z,2939,9.999999999999432
2026-05-05T15:30:00.000Z,AUD/USD,SELL,2026-05-05T15:32:00.000Z,2939,-45.30000000000034
2026-05-05T16:00:00.000Z,EUR/JPY,SELL,2026-05-05T16:02:00.000Z,2939,9.999999999999432
2026-05-05T16:00:00.000Z,EUR/USD,SELL,2026-05-05T16:02:00.000Z,2939,9.999999999998899
2026-05-05T16:00:00.000Z,AUD/USD,SELL,2026-05-05T16:02:00.000Z,2939,10.000000000000009
2026-05-05T16:15:00.000Z,AUD/JPY,SELL,2026-05-05T16:17:00.000Z,2939,9.999999999999432
2026-05-05T17:00:00.000Z,AUD/JPY,SELL,2026-05-05T17:02:00.000Z,2939,11.099999999999
2026-05-05T18:00:00.000Z,EUR/JPY,SELL,2026-05-05T18:02:00.000Z,2939,9.999999999999432
2026-05-05T19:00:00.000Z,USD/JPY,SELL,2026-05-05T19:02:00.000Z,2939,9.999999999999432
2026-05-05T19:15:00.000Z,EUR/JPY,SELL,2026-05-05T19:17:00.000Z,2939,9.999999999999432
2026-05-05T19:15:00.000Z,AUD/JPY,SELL,2026-05-05T19:17:00.000Z,2939,9.999999999999432
2026-05-05T19:45:00.000Z,USD/JPY,SELL,2026-05-05T19:47:00.000Z,2939,9.999999999999432
2026-05-05T23:30:00.000Z,USD/JPY,BUY,2026-05-05T23:32:00.000Z,2939,12.000000000000455
2026-05-05T23:45:00.000Z,EUR/USD,SELL,2026-05-05T23:47:00.000Z,2939,-33.90000000000004
2026-05-06T00:00:00.000Z,EUR/JPY,SELL,2026-05-06T00:02:00.000Z,2939,9.999999999999432
2026-05-06T00:00:00.000Z,AUD/JPY,SELL,2026-05-06T00:02:00.000Z,2939,11.7999999999995
2026-05-06T02:00:00.000Z,EUR/USD,SELL,2026-05-06T02:02:00.000Z,2939,-38.599999999999746
2026-05-06T03:45:00.000Z,EUR/JPY,SELL,2026-05-06T03:47:00.000Z,2939,9.999999999999432
2026-05-06T04:30:00.000Z,AUD/JPY,SELL,2026-05-06T04:32:00.000Z,2939,0
2026-05-06T05:15:00.000Z,AUD/JPY,BUY,2026-05-06T05:17:00.000Z,2939,9.999999999999432
2026-05-06T05:15:00.000Z,EUR/USD,SELL,2026-05-06T05:17:00.000Z,2939,-18.700000000000383
2026-05-06T06:15:00.000Z,USD/JPY,BUY,2026-05-06T06:17:00.000Z,2939,9.999999999999432
2026-05-06T06:15:00.000Z,EUR/JPY,BUY,2026-05-06T06:17:00.000Z,2939,10.299999999998022
2026-05-06T06:45:00.000Z,AUD/USD,SELL,2026-05-06T06:47:00.000Z,2939,11.999999999999789
2026-05-06T07:00:00.000Z,USD/JPY,BUY,2026-05-06T07:02:00.000Z,2939,9.999999999999432
2026-05-06T07:15:00.000Z,AUD/USD,SELL,2026-05-06T07:17:00.000Z,2939,10.299999999999754
2026-05-06T08:15:00.000Z,USD/JPY,BUY,2026-05-06T08:17:00.000Z,2939,9.999999999999432
2026-05-06T08:15:00.000Z,EUR/JPY,BUY,2026-05-06T08:17:00.000Z,2939,9.999999999999432
2026-05-06T08:15:00.000Z,AUD/JPY,BUY,2026-05-06T08:17:00.000Z,2939,9.999999999999432
2026-05-06T11:45:00.000Z,EUR/USD,SELL,2026-05-06T11:47:00.000Z,2939,9.999999999998899
2026-05-07T10:00:00.000Z,EUR/JPY,SELL,2026-05-07T10:02:00.000Z,2939,9.999999999999432
2026-05-07T10:30:00.000Z,EUR/JPY,SELL,2026-05-07T10:32:00.000Z,2939,9.999999999999432
2026-05-07T18:00:00.000Z,USD/JPY,SELL,2026-05-07T18:02:00.000Z,2939,9.999999999999432
2026-05-07T18:00:00.000Z,EUR/USD,BUY,2026-05-07T18:02:00.000Z,2939,9.999999999998899
2026-05-07T18:00:00.000Z,AUD/USD,BUY,2026-05-07T18:02:00.000Z,2939,10.000000000000009
2026-05-07T19:00:00.000Z,USD/JPY,SELL,2026-05-07T19:02:00.000Z,2939,9.999999999999432
2026-05-07T20:15:00.000Z,AUD/USD,BUY,2026-05-07T20:17:00.000Z,2939,10.000000000000009
2026-05-07T21:15:00.000Z,USD/JPY,SELL,2026-05-07T21:17:00.000Z,2939,9.999999999999432
2026-05-07T22:00:00.000Z,AUD/JPY,BUY,2026-05-07T22:02:00.000Z,2939,9.999999999999432
2026-05-07T22:00:00.000Z,AUD/USD,BUY,2026-05-07T22:02:00.000Z,2939,10.000000000000009
2026-05-07T22:30:00.000Z,AUD/USD,BUY,2026-05-07T22:32:00.000Z,2939,10.000000000000009
2026-05-08T06:45:00.000Z,EUR/USD,SELL,2026-05-08T06:47:00.000Z,2939,-42.79999999999839
2026-05-08T06:45:00.000Z,AUD/USD,SELL,2026-05-08T06:47:00.000Z,2939,-20.200000000000216
2026-05-08T09:45:00.000Z,AUD/USD,SELL,2026-05-08T09:47:00.000Z,2939,-13.400000000000079
2026-05-08T11:00:00.000Z,AUD/JPY,SELL,2026-05-08T11:02:00.000Z,2939,12.000000000000455
2026-05-08T11:00:00.000Z,EUR/USD,SELL,2026-05-08T11:02:00.000Z,2939,-25.100000000000122
2026-05-08T11:00:00.000Z,AUD/USD,SELL,2026-05-08T11:02:00.000Z,2939,-11.999999999999789
2026-05-08T12:00:00.000Z,EUR/JPY,SELL,2026-05-08T12:02:00.000Z,2939,9.999999999999432
2026-05-08T13:00:00.000Z,EUR/USD,SELL,2026-05-08T13:02:00.000Z,2939,-14.999999999998348
2026-05-08T13:45:00.000Z,USD/JPY,BUY,2026-05-08T13:47:00.000Z,2939,12.999999999999545
2026-05-08T20:00:00.000Z,EUR/JPY,SELL,2026-05-08T20:02:00.000Z,2939,-7.900000000000773
2026-05-10T22:15:00.000Z,EUR/JPY,SELL,2026-05-10T22:17:00.000Z,2940,-76.80000000000007
2026-05-10T22:30:00.000Z,USD/JPY,SELL,2026-05-10T22:32:00.000Z,2940,-36.000000000001364
2026-05-11T02:15:00.000Z,USD/JPY,SELL,2026-05-11T02:17:00.000Z,2940,10.80000000000041
2026-05-11T03:00:00.000Z,EUR/JPY,SELL,2026-05-11T03:02:00.000Z,2940,9.999999999999432
2026-05-11T03:45:00.000Z,USD/JPY,SELL,2026-05-11T03:47:00.000Z,2940,12.399999999999523
2026-05-11T05:15:00.000Z,EUR/USD,BUY,2026-05-11T05:17:00.000Z,2940,10.099999999999554
2026-05-11T08:45:00.000Z,EUR/JPY,SELL,2026-05-11T08:47:00.000Z,2940,10.899999999998045
2026-05-11T08:45:00.000Z,EUR/USD,SELL,2026-05-11T08:47:00.000Z,2940,9.999999999998899
2026-05-11T12:00:00.000Z,AUD/JPY,SELL,2026-05-11T12:02:00.000Z,2940,10.499999999998977
2026-05-11T13:30:00.000Z,EUR/JPY,SELL,2026-05-11T13:32:00.000Z,2940,9.999999999999432
2026-05-11T14:00:00.000Z,EUR/USD,SELL,2026-05-11T14:02:00.000Z,2940,9.999999999998899
2026-05-11T14:00:00.000Z,AUD/USD,SELL,2026-05-11T14:02:00.000Z,2940,10.200000000000209
2026-05-11T15:00:00.000Z,AUD/JPY,SELL,2026-05-11T15:02:00.000Z,2940,9.999999999999432
2026-05-11T15:00:00.000Z,AUD/USD,SELL,2026-05-11T15:02:00.000Z,2940,10.000000000000009
2026-05-11T20:00:00.000Z,USD/JPY,SELL,2026-05-11T20:02:00.000Z,2940,9.999999999999432
2026-05-11T21:45:00.000Z,EUR/JPY,SELL,2026-05-11T21:47:00.000Z,2940,9.999999999999432
2026-05-11T22:45:00.000Z,EUR/JPY,SELL,2026-05-11T22:47:00.000Z,2940,9.999999999999432
2026-05-12T02:15:00.000Z,AUD/USD,BUY,2026-05-12T02:17:00.000Z,2940,12.400000000000189
2026-05-12T02:45:00.000Z,AUD/USD,BUY,2026-05-12T02:47:00.000Z,2940,10.000000000000009
2026-05-12T03:00:00.000Z,EUR/JPY,SELL,2026-05-12T03:02:00.000Z,2940,9.999999999999432
2026-05-12T04:45:00.000Z,USD/JPY,SELL,2026-05-12T04:47:00.000Z,2940,10.299999999998022
2026-05-12T04:45:00.000Z,EUR/USD,BUY,2026-05-12T04:47:00.000Z,2940,-25.200000000000777
2026-05-12T05:30:00.000Z,EUR/USD,BUY,2026-05-12T05:32:00.000Z,2940,9.999999999998899
2026-05-12T06:00:00.000Z,USD/JPY,SELL,2026-05-12T06:02:00.000Z,2940,-39.400000000000546
2026-05-12T06:30:00.000Z,EUR/JPY,BUY,2026-05-12T06:32:00.000Z,2940,10.199999999997544
2026-05-12T06:30:00.000Z,AUD/JPY,BUY,2026-05-12T06:32:00.000Z,2940,12.000000000000455
2026-05-12T07:00:00.000Z,AUD/JPY,BUY,2026-05-12T07:02:00.000Z,2940,9.999999999999432
2026-05-12T07:15:00.000Z,AUD/USD,BUY,2026-05-12T07:17:00.000Z,2940,10.000000000000009
2026-05-12T07:30:00.000Z,EUR/USD,BUY,2026-05-12T07:32:00.000Z,2940,-33.799999999999386
2026-05-12T14:15:00.000Z,EUR/USD,BUY,2026-05-12T14:17:00.000Z,2940,11.799999999997368
2026-05-13T09:45:00.000Z,EUR/JPY,BUY,2026-05-13T09:47:00.000Z,2940,9.999999999999432
2026-05-13T10:00:00.000Z,EUR/USD,BUY,2026-05-13T10:02:00.000Z,2940,9.999999999998899
2026-05-13T10:15:00.000Z,AUD/JPY,SELL,2026-05-13T10:17:00.000Z,2940,-10.099999999999909
2026-05-13T12:00:00.000Z,AUD/JPY,SELL,2026-05-13T12:02:00.000Z,2940,11.700000000000443
2026-05-13T16:00:00.000Z,AUD/JPY,SELL,2026-05-13T16:02:00.000Z,2940,10.899999999999466
2026-05-13T16:00:00.000Z,AUD/USD,SELL,2026-05-13T16:02:00.000Z,2940,11.100000000000554
2026-05-14T03:30:00.000Z,USD/JPY,SELL,2026-05-14T03:32:00.000Z,2940,9.999999999999432
2026-05-14T14:00:00.000Z,USD/JPY,BUY,2026-05-14T14:02:00.000Z,2940,9.999999999999432
2026-05-14T14:00:00.000Z,EUR/JPY,BUY,2026-05-14T14:02:00.000Z,2940,9.999999999999432
2026-05-14T14:15:00.000Z,AUD/JPY,BUY,2026-05-14T14:17:00.000Z,2940,-52.79999999999916
2026-05-14T14:15:00.000Z,EUR/USD,BUY,2026-05-14T14:17:00.000Z,2940,-64.20000000000093
2026-05-14T14:15:00.000Z,AUD/USD,BUY,2026-05-14T14:17:00.000Z,2940,-68.99999999999906
2026-05-14T17:00:00.000Z,EUR/USD,BUY,2026-05-14T17:02:00.000Z,2940,-46.00000000000159
2026-05-14T17:00:00.000Z,AUD/USD,BUY,2026-05-14T17:02:00.000Z,2940,-64.80000000000041
2026-05-14T20:00:00.000Z,EUR/USD,BUY,2026-05-14T20:02:00.000Z,2940,-50.69999999999908
2026-05-14T21:00:00.000Z,USD/JPY,SELL,2026-05-14T21:10:00.000Z,2940,-44.599999999999795
2026-05-14T21:00:00.000Z,EUR/USD,BUY,2026-05-14T21:10:00.000Z,2940,-47.80000000000006
2026-05-15T01:45:00.000Z,USD/JPY,SELL,2026-05-15T01:47:00.000Z,2940,12.700000000000955
2026-05-15T02:30:00.000Z,EUR/USD,BUY,2026-05-15T02:32:00.000Z,2940,-29.799999999999827
2026-05-15T03:00:00.000Z,AUD/JPY,BUY,2026-05-15T03:02:00.000Z,2940,-59.499999999999886
2026-05-15T03:45:00.000Z,AUD/USD,BUY,2026-05-15T03:47:00.000Z,2940,-47.099999999999916
2026-05-15T05:30:00.000Z,EUR/USD,BUY,2026-05-15T05:32:00.000Z,2940,-24.900000000001032
2026-05-15T06:15:00.000Z,EUR/JPY,BUY,2026-05-15T06:17:00.000Z,2940,-7.499999999998863
2026-05-15T06:15:00.000Z,EUR/USD,BUY,2026-05-15T06:17:00.000Z,2940,9.999999999998899
2026-05-15T06:45:00.000Z,AUD/USD,BUY,2026-05-15T06:47:00.000Z,2940,10.000000000000009
2026-05-15T07:15:00.000Z,EUR/JPY,BUY,2026-05-15T07:17:00.000Z,2940,9.999999999999432
2026-05-15T07:15:00.000Z,AUD/JPY,BUY,2026-05-15T07:17:00.000Z,2940,-15.199999999998681
2026-05-15T07:15:00.000Z,AUD/USD,BUY,2026-05-15T07:17:00.000Z,2940,-23.600000000000286
2026-05-15T09:00:00.000Z,AUD/JPY,BUY,2026-05-15T09:02:00.000Z,2940,13.19999999999908
2026-05-15T09:30:00.000Z,EUR/USD,BUY,2026-05-15T09:32:00.000Z,2940,9.999999999998899
2026-05-15T10:15:00.000Z,AUD/JPY,BUY,2026-05-15T10:17:00.000Z,2940,9.999999999999432
2026-05-15T10:15:00.000Z,AUD/USD,BUY,2026-05-15T10:17:00.000Z,2940,10.000000000000009
2026-05-18T00:00:00.000Z,USD/JPY,SELL,2026-05-18T00:02:00.000Z,2941,10.899999999998045
2026-05-18T01:00:00.000Z,AUD/JPY,BUY,2026-05-18T01:02:00.000Z,2941,10.500000000000398
2026-05-18T01:30:00.000Z,AUD/USD,BUY,2026-05-18T01:32:00.000Z,2941,10.000000000000009
2026-05-18T02:00:00.000Z,AUD/USD,BUY,2026-05-18T02:02:00.000Z,2941,10.400000000000409
2026-05-18T02:15:00.000Z,USD/JPY,SELL,2026-05-18T02:17:00.000Z,2941,10.299999999998022
2026-05-18T04:30:00.000Z,EUR/JPY,SELL,2026-05-18T04:32:00.000Z,2941,-25.499999999999545
2026-05-18T04:45:00.000Z,USD/JPY,SELL,2026-05-18T04:47:00.000Z,2941,9.999999999999432
2026-05-18T07:15:00.000Z,EUR/USD,SELL,2026-05-18T07:17:00.000Z,2941,0
2026-05-18T07:30:00.000Z,EUR/JPY,SELL,2026-05-18T07:32:00.000Z,2941,-21.000000000000796
2026-05-18T07:45:00.000Z,EUR/USD,SELL,2026-05-18T07:47:00.000Z,2941,0.8999999999992347
2026-05-18T09:15:00.000Z,EUR/USD,SELL,2026-05-18T09:17:00.000Z,2941,10.799999999999699
2026-05-18T09:45:00.000Z,AUD/JPY,SELL,2026-05-18T09:47:00.000Z,2941,10.80000000000041
2026-05-18T13:15:00.000Z,AUD/USD,SELL,2026-05-18T13:17:00.000Z,2941,10.000000000000009
2026-05-18T13:45:00.000Z,AUD/JPY,SELL,2026-05-18T13:47:00.000Z,2941,14.499999999999602
2026-05-18T16:45:00.000Z,EUR/JPY,SELL,2026-05-18T16:47:00.000Z,2941,9.999999999999432
2026-05-18T17:15:00.000Z,EUR/JPY,SELL,2026-05-18T17:17:00.000Z,2941,10.599999999999454
2026-05-19T01:15:00.000Z,AUD/USD,BUY,2026-05-19T01:17:00.000Z,2941,-55.10000000000014
2026-05-19T01:45:00.000Z,AUD/USD,BUY,2026-05-19T01:47:00.000Z,2941,-59.19999999999925
2026-05-19T02:45:00.000Z,AUD/JPY,BUY,2026-05-19T02:47:00.000Z,2941,-74.39999999999998
2026-05-19T02:45:00.000Z,AUD/USD,BUY,2026-05-19T02:47:00.000Z,2941,-44.899999999999935
2026-05-19T06:00:00.000Z,AUD/JPY,BUY,2026-05-19T06:02:00.000Z,2941,9.999999999999432
2026-05-19T06:00:00.000Z,AUD/USD,BUY,2026-05-19T06:02:00.000Z,2941,-29.29999999999988
2026-05-19T07:30:00.000Z,USD/JPY,SELL,2026-05-19T07:32:00.000Z,2941,9.999999999999432
2026-05-19T09:00:00.000Z,AUD/JPY,BUY,2026-05-19T09:02:00.000Z,2941,-13.400000000000034
2026-05-19T10:00:00.000Z,AUD/JPY,BUY,2026-05-19T10:02:00.000Z,2941,10.699999999999932
2026-05-19T10:00:00.000Z,EUR/USD,BUY,2026-05-19T10:02:00.000Z,2941,-30.399999999999316
2026-05-19T10:15:00.000Z,AUD/USD,BUY,2026-05-19T10:17:00.000Z,2941,2.7999999999994696
2026-05-19T11:00:00.000Z,EUR/USD,BUY,2026-05-19T11:02:00.000Z,2941,-21.299999999999653
2026-05-19T11:00:00.000Z,AUD/USD,BUY,2026-05-19T11:02:00.000Z,2941,7.800000000000029
2026-05-19T15:15:00.000Z,EUR/JPY,BUY,2026-05-19T15:17:00.000Z,2941,11.7999999999995
2026-05-19T15:30:00.000Z,AUD/JPY,BUY,2026-05-19T15:32:00.000Z,2941,9.999999999999432
2026-05-19T15:30:00.000Z,AUD/USD,BUY,2026-05-19T15:32:00.000Z,2941,10.000000000000009
2026-05-19T16:30:00.000Z,EUR/JPY,BUY,2026-05-19T16:32:00.000Z,2941,10.099999999999909
2026-05-20T01:15:00.000Z,AUD/JPY,BUY,2026-05-20T01:17:00.000Z,2941,9.999999999999432
2026-05-20T03:30:00.000Z,EUR/JPY,BUY,2026-05-20T03:32:00.000Z,2941,10.099999999999909
2026-05-20T09:00:00.000Z,AUD/JPY,SELL,2026-05-20T09:02:00.000Z,2941,10.69999999999851
2026-05-20T12:00:00.000Z,AUD/USD,SELL,2026-05-20T12:02:00.000Z,2941,13.299999999999423
2026-05-20T12:30:00.000Z,AUD/USD,SELL,2026-05-20T12:32:00.000Z,2941,12.199999999999989
2026-05-20T12:45:00.000Z,AUD/JPY,SELL,2026-05-20T12:47:00.000Z,2941,9.999999999999432
2026-05-20T16:00:00.000Z,USD/JPY,BUY,2026-05-20T16:02:00.000Z,2941,12.000000000000455
2026-05-20T16:00:00.000Z,AUD/JPY,SELL,2026-05-20T16:02:00.000Z,2941,12.300000000000466
2026-05-20T16:00:00.000Z,EUR/USD,SELL,2026-05-20T16:02:00.000Z,2941,13.300000000000534
2026-05-20T16:00:00.000Z,AUD/USD,SELL,2026-05-20T16:02:00.000Z,2941,12.599999999999278
2026-05-20T16:30:00.000Z,AUD/JPY,SELL,2026-05-20T16:32:00.000Z,2941,9.999999999999432
2026-05-21T03:30:00.000Z,AUD/USD,BUY,2026-05-21T03:32:00.000Z,2941,10.599999999999499
2026-05-21T03:45:00.000Z,AUD/JPY,BUY,2026-05-21T03:47:00.000Z,2941,9.999999999999432
2026-05-21T06:45:00.000Z,EUR/JPY,SELL,2026-05-21T06:47:00.000Z,2941,11.099999999999
2026-05-21T07:15:00.000Z,USD/JPY,SELL,2026-05-21T07:17:00.000Z,2941,10.699999999999932
2026-05-21T07:45:00.000Z,EUR/JPY,BUY,2026-05-21T07:47:00.000Z,2941,9.999999999999432
2026-05-21T07:45:00.000Z,EUR/USD,BUY,2026-05-21T07:47:00.000Z,2941,9.999999999998899
2026-05-21T14:00:00.000Z,USD/JPY,SELL,2026-05-21T14:02:00.000Z,2941,10.300000000000864
2026-05-21T14:00:00.000Z,EUR/USD,BUY,2026-05-21T14:02:00.000Z,2941,12.099999999999334
2026-05-21T18:00:00.000Z,AUD/JPY,SELL,2026-05-21T18:02:00.000Z,2941,9.999999999999432
2026-05-21T18:15:00.000Z,USD/JPY,BUY,2026-05-21T18:17:00.000Z,2941,9.999999999999432
2026-05-21T18:15:00.000Z,AUD/USD,SELL,2026-05-21T18:17:00.000Z,2941,10.000000000000009
2026-05-22T11:30:00.000Z,AUD/JPY,BUY,2026-05-22T11:32:00.000Z,2941,14.099999999999113
2026-05-22T11:30:00.000Z,AUD/USD,BUY,2026-05-22T11:32:00.000Z,2941,12.699999999999934
2026-05-24T22:30:00.000Z,AUD/JPY,SELL,2026-05-24T22:32:00.000Z,2942,-33.59999999999985
2026-05-24T23:45:00.000Z,USD/JPY,BUY,2026-05-24T23:47:00.000Z,2942,9.999999999999432
2026-05-25T00:00:00.000Z,AUD/JPY,SELL,2026-05-25T00:02:00.000Z,2942,-15.500000000000114
2026-05-25T00:00:00.000Z,AUD/USD,SELL,2026-05-25T00:02:00.000Z,2942,-9.699999999999154
2026-05-25T00:15:00.000Z,EUR/JPY,SELL,2026-05-25T00:17:00.000Z,2942,9.999999999999432
2026-05-25T00:15:00.000Z,EUR/USD,SELL,2026-05-25T00:17:00.000Z,2942,1.7000000000000348
2026-05-25T00:45:00.000Z,AUD/USD,SELL,2026-05-25T00:47:00.000Z,2942,-9.699999999999154
2026-05-25T01:45:00.000Z,USD/JPY,BUY,2026-05-25T01:47:00.000Z,2942,9.999999999999432
2026-05-25T01:45:00.000Z,AUD/JPY,SELL,2026-05-25T01:47:00.000Z,2942,9.999999999999432
2026-05-25T01:45:00.000Z,AUD/USD,SELL,2026-05-25T01:47:00.000Z,2942,10.000000000000009
2026-05-25T02:45:00.000Z,AUD/JPY,SELL,2026-05-25T02:47:00.000Z,2942,9.999999999999432
2026-05-26T00:45:00.000Z,USD/JPY,SELL,2026-05-26T00:47:00.000Z,2942,-26.800000000000068
2026-05-26T02:00:00.000Z,AUD/USD,BUY,2026-05-26T02:02:00.000Z,2942,10.000000000000009
2026-05-26T07:15:00.000Z,EUR/JPY,SELL,2026-05-26T07:17:00.000Z,2942,-42.09999999999923
2026-05-26T10:00:00.000Z,USD/JPY,SELL,2026-05-26T10:02:00.000Z,2942,-20.300000000000296
2026-05-26T10:15:00.000Z,EUR/JPY,SELL,2026-05-26T10:17:00.000Z,2942,10.499999999998977
2026-05-26T14:00:00.000Z,AUD/JPY,SELL,2026-05-26T14:02:00.000Z,2942,12.099999999999511
2026-05-26T14:45:00.000Z,USD/JPY,SELL,2026-05-26T14:47:00.000Z,2942,-17.199999999999704
2026-05-26T16:15:00.000Z,USD/JPY,SELL,2026-05-26T16:17:00.000Z,2942,9.999999999999432
2026-05-26T16:15:00.000Z,EUR/USD,BUY,2026-05-26T16:17:00.000Z,2942,9.999999999998899
2026-05-27T00:00:00.000Z,EUR/USD,SELL,2026-05-27T00:02:00.000Z,2942,11.699999999998933
2026-05-27T00:00:00.000Z,AUD/USD,SELL,2026-05-27T00:02:00.000Z,2942,10.799999999999699
2026-05-27T01:00:00.000Z,AUD/USD,SELL,2026-05-27T01:02:00.000Z,2942,10.000000000000009
2026-05-27T02:15:00.000Z,AUD/JPY,BUY,2026-05-27T02:17:00.000Z,2942,-40.40000000000106
2026-05-27T08:00:00.000Z,EUR/JPY,SELL,2026-05-27T08:02:00.000Z,2942,9.999999999999432
2026-05-27T08:30:00.000Z,AUD/JPY,BUY,2026-05-27T08:32:00.000Z,2942,11.099999999999
2026-05-27T08:45:00.000Z,USD/JPY,SELL,2026-05-27T08:47:00.000Z,2942,9.999999999999432
2026-05-27T08:45:00.000Z,EUR/JPY,SELL,2026-05-27T08:47:00.000Z,2942,9.999999999999432
2026-05-27T09:00:00.000Z,AUD/USD,BUY,2026-05-27T09:02:00.000Z,2942,-23.90000000000003
2026-05-27T11:15:00.000Z,AUD/JPY,BUY,2026-05-27T11:17:00.000Z,2942,9.999999999999432
2026-05-27T11:45:00.000Z,AUD/JPY,BUY,2026-05-27T11:47:00.000Z,2942,10.499999999998977
2026-05-27T11:45:00.000Z,AUD/USD,BUY,2026-05-27T11:47:00.000Z,2942,10.599999999999499
2026-05-27T12:30:00.000Z,AUD/JPY,BUY,2026-05-27T12:32:00.000Z,2942,-29.999999999999716
2026-05-27T12:30:00.000Z,AUD/USD,BUY,2026-05-27T12:32:00.000Z,2942,-21.799999999999596
2026-05-27T13:00:00.000Z,EUR/JPY,SELL,2026-05-27T13:02:00.000Z,2942,10.499999999998977
2026-05-28T02:15:00.000Z,EUR/JPY,BUY,2026-05-28T02:17:00.000Z,2942,11.400000000000432
2026-05-28T02:15:00.000Z,AUD/JPY,BUY,2026-05-28T02:17:00.000Z,2942,10.999999999999943
2026-05-28T02:15:00.000Z,EUR/USD,BUY,2026-05-28T02:17:00.000Z,2942,10.099999999999554
2026-05-28T02:15:00.000Z,AUD/USD,BUY,2026-05-28T02:17:00.000Z,2942,10.200000000000209
2026-05-28T05:00:00.000Z,AUD/USD,BUY,2026-05-28T05:02:00.000Z,2942,11.899999999999133
2026-05-28T05:15:00.000Z,AUD/JPY,BUY,2026-05-28T05:17:00.000Z,2942,9.999999999999432
2026-05-28T05:30:00.000Z,EUR/JPY,BUY,2026-05-28T05:32:00.000Z,2942,0
2026-05-28T05:30:00.000Z,EUR/USD,BUY,2026-05-28T05:32:00.000Z,2942,0
2026-05-28T13:15:00.000Z,EUR/JPY,SELL,2026-05-28T13:17:00.000Z,2942,11.299999999999955
2026-05-28T13:15:00.000Z,EUR/USD,SELL,2026-05-28T13:17:00.000Z,2942,-16.599999999999948
2026-05-28T14:00:00.000Z,EUR/JPY,SELL,2026-05-28T14:02:00.000Z,2942,9.999999999999432
2026-05-28T14:00:00.000Z,EUR/USD,SELL,2026-05-28T14:02:00.000Z,2942,-18.499999999999073
2026-05-28T14:45:00.000Z,EUR/JPY,SELL,2026-05-28T14:47:00.000Z,2942,9.999999999999432
2026-05-28T15:00:00.000Z,AUD/JPY,SELL,2026-05-28T15:02:00.000Z,2942,-59.600000000000364
2026-05-28T15:00:00.000Z,EUR/USD,SELL,2026-05-28T15:02:00.000Z,2942,13.399999999998968
2026-05-28T15:00:00.000Z,AUD/USD,SELL,2026-05-28T15:02:00.000Z,2942,-40.40000000000043
2026-05-28T15:30:00.000Z,EUR/USD,SELL,2026-05-28T15:32:00.000Z,2942,10.200000000000209
2026-05-28T15:45:00.000Z,USD/JPY,BUY,2026-05-28T15:47:00.000Z,2942,-4.399999999998272
2026-05-28T17:30:00.000Z,AUD/USD,SELL,2026-05-28T17:32:00.000Z,2942,11.799999999999589
2026-05-28T18:30:00.000Z,AUD/JPY,SELL,2026-05-28T18:32:00.000Z,2942,9.999999999999432
2026-05-28T18:30:00.000Z,AUD/USD,SELL,2026-05-28T18:32:00.000Z,2942,10.000000000000009
2026-05-28T19:45:00.000Z,AUD/JPY,SELL,2026-05-28T19:47:00.000Z,2942,10.499999999998977
2026-05-29T08:30:00.000Z,EUR/JPY,BUY,2026-05-29T08:32:00.000Z,2942,9.999999999999432
2026-05-29T14:30:00.000Z,AUD/USD,SELL,2026-05-29T14:32:00.000Z,2942,-4.1999999999997595
2026-05-29T15:30:00.000Z,AUD/JPY,SELL,2026-05-29T15:32:00.000Z,2942,11.199999999999477
2026-05-29T15:30:00.000Z,AUD/USD,SELL,2026-05-29T15:32:00.000Z,2942,11.400000000000299
2026-05-29T16:15:00.000Z,EUR/JPY,SELL,2026-05-29T16:17:00.000Z,2942,9.999999999999432
2026-05-29T16:15:00.000Z,EUR/USD,SELL,2026-05-29T16:17:00.000Z,2942,4.60000000000127
2026-05-31T23:00:00.000Z,USD/JPY,SELL,2026-05-31T23:02:00.000Z,2943,-27.299999999999613
2026-06-01T01:45:00.000Z,USD/JPY,SELL,2026-06-01T01:47:00.000Z,2943,-21.699999999998454
2026-06-01T01:45:00.000Z,EUR/USD,BUY,2026-06-01T01:47:00.000Z,2943,11.399999999999189
2026-06-01T02:15:00.000Z,USD/JPY,SELL,2026-06-01T02:17:00.000Z,2943,-23.30000000000041
2026-06-01T07:15:00.000Z,EUR/JPY,SELL,2026-06-01T07:17:00.000Z,2943,10.699999999999932
2026-06-01T07:15:00.000Z,EUR/USD,SELL,2026-06-01T07:17:00.000Z,2943,10.799999999999699
2026-06-01T14:45:00.000Z,USD/JPY,SELL,2026-06-01T14:47:00.000Z,2943,10.200000000000387
2026-06-01T14:45:00.000Z,EUR/JPY,BUY,2026-06-01T14:47:00.000Z,2943,10.099999999999909
2026-06-01T15:15:00.000Z,USD/JPY,SELL,2026-06-01T15:17:00.000Z,2943,9.999999999999432
2026-06-01T15:15:00.000Z,AUD/JPY,BUY,2026-06-01T15:17:00.000Z,2943,9.999999999999432
2026-06-01T15:15:00.000Z,AUD/USD,BUY,2026-06-01T15:17:00.000Z,2943,0
2026-06-01T15:30:00.000Z,EUR/USD,BUY,2026-06-01T15:32:00.000Z,2943,9.999999999998899
2026-06-02T07:15:00.000Z,EUR/USD,SELL,2026-06-02T07:17:00.000Z,2943,9.999999999998899
2026-06-02T08:00:00.000Z,EUR/JPY,SELL,2026-06-02T08:02:00.000Z,2943,9.999999999999432
2026-06-02T09:00:00.000Z,AUD/JPY,SELL,2026-06-02T09:02:00.000Z,2943,9.999999999999432
2026-06-02T09:00:00.000Z,AUD/USD,SELL,2026-06-02T09:02:00.000Z,2943,10.000000000000009
2026-06-02T12:15:00.000Z,EUR/JPY,SELL,2026-06-02T12:17:00.000Z,2943,15.800000000001546
2026-06-02T13:15:00.000Z,EUR/JPY,SELL,2026-06-02T13:17:00.000Z,2943,11.7999999999995
2026-06-02T14:45:00.000Z,USD/JPY,SELL,2026-06-02T14:47:00.000Z,2943,11.000000000001364
2026-06-02T16:00:00.000Z,USD/JPY,SELL,2026-06-02T16:02:00.000Z,2943,10.200000000000387
2026-06-02T17:00:00.000Z,USD/JPY,SELL,2026-06-02T17:02:00.000Z,2943,10.199999999997544
2026-06-02T18:30:00.000Z,EUR/JPY,BUY,2026-06-02T18:32:00.000Z,2943,-28.000000000000114
2026-06-02T18:45:00.000Z,USD/JPY,SELL,2026-06-02T18:47:00.000Z,2943,9.999999999999432
2026-06-02T18:45:00.000Z,EUR/USD,BUY,2026-06-02T18:47:00.000Z,2943,-26.89999999999859
2026-06-03T05:15:00.000Z,AUD/JPY,BUY,2026-06-03T05:17:00.000Z,2943,-66.70000000000016
2026-06-03T07:00:00.000Z,EUR/JPY,BUY,2026-06-03T07:02:00.000Z,2943,-16.800000000000637
2026-06-03T07:00:00.000Z,AUD/JPY,BUY,2026-06-03T07:02:00.000Z,2943,-43.80000000000024
2026-06-03T07:00:00.000Z,EUR/USD,BUY,2026-06-03T07:02:00.000Z,2943,-4.3999999999999595
2026-06-03T07:00:00.000Z,AUD/USD,BUY,2026-06-03T07:02:00.000Z,2943,11.499999999999844
2026-06-03T08:00:00.000Z,USD/JPY,BUY,2026-06-03T08:02:00.000Z,2943,14.400000000000546
2026-06-03T09:15:00.000Z,EUR/JPY,BUY,2026-06-03T09:17:00.000Z,2943,12.899999999999068
2026-06-03T09:15:00.000Z,AUD/JPY,BUY,2026-06-03T09:17:00.000Z,2943,11.199999999999477
2026-06-03T13:15:00.000Z,EUR/USD,BUY,2026-06-03T13:17:00.000Z,2943,9.999999999998899
2026-06-03T14:15:00.000Z,AUD/JPY,BUY,2026-06-03T14:17:00.000Z,2943,-9.900000000000375
2026-06-03T14:15:00.000Z,AUD/USD,BUY,2026-06-03T14:17:00.000Z,2943,-4.999999999999449
2026-06-03T17:00:00.000Z,AUD/JPY,BUY,2026-06-03T17:02:00.000Z,2943,6.499999999999773
2026-06-03T17:00:00.000Z,AUD/USD,BUY,2026-06-03T17:02:00.000Z,2943,10.700000000000154
2026-06-03T17:45:00.000Z,AUD/JPY,BUY,2026-06-03T17:47:00.000Z,2943,9.999999999999432
2026-06-03T17:45:00.000Z,AUD/USD,BUY,2026-06-03T17:47:00.000Z,2943,10.299999999999754
2026-06-03T21:00:00.000Z,AUD/USD,BUY,2026-06-03T21:10:00.000Z,2943,10.000000000000009
2026-06-04T10:00:00.000Z,EUR/USD,SELL,2026-06-04T10:02:00.000Z,2943,10.399999999999299
2026-06-04T10:30:00.000Z,EUR/USD,SELL,2026-06-04T10:32:00.000Z,2943,10.699999999999044
2026-06-04T11:00:00.000Z,EUR/USD,SELL,2026-06-04T11:02:00.000Z,2943,11.600000000000499
2026-06-04T12:00:00.000Z,EUR/JPY,SELL,2026-06-04T12:02:00.000Z,2943,12.09999999999809
2026-06-04T12:15:00.000Z,EUR/USD,SELL,2026-06-04T12:17:00.000Z,2943,10.799999999997478
2026-06-04T12:15:00.000Z,AUD/USD,SELL,2026-06-04T12:17:00.000Z,2943,10.000000000000009
2026-06-04T13:00:00.000Z,EUR/JPY,SELL,2026-06-04T13:02:00.000Z,2943,10.799999999997567
2026-06-04T14:15:00.000Z,EUR/JPY,SELL,2026-06-04T14:17:00.000Z,2943,11.599999999998545
2026-06-04T20:00:00.000Z,EUR/USD,BUY,2026-06-04T20:02:00.000Z,2943,9.999999999998899
2026-06-04T20:45:00.000Z,EUR/USD,BUY,2026-06-04T20:47:00.000Z,2943,9.999999999998899
2026-06-05T00:45:00.000Z,AUD/USD,BUY,2026-06-05T00:47:00.000Z,2943,10.000000000000009
2026-06-05T01:30:00.000Z,EUR/JPY,BUY,2026-06-05T01:32:00.000Z,2943,9.999999999999432
2026-06-05T02:00:00.000Z,AUD/JPY,BUY,2026-06-05T02:02:00.000Z,2943,11.7999999999995
2026-06-05T02:00:00.000Z,AUD/USD,BUY,2026-06-05T02:02:00.000Z,2943,11.200000000000099
2026-06-05T11:00:00.000Z,EUR/JPY,SELL,2026-06-05T11:02:00.000Z,2943,0
2026-06-05T11:00:00.000Z,EUR/USD,SELL,2026-06-05T11:02:00.000Z,2943,9.999999999998899
2026-06-05T12:15:00.000Z,USD/JPY,BUY,2026-06-05T12:17:00.000Z,2943,9.999999999999432
2026-06-05T13:15:00.000Z,USD/JPY,SELL,2026-06-05T13:17:00.000Z,2943,9.999999999999432
2026-06-05T15:00:00.000Z,AUD/JPY,BUY,2026-06-05T15:02:00.000Z,2943,-57.20000000000027
2026-06-05T15:30:00.000Z,USD/JPY,SELL,2026-06-05T15:32:00.000Z,2943,9.999999999999432
2026-06-05T17:00:00.000Z,AUD/JPY,BUY,2026-06-05T17:02:00.000Z,2943,-26.300000000000523
2026-06-05T17:00:00.000Z,AUD/USD,BUY,2026-06-05T17:02:00.000Z,2943,-18.799999999999926
2026-06-05T20:00:00.000Z,EUR/USD,BUY,2026-06-05T20:02:00.000Z,2943,-4.300000000001525
2026-06-05T20:30:00.000Z,EUR/USD,BUY,2026-06-05T20:32:00.000Z,2943,-2.6999999999999247
2026-06-05T20:45:00.000Z,EUR/JPY,BUY,2026-06-05T20:47:00.000Z,2943,0
2026-06-05T20:45:00.000Z,AUD/JPY,BUY,2026-06-05T20:47:00.000Z,2943,0
2026-06-07T23:15:00.000Z,EUR/USD,BUY,2026-06-07T23:17:00.000Z,2944,9.999999999998899
2026-06-07T23:15:00.000Z,AUD/USD,BUY,2026-06-07T23:17:00.000Z,2944,10.000000000000009
2026-06-08T10:00:00.000Z,EUR/JPY,BUY,2026-06-08T10:02:00.000Z,2944,12.5
2026-06-08T10:30:00.000Z,USD/JPY,BUY,2026-06-08T10:32:00.000Z,2944,9.999999999999432
2026-06-08T11:45:00.000Z,USD/JPY,BUY,2026-06-08T11:47:00.000Z,2944,9.999999999999432
2026-06-08T13:00:00.000Z,USD/JPY,BUY,2026-06-08T13:02:00.000Z,2944,10.899999999998045
2026-06-08T13:45:00.000Z,EUR/USD,SELL,2026-06-08T13:47:00.000Z,2944,9.999999999998899
2026-06-08T19:15:00.000Z,USD/JPY,SELL,2026-06-08T19:17:00.000Z,2944,9.999999999999432
2026-06-09T00:30:00.000Z,AUD/JPY,BUY,2026-06-09T00:32:00.000Z,2944,10.500000000000398
2026-06-09T00:30:00.000Z,AUD/USD,BUY,2026-06-09T00:32:00.000Z,2944,10.700000000000154
2026-06-09T05:00:00.000Z,EUR/JPY,SELL,2026-06-09T05:02:00.000Z,2944,9.999999999999432
2026-06-09T05:00:00.000Z,EUR/USD,SELL,2026-06-09T05:02:00.000Z,2944,9.999999999998899
2026-06-09T06:30:00.000Z,AUD/USD,SELL,2026-06-09T06:32:00.000Z,2944,10.000000000000009
2026-06-09T11:45:00.000Z,EUR/USD,SELL,2026-06-09T11:47:00.000Z,2944,9.999999999998899
2026-06-09T12:15:00.000Z,EUR/USD,SELL,2026-06-09T12:17:00.000Z,2944,10.399999999999299
2026-06-09T13:30:00.000Z,EUR/JPY,SELL,2026-06-09T13:32:00.000Z,2944,9.999999999999432
2026-06-09T13:30:00.000Z,EUR/USD,SELL,2026-06-09T13:32:00.000Z,2944,9.999999999998899
2026-06-09T15:00:00.000Z,AUD/JPY,BUY,2026-06-09T15:02:00.000Z,2944,-6.799999999999784
2026-06-09T15:00:00.000Z,AUD/USD,BUY,2026-06-09T15:02:00.000Z,2944,-14.199999999999768
2026-06-09T16:00:00.000Z,USD/JPY,SELL,2026-06-09T16:02:00.000Z,2944,-22.999999999998977
2026-06-09T17:00:00.000Z,AUD/JPY,BUY,2026-06-09T17:02:00.000Z,2944,9.999999999999432
2026-06-09T17:00:00.000Z,EUR/USD,BUY,2026-06-09T17:02:00.000Z,2944,9.999999999998899
2026-06-09T17:15:00.000Z,USD/JPY,SELL,2026-06-09T17:17:00.000Z,2944,9.999999999999432
2026-06-09T17:15:00.000Z,AUD/USD,BUY,2026-06-09T17:17:00.000Z,2944,10.000000000000009
2026-06-10T10:00:00.000Z,USD/JPY,SELL,2026-06-10T10:02:00.000Z,2944,9.999999999999432
2026-06-10T12:00:00.000Z,USD/JPY,SELL,2026-06-10T12:02:00.000Z,2944,9.999999999999432
2026-06-10T22:30:00.000Z,AUD/JPY,BUY,2026-06-10T22:32:00.000Z,2944,9.999999999999432
2026-06-10T23:30:00.000Z,AUD/JPY,BUY,2026-06-10T23:32:00.000Z,2944,10.799999999998988
2026-06-11T13:00:00.000Z,AUD/USD,BUY,2026-06-11T13:02:00.000Z,2944,12.100000000000444
2026-06-11T13:30:00.000Z,AUD/JPY,BUY,2026-06-11T13:32:00.000Z,2944,9.999999999999432
2026-06-11T17:30:00.000Z,EUR/JPY,BUY,2026-06-11T17:32:00.000Z,2944,0
2026-06-11T18:00:00.000Z,EUR/USD,SELL,2026-06-11T18:02:00.000Z,2944,-24.299999999999322
2026-06-11T18:15:00.000Z,AUD/USD,SELL,2026-06-11T18:17:00.000Z,2944,-18.90000000000058
2026-06-11T19:00:00.000Z,AUD/USD,SELL,2026-06-11T19:02:00.000Z,2944,-16.5000000000004
2026-06-11T20:45:00.000Z,USD/JPY,BUY,2026-06-11T20:47:00.000Z,2944,0
2026-06-11T20:45:00.000Z,AUD/JPY,SELL,2026-06-11T20:47:00.000Z,2944,9.999999999999432
2026-06-11T20:45:00.000Z,EUR/USD,SELL,2026-06-11T20:47:00.000Z,2944,9.999999999998899
2026-06-11T20:45:00.000Z,AUD/USD,SELL,2026-06-11T20:47:00.000Z,2944,10.000000000000009
2026-06-11T21:15:00.000Z,AUD/JPY,SELL,2026-06-11T21:17:00.000Z,2944,9.999999999999432
2026-06-11T21:15:00.000Z,AUD/USD,SELL,2026-06-11T21:17:00.000Z,2944,10.000000000000009
2026-06-11T21:30:00.000Z,EUR/USD,SELL,2026-06-11T21:32:00.000Z,2944,9.999999999998899
2026-06-11T23:15:00.000Z,EUR/JPY,SELL,2026-06-11T23:17:00.000Z,2944,9.999999999999432
2026-06-11T23:15:00.000Z,EUR/USD,SELL,2026-06-11T23:17:00.000Z,2944,9.999999999998899
2026-06-11T23:15:00.000Z,AUD/USD,SELL,2026-06-11T23:17:00.000Z,2944,10.000000000000009
2026-06-11T23:30:00.000Z,AUD/JPY,SELL,2026-06-11T23:32:00.000Z,2944,9.999999999999432
2026-06-12T00:15:00.000Z,AUD/JPY,SELL,2026-06-12T00:17:00.000Z,2944,9.999999999999432
2026-06-12T09:45:00.000Z,USD/JPY,BUY,2026-06-12T09:47:00.000Z,2944,10.099999999999909
2026-06-14T22:30:00.000Z,AUD/JPY,SELL,2026-06-14T22:32:00.000Z,2945,-15.800000000000125
2026-06-14T22:45:00.000Z,EUR/JPY,SELL,2026-06-14T22:47:00.000Z,2945,-19.200000000000728
2026-06-14T22:45:00.000Z,AUD/USD,SELL,2026-06-14T22:47:00.000Z,2945,10.000000000000009
2026-06-14T23:00:00.000Z,USD/JPY,BUY,2026-06-14T23:02:00.000Z,2945,10.299999999998022
2026-06-14T23:30:00.000Z,EUR/USD,SELL,2026-06-14T23:32:00.000Z,2945,9.999999999998899
2026-06-15T00:00:00.000Z,EUR/USD,SELL,2026-06-15T00:02:00.000Z,2945,13.299999999998313
2026-06-15T00:30:00.000Z,EUR/USD,SELL,2026-06-15T00:32:00.000Z,2945,9.999999999998899
2026-06-15T02:15:00.000Z,EUR/JPY,SELL,2026-06-15T02:17:00.000Z,2945,9.999999999999432
2026-06-15T04:00:00.000Z,AUD/JPY,SELL,2026-06-15T04:02:00.000Z,2945,9.999999999999432
2026-06-15T05:45:00.000Z,EUR/JPY,SELL,2026-06-15T05:47:00.000Z,2945,11.7999999999995
2026-06-15T05:45:00.000Z,EUR/USD,SELL,2026-06-15T05:47:00.000Z,2945,11.399999999999189
2026-06-15T15:15:00.000Z,AUD/USD,SELL,2026-06-15T15:17:00.000Z,2945,0
2026-06-15T15:30:00.000Z,AUD/JPY,SELL,2026-06-15T15:32:00.000Z,2945,9.999999999999432
2026-06-15T20:15:00.000Z,USD/JPY,SELL,2026-06-15T20:17:00.000Z,2945,9.999999999999432
2026-06-15T20:15:00.000Z,EUR/USD,BUY,2026-06-15T20:17:00.000Z,2945,9.999999999998899
2026-06-16T02:00:00.000Z,USD/JPY,BUY,2026-06-16T02:02:00.000Z,2945,9.999999999999432
2026-06-16T03:00:00.000Z,AUD/JPY,BUY,2026-06-16T03:02:00.000Z,2945,11.499999999999488
2026-06-16T03:30:00.000Z,USD/JPY,BUY,2026-06-16T03:32:00.000Z,2945,9.999999999999432
2026-06-16T03:30:00.000Z,EUR/JPY,BUY,2026-06-16T03:32:00.000Z,2945,9.999999999999432
2026-06-16T03:30:00.000Z,AUD/JPY,BUY,2026-06-16T03:32:00.000Z,2945,9.999999999999432
2026-06-16T05:30:00.000Z,AUD/USD,BUY,2026-06-16T05:32:00.000Z,2945,10.000000000000009
2026-06-16T09:30:00.000Z,EUR/JPY,SELL,2026-06-16T09:32:00.000Z,2945,11.7999999999995
2026-06-16T09:30:00.000Z,EUR/USD,SELL,2026-06-16T09:32:00.000Z,2945,10.900000000000354
2026-06-16T11:15:00.000Z,AUD/JPY,SELL,2026-06-16T11:17:00.000Z,2945,9.999999999999432
2026-06-16T11:15:00.000Z,EUR/USD,SELL,2026-06-16T11:17:00.000Z,2945,9.999999999998899
2026-06-16T11:15:00.000Z,AUD/USD,SELL,2026-06-16T11:17:00.000Z,2945,10.000000000000009
2026-06-16T11:30:00.000Z,EUR/JPY,SELL,2026-06-16T11:32:00.000Z,2945,11.400000000000432
2026-06-16T14:30:00.000Z,AUD/JPY,SELL,2026-06-16T14:32:00.000Z,2945,9.999999999999432
2026-06-16T16:30:00.000Z,EUR/JPY,SELL,2026-06-16T16:32:00.000Z,2945,10.099999999999909
2026-06-17T04:30:00.000Z,USD/JPY,BUY,2026-06-17T04:32:00.000Z,2945,10.499999999998977
2026-06-17T05:15:00.000Z,USD/JPY,BUY,2026-06-17T05:17:00.000Z,2945,10.900000000000887
2026-06-17T06:45:00.000Z,AUD/JPY,BUY,2026-06-17T06:47:00.000Z,2945,10.39999999999992
2026-06-17T06:45:00.000Z,AUD/USD,BUY,2026-06-17T06:47:00.000Z,2945,10.099999999999554
2026-06-17T07:15:00.000Z,EUR/JPY,BUY,2026-06-17T07:17:00.000Z,2945,-124.10000000000139
2026-06-17T08:30:00.000Z,USD/JPY,BUY,2026-06-17T08:32:00.000Z,2945,10.299999999998022
2026-06-17T09:00:00.000Z,USD/JPY,BUY,2026-06-17T09:02:00.000Z,2945,9.999999999999432
2026-06-17T09:00:00.000Z,EUR/JPY,BUY,2026-06-17T09:02:00.000Z,2945,-135.49999999999898
2026-06-17T09:00:00.000Z,AUD/JPY,BUY,2026-06-17T09:02:00.000Z,2945,9.999999999999432
2026-06-17T12:00:00.000Z,EUR/USD,BUY,2026-06-17T12:02:00.000Z,2945,9.999999999998899
2026-06-17T15:00:00.000Z,AUD/USD,SELL,2026-06-17T15:02:00.000Z,2945,10.000000000000009
2026-06-17T18:30:00.000Z,AUD/JPY,BUY,2026-06-17T18:32:00.000Z,2945,9.999999999999432
2026-06-17T18:45:00.000Z,USD/JPY,SELL,2026-06-17T18:47:00.000Z,2945,-108.89999999999986
2026-06-17T18:45:00.000Z,EUR/JPY,BUY,2026-06-17T18:47:00.000Z,2945,-25.200000000000955
2026-06-17T18:45:00.000Z,EUR/USD,BUY,2026-06-17T18:47:00.000Z,2945,-93.49999999999969
2026-06-17T18:45:00.000Z,AUD/USD,BUY,2026-06-17T18:47:00.000Z,2945,-36.80000000000017
2026-06-17T20:15:00.000Z,AUD/JPY,BUY,2026-06-17T20:17:00.000Z,2945,9.999999999999432
2026-06-17T20:30:00.000Z,USD/JPY,SELL,2026-06-17T20:32:00.000Z,2945,9.999999999999432
2026-06-17T20:30:00.000Z,AUD/USD,BUY,2026-06-17T20:32:00.000Z,2945,10.000000000000009
2026-06-17T20:45:00.000Z,EUR/JPY,BUY,2026-06-17T20:47:00.000Z,2945,9.999999999999432
2026-06-17T21:15:00.000Z,EUR/JPY,BUY,2026-06-17T21:17:00.000Z,2945,9.999999999999432
2026-06-17T21:30:00.000Z,EUR/USD,BUY,2026-06-17T21:32:00.000Z,2945,9.999999999998899
2026-06-17T22:00:00.000Z,EUR/JPY,BUY,2026-06-17T22:02:00.000Z,2945,9.999999999999432
2026-06-17T22:00:00.000Z,EUR/USD,BUY,2026-06-17T22:02:00.000Z,2945,9.999999999998899
2026-06-18T09:15:00.000Z,USD/JPY,SELL,2026-06-18T09:17:00.000Z,2945,-58.29999999999984
2026-06-18T09:30:00.000Z,AUD/JPY,BUY,2026-06-18T09:32:00.000Z,2945,9.999999999999432
2026-06-18T09:45:00.000Z,EUR/JPY,BUY,2026-06-18T09:47:00.000Z,2945,9.999999999999432
2026-06-18T09:45:00.000Z,AUD/USD,BUY,2026-06-18T09:47:00.000Z,2945,10.199999999999099
2026-06-18T10:30:00.000Z,USD/JPY,SELL,2026-06-18T10:32:00.000Z,2945,-47.20000000000084
2026-06-18T11:15:00.000Z,AUD/USD,BUY,2026-06-18T11:17:00.000Z,2945,10.200000000000209
2026-06-18T11:30:00.000Z,EUR/JPY,BUY,2026-06-18T11:32:00.000Z,2945,10.099999999999909
2026-06-18T12:15:00.000Z,USD/JPY,SELL,2026-06-18T12:17:00.000Z,2945,-30.599999999998317
2026-06-18T12:15:00.000Z,EUR/JPY,BUY,2026-06-18T12:17:00.000Z,2945,13.700000000000045
2026-06-18T12:15:00.000Z,EUR/USD,BUY,2026-06-18T12:17:00.000Z,2945,13.799999999999368
2026-06-18T12:15:00.000Z,AUD/USD,BUY,2026-06-18T12:17:00.000Z,2945,11.900000000000244
2026-06-18T16:15:00.000Z,EUR/JPY,SELL,2026-06-18T16:17:00.000Z,2945,11.100000000001842
2026-06-18T17:30:00.000Z,AUD/JPY,SELL,2026-06-18T17:32:00.000Z,2945,10.899999999999466
2026-06-18T19:45:00.000Z,USD/JPY,SELL,2026-06-18T19:47:00.000Z,2945,9.999999999999432
2026-06-19T01:45:00.000Z,EUR/JPY,BUY,2026-06-19T01:47:00.000Z,2945,9.999999999999432
2026-06-19T02:15:00.000Z,AUD/JPY,BUY,2026-06-19T02:17:00.000Z,2945,10.599999999999454
2026-06-19T03:45:00.000Z,EUR/USD,BUY,2026-06-19T03:47:00.000Z,2945,9.999999999998899
2026-06-19T04:30:00.000Z,AUD/USD,BUY,2026-06-19T04:32:00.000Z,2945,10.000000000000009
2026-06-19T05:45:00.000Z,AUD/USD,BUY,2026-06-19T05:47:00.000Z,2945,0
2026-06-19T06:00:00.000Z,EUR/JPY,BUY,2026-06-19T06:02:00.000Z,2945,0
2026-06-19T06:00:00.000Z,EUR/USD,BUY,2026-06-19T06:02:00.000Z,2945,9.999999999998899
2026-06-19T09:15:00.000Z,EUR/JPY,SELL,2026-06-19T09:17:00.000Z,2945,12.100000000000932
2026-06-22T00:00:00.000Z,USD/JPY,SELL,2026-06-22T00:02:00.000Z,2946,10.900000000000887
2026-06-22T02:00:00.000Z,AUD/JPY,SELL,2026-06-22T02:02:00.000Z,2946,9.999999999999432
2026-06-22T05:30:00.000Z,USD/JPY,SELL,2026-06-22T05:32:00.000Z,2946,10.699999999999932
2026-06-22T06:15:00.000Z,USD/JPY,SELL,2026-06-22T06:17:00.000Z,2946,9.999999999999432
2026-06-22T08:00:00.000Z,USD/JPY,SELL,2026-06-22T08:02:00.000Z,2946,9.999999999999432
2026-06-22T08:30:00.000Z,USD/JPY,SELL,2026-06-22T08:32:00.000Z,2946,9.999999999999432
2026-06-22T13:00:00.000Z,AUD/JPY,SELL,2026-06-22T13:02:00.000Z,2946,10.500000000000398
2026-06-22T14:15:00.000Z,USD/JPY,SELL,2026-06-22T14:17:00.000Z,2946,9.999999999999432
2026-06-22T14:15:00.000Z,EUR/USD,BUY,2026-06-22T14:17:00.000Z,2946,9.999999999998899
2026-06-22T14:30:00.000Z,EUR/JPY,BUY,2026-06-22T14:32:00.000Z,2946,-108.19999999999936
2026-06-22T15:30:00.000Z,USD/JPY,BUY,2026-06-22T15:32:00.000Z,2946,9.999999999999432
2026-06-22T15:30:00.000Z,EUR/JPY,BUY,2026-06-22T15:32:00.000Z,2946,9.999999999999432
2026-06-22T15:30:00.000Z,AUD/JPY,BUY,2026-06-22T15:32:00.000Z,2946,-125.50000000000097
2026-06-22T16:00:00.000Z,EUR/JPY,BUY,2026-06-22T16:02:00.000Z,2946,11.999999999997613
2026-06-22T17:00:00.000Z,EUR/JPY,BUY,2026-06-22T17:02:00.000Z,2946,10.699999999999932
2026-06-22T19:15:00.000Z,EUR/JPY,BUY,2026-06-22T19:17:00.000Z,2946,9.999999999999432
2026-06-22T20:00:00.000Z,EUR/USD,BUY,2026-06-22T20:02:00.000Z,2946,9.999999999998899
2026-06-23T00:45:00.000Z,AUD/JPY,BUY,2026-06-23T00:47:00.000Z,2946,-116.80000000000064
2026-06-23T00:45:00.000Z,AUD/USD,BUY,2026-06-23T00:47:00.000Z,2946,-73.60000000000034
2026-06-23T02:15:00.000Z,AUD/USD,BUY,2026-06-23T02:17:00.000Z,2946,-65.70000000000076
2026-06-23T04:00:00.000Z,AUD/JPY,BUY,2026-06-23T04:02:00.000Z,2946,-115.09999999999962
2026-06-23T04:00:00.000Z,AUD/USD,BUY,2026-06-23T04:02:00.000Z,2946,-71.30000000000081
2026-06-23T05:45:00.000Z,AUD/JPY,BUY,2026-06-23T05:47:00.000Z,2946,-86.40000000000043
2026-06-23T06:45:00.000Z,USD/JPY,SELL,2026-06-23T06:47:00.000Z,2946,0
2026-06-23T07:15:00.000Z,AUD/USD,BUY,2026-06-23T07:17:00.000Z,2946,-54.89999999999995
2026-06-23T09:15:00.000Z,AUD/USD,BUY,2026-06-23T09:17:00.000Z,2946,-58.79999999999996
2026-06-23T09:30:00.000Z,AUD/JPY,BUY,2026-06-23T09:32:00.000Z,2946,-72.89999999999992
2026-06-23T11:15:00.000Z,EUR/JPY,BUY,2026-06-23T11:17:00.000Z,2946,-70.40000000000077
2026-06-23T11:15:00.000Z,AUD/JPY,BUY,2026-06-23T11:17:00.000Z,2946,-75.39999999999907
2026-06-23T11:45:00.000Z,EUR/JPY,BUY,2026-06-23T11:47:00.000Z,2946,-71.90000000000225
2026-06-23T12:45:00.000Z,EUR/JPY,BUY,2026-06-23T12:47:00.000Z,2946,-69.69999999999743
2026-06-23T13:00:00.000Z,AUD/JPY,BUY,2026-06-23T13:02:00.000Z,2946,-58.200000000000784
2026-06-23T13:00:00.000Z,EUR/USD,BUY,2026-06-23T13:02:00.000Z,2946,10.199999999997988
2026-06-23T13:00:00.000Z,AUD/USD,BUY,2026-06-23T13:02:00.000Z,2946,-43.6000000000003
2026-06-23T16:15:00.000Z,AUD/JPY,BUY,2026-06-23T16:17:00.000Z,2946,-30.699999999998795
2026-06-23T19:15:00.000Z,AUD/JPY,BUY,2026-06-23T19:17:00.000Z,2946,10.799999999998988
2026-06-23T19:15:00.000Z,AUD/USD,BUY,2026-06-23T19:17:00.000Z,2946,-30.800000000000825
2026-06-24T03:15:00.000Z,AUD/JPY,BUY,2026-06-24T03:17:00.000Z,2946,11.899999999998556
2026-06-24T03:15:00.000Z,AUD/USD,BUY,2026-06-24T03:17:00.000Z,2946,10.599999999999499
2026-06-24T03:30:00.000Z,EUR/USD,BUY,2026-06-24T03:32:00.000Z,2946,10.600000000000609
2026-06-24T03:45:00.000Z,EUR/JPY,BUY,2026-06-24T03:47:00.000Z,2946,12.000000000000455
2026-06-24T04:30:00.000Z,EUR/JPY,BUY,2026-06-24T04:32:00.000Z,2946,10.699999999999932
2026-06-24T07:30:00.000Z,USD/JPY,SELL,2026-06-24T07:32:00.000Z,2946,9.999999999999432
2026-06-24T08:30:00.000Z,EUR/USD,BUY,2026-06-24T08:32:00.000Z,2946,9.999999999998899
2026-06-24T10:45:00.000Z,AUD/JPY,BUY,2026-06-24T10:47:00.000Z,2946,10.3999999999985
2026-06-24T10:45:00.000Z,AUD/USD,BUY,2026-06-24T10:47:00.000Z,2946,10.400000000000409
2026-06-24T13:00:00.000Z,EUR/JPY,BUY,2026-06-24T13:02:00.000Z,2946,13.900000000001
2026-06-24T13:30:00.000Z,EUR/JPY,BUY,2026-06-24T13:32:00.000Z,2946,9.999999999999432
2026-06-24T13:30:00.000Z,EUR/USD,BUY,2026-06-24T13:32:00.000Z,2946,9.999999999998899
2026-06-25T01:45:00.000Z,USD/JPY,BUY,2026-06-25T01:47:00.000Z,2946,9.999999999999432
2026-06-25T07:15:00.000Z,USD/JPY,SELL,2026-06-25T07:17:00.000Z,2946,11.699999999999022
2026-06-25T12:00:00.000Z,USD/JPY,SELL,2026-06-25T12:02:00.000Z,2946,11.499999999998067
2026-06-25T12:15:00.000Z,EUR/USD,BUY,2026-06-25T12:17:00.000Z,2946,9.999999999998899
2026-06-26T03:15:00.000Z,AUD/USD,BUY,2026-06-26T03:17:00.000Z,2946,10.300000000000864
2026-06-26T03:45:00.000Z,AUD/USD,BUY,2026-06-26T03:47:00.000Z,2946,11.400000000000299
2026-06-26T04:00:00.000Z,AUD/JPY,BUY,2026-06-26T04:02:00.000Z,2946,9.999999999999432
2026-06-26T06:15:00.000Z,USD/JPY,BUY,2026-06-26T06:17:00.000Z,2946,9.999999999999432
2026-06-26T09:15:00.000Z,EUR/JPY,SELL,2026-06-26T09:17:00.000Z,2946,-4.900000000000659
2026-06-26T09:15:00.000Z,EUR/USD,SELL,2026-06-26T09:17:00.000Z,2946,12.599999999998168
2026-06-26T10:15:00.000Z,EUR/JPY,SELL,2026-06-26T10:17:00.000Z,2946,12.000000000000455
2026-06-26T10:30:00.000Z,EUR/USD,SELL,2026-06-26T10:32:00.000Z,2946,10.300000000000864
2026-06-26T13:15:00.000Z,EUR/USD,SELL,2026-06-26T13:17:00.000Z,2946,9.999999999998899
2026-06-26T14:15:00.000Z,EUR/JPY,SELL,2026-06-26T14:17:00.000Z,2946,10.499999999998977
2026-06-26T14:15:00.000Z,EUR/USD,SELL,2026-06-26T14:17:00.000Z,2946,12.099999999999334
2026-06-26T14:45:00.000Z,AUD/JPY,SELL,2026-06-26T14:47:00.000Z,2946,14.19999999999959
2026-06-29T00:45:00.000Z,AUD/JPY,BUY,2026-06-29T00:47:00.000Z,2947,14.099999999999113
2026-06-29T00:45:00.000Z,AUD/USD,BUY,2026-06-29T00:47:00.000Z,2947,12.600000000000389
2026-06-29T07:15:00.000Z,EUR/USD,SELL,2026-06-29T07:17:00.000Z,2947,10.399999999999299
2026-06-29T08:00:00.000Z,EUR/JPY,SELL,2026-06-29T08:02:00.000Z,2947,13.09999999999718
2026-06-29T14:15:00.000Z,USD/JPY,SELL,2026-06-29T14:17:00.000Z,2947,-51.80000000000007
2026-06-29T14:15:00.000Z,EUR/JPY,SELL,2026-06-29T14:17:00.000Z,2947,-56.800000000001205
2026-06-29T14:30:00.000Z,AUD/JPY,BUY,2026-06-29T14:32:00.000Z,2947,9.999999999999432
2026-06-29T14:30:00.000Z,AUD/USD,BUY,2026-06-29T14:32:00.000Z,2947,10.000000000000009
2026-06-29T15:15:00.000Z,EUR/JPY,SELL,2026-06-29T15:17:00.000Z,2947,13.299999999998136
2026-06-29T15:15:00.000Z,EUR/USD,SELL,2026-06-29T15:17:00.000Z,2947,12.199999999997768
2026-06-29T15:45:00.000Z,EUR/JPY,SELL,2026-06-29T15:47:00.000Z,2947,14.000000000001478
2026-06-29T17:30:00.000Z,EUR/JPY,SELL,2026-06-29T17:32:00.000Z,2947,9.999999999999432
2026-06-29T17:30:00.000Z,EUR/USD,SELL,2026-06-29T17:32:00.000Z,2947,9.999999999998899
2026-06-29T18:30:00.000Z,EUR/JPY,SELL,2026-06-29T18:32:00.000Z,2947,9.999999999999432
2026-06-29T19:00:00.000Z,EUR/JPY,SELL,2026-06-29T19:02:00.000Z,2947,9.999999999999432
2026-06-30T01:00:00.000Z,AUD/JPY,BUY,2026-06-30T01:02:00.000Z,2947,11.499999999999488
2026-06-30T01:30:00.000Z,USD/JPY,SELL,2026-06-30T01:32:00.000Z,2947,-54.39999999999827
2026-06-30T01:30:00.000Z,EUR/USD,BUY,2026-06-30T01:32:00.000Z,2947,9.999999999998899
2026-06-30T01:30:00.000Z,AUD/USD,BUY,2026-06-30T01:32:00.000Z,2947,10.000000000000009
2026-06-30T04:45:00.000Z,EUR/USD,BUY,2026-06-30T04:47:00.000Z,2947,11.499999999997623
2026-06-30T05:45:00.000Z,EUR/USD,BUY,2026-06-30T05:47:00.000Z,2947,10.799999999999699
2026-06-30T06:15:00.000Z,EUR/USD,BUY,2026-06-30T06:17:00.000Z,2947,9.999999999998899
2026-06-30T06:30:00.000Z,USD/JPY,SELL,2026-06-30T06:32:00.000Z,2947,13.09999999999718
2026-06-30T09:30:00.000Z,AUD/JPY,SELL,2026-06-30T09:32:00.000Z,2947,-42.200000000001125
2026-06-30T12:45:00.000Z,USD/JPY,SELL,2026-06-30T12:47:00.000Z,2947,-30.60000000000116
2026-06-30T13:00:00.000Z,AUD/JPY,SELL,2026-06-30T13:02:00.000Z,2947,-34.70000000000084
2026-06-30T15:15:00.000Z,EUR/USD,SELL,2026-06-30T15:17:00.000Z,2947,9.999999999998899
2026-06-30T15:30:00.000Z,AUD/USD,SELL,2026-06-30T15:32:00.000Z,2947,10.400000000000409
2026-06-30T16:00:00.000Z,USD/JPY,SELL,2026-06-30T16:02:00.000Z,2947,10.200000000000387
2026-06-30T16:30:00.000Z,EUR/JPY,SELL,2026-06-30T16:32:00.000Z,2947,9.999999999999432
2026-06-30T18:45:00.000Z,EUR/JPY,SELL,2026-06-30T18:47:00.000Z,2947,11.099999999999
2026-06-30T18:45:00.000Z,AUD/USD,SELL,2026-06-30T18:47:00.000Z,2947,11.300000000000754
2026-06-30T19:30:00.000Z,AUD/USD,SELL,2026-06-30T19:32:00.000Z,2947,10.700000000000154
2026-06-30T20:15:00.000Z,AUD/USD,SELL,2026-06-30T20:17:00.000Z,2947,10.000000000000009
2026-06-30T20:45:00.000Z,AUD/JPY,SELL,2026-06-30T20:47:00.000Z,2947,0
2026-07-01T01:30:00.000Z,EUR/USD,BUY,2026-07-01T01:32:00.000Z,2947,-26.800000000000157
2026-07-01T02:15:00.000Z,EUR/USD,BUY,2026-07-01T02:17:00.000Z,2947,-19.100000000000783
2026-07-01T02:45:00.000Z,AUD/JPY,BUY,2026-07-01T02:47:00.000Z,2947,9.999999999999432
2026-07-01T04:00:00.000Z,AUD/USD,BUY,2026-07-01T04:02:00.000Z,2947,10.600000000000609
2026-07-01T07:45:00.000Z,EUR/JPY,BUY,2026-07-01T07:47:00.000Z,2947,9.999999999999432
2026-07-01T07:45:00.000Z,EUR/USD,BUY,2026-07-01T07:47:00.000Z,2947,9.999999999998899
2026-07-01T13:30:00.000Z,EUR/JPY,BUY,2026-07-01T13:32:00.000Z,2947,9.999999999999432
2026-07-01T13:30:00.000Z,EUR/USD,BUY,2026-07-01T13:32:00.000Z,2947,9.999999999998899
2026-07-01T14:30:00.000Z,USD/JPY,BUY,2026-07-01T14:32:00.000Z,2947,16.899999999998272
2026-07-01T15:00:00.000Z,USD/JPY,BUY,2026-07-01T15:02:00.000Z,2947,10.899999999998045
2026-07-02T00:30:00.000Z,AUD/JPY,BUY,2026-07-02T00:32:00.000Z,2947,9.999999999999432
2026-07-02T04:30:00.000Z,USD/JPY,BUY,2026-07-02T04:32:00.000Z,2947,-125
2026-07-02T09:15:00.000Z,EUR/JPY,BUY,2026-07-02T09:17:00.000Z,2947,13.100000000000023
2026-07-02T09:15:00.000Z,AUD/JPY,BUY,2026-07-02T09:17:00.000Z,2947,11.699999999999022
2026-07-02T09:30:00.000Z,EUR/USD,SELL,2026-07-02T09:32:00.000Z,2947,9.999999999998899
2026-07-02T09:45:00.000Z,AUD/JPY,BUY,2026-07-02T09:47:00.000Z,2947,10.999999999999943
2026-07-02T10:15:00.000Z,USD/JPY,BUY,2026-07-02T10:17:00.000Z,2947,9.999999999999432
2026-07-02T10:15:00.000Z,EUR/JPY,BUY,2026-07-02T10:17:00.000Z,2947,9.999999999999432
2026-07-02T13:00:00.000Z,USD/JPY,BUY,2026-07-02T13:02:00.000Z,2947,9.999999999999432
2026-07-02T13:00:00.000Z,EUR/USD,SELL,2026-07-02T13:02:00.000Z,2947,9.999999999998899
2026-07-02T13:00:00.000Z,AUD/USD,SELL,2026-07-02T13:02:00.000Z,2947,10.000000000000009
2026-07-02T14:30:00.000Z,AUD/USD,SELL,2026-07-02T14:32:00.000Z,2947,11.999999999999789
2026-07-03T00:30:00.000Z,USD/JPY,SELL,2026-07-03T00:32:00.000Z,2947,9.999999999999432
2026-07-03T00:30:00.000Z,EUR/JPY,SELL,2026-07-03T00:32:00.000Z,2947,9.999999999999432
2026-07-03T06:00:00.000Z,EUR/USD,SELL,2026-07-03T06:02:00.000Z,2947,9.999999999998899
2026-07-03T07:00:00.000Z,USD/JPY,BUY,2026-07-03T07:02:00.000Z,2947,9.999999999999432
2026-07-03T07:00:00.000Z,EUR/USD,SELL,2026-07-03T07:02:00.000Z,2947,9.999999999998899
2026-07-03T07:00:00.000Z,AUD/USD,SELL,2026-07-03T07:02:00.000Z,2947,2.9999999999996696
2026-07-03T17:00:00.000Z,USD/JPY,SELL,2026-07-03T17:02:00.000Z,2947,-8.29999999999984
2026-07-05T23:00:00.000Z,USD/JPY,SELL,2026-07-05T23:02:00.000Z,2948,-60.09999999999991
2026-07-05T23:45:00.000Z,AUD/JPY,SELL,2026-07-05T23:47:00.000Z,2948,-77.7000000000001
2026-07-06T00:30:00.000Z,USD/JPY,SELL,2026-07-06T00:32:00.000Z,2948,-65.10000000000105
2026-07-06T01:00:00.000Z,AUD/JPY,SELL,2026-07-06T01:02:00.000Z,2948,-61.599999999999966
2026-07-06T02:00:00.000Z,AUD/JPY,SELL,2026-07-06T02:02:00.000Z,2948,13.599999999999568
2026-07-06T06:45:00.000Z,EUR/JPY,SELL,2026-07-06T06:47:00.000Z,2948,14.499999999998181
2026-07-06T07:45:00.000Z,USD/JPY,SELL,2026-07-06T07:47:00.000Z,2948,9.999999999999432
2026-07-06T07:45:00.000Z,EUR/JPY,SELL,2026-07-06T07:47:00.000Z,2948,9.999999999999432
2026-07-06T08:30:00.000Z,USD/JPY,SELL,2026-07-06T08:32:00.000Z,2948,11.50000000000091
2026-07-06T09:45:00.000Z,AUD/JPY,SELL,2026-07-06T09:47:00.000Z,2948,11.499999999999488
2026-07-06T10:15:00.000Z,USD/JPY,SELL,2026-07-06T10:17:00.000Z,2948,12.899999999999068
2026-07-06T12:00:00.000Z,AUD/JPY,SELL,2026-07-06T12:02:00.000Z,2948,11.199999999998056
2026-07-06T12:30:00.000Z,AUD/JPY,SELL,2026-07-06T12:32:00.000Z,2948,9.999999999999432
2026-07-06T13:15:00.000Z,USD/JPY,SELL,2026-07-06T13:17:00.000Z,2948,9.999999999999432
2026-07-06T17:30:00.000Z,EUR/JPY,SELL,2026-07-06T17:32:00.000Z,2948,11.599999999998545
2026-07-06T17:30:00.000Z,AUD/JPY,SELL,2026-07-06T17:32:00.000Z,2948,12.699999999999534
2026-07-06T18:00:00.000Z,EUR/USD,SELL,2026-07-06T18:02:00.000Z,2948,11.699999999998933
2026-07-06T18:00:00.000Z,AUD/USD,SELL,2026-07-06T18:02:00.000Z,2948,11.700000000000044
2026-07-06T19:15:00.000Z,USD/JPY,BUY,2026-07-06T19:17:00.000Z,2948,3.6000000000001364
2026-07-06T19:15:00.000Z,EUR/USD,SELL,2026-07-06T19:17:00.000Z,2948,9.999999999998899
2026-07-06T20:15:00.000Z,AUD/USD,SELL,2026-07-06T20:17:00.000Z,2948,10.000000000000009
2026-07-06T22:15:00.000Z,EUR/USD,SELL,2026-07-06T22:17:00.000Z,2948,9.999999999998899
2026-07-07T02:30:00.000Z,USD/JPY,BUY,2026-07-07T02:32:00.000Z,2948,9.999999999999432
2026-07-07T02:30:00.000Z,EUR/JPY,BUY,2026-07-07T02:32:00.000Z,2948,3.6000000000001364
2026-07-07T03:45:00.000Z,USD/JPY,BUY,2026-07-07T03:47:00.000Z,2948,10.999999999998522
2026-07-07T05:00:00.000Z,USD/JPY,BUY,2026-07-07T05:02:00.000Z,2948,11.099999999999
2026-07-07T06:00:00.000Z,EUR/JPY,BUY,2026-07-07T06:02:00.000Z,2948,10.400000000001342
2026-07-07T06:00:00.000Z,AUD/JPY,BUY,2026-07-07T06:02:00.000Z,2948,10.499999999998977
2026-07-07T06:00:00.000Z,EUR/USD,BUY,2026-07-07T06:02:00.000Z,2948,10.499999999997733
2026-07-07T06:00:00.000Z,AUD/USD,BUY,2026-07-07T06:02:00.000Z,2948,10.499999999999954
2026-07-07T06:30:00.000Z,EUR/USD,BUY,2026-07-07T06:32:00.000Z,2948,9.999999999998899
2026-07-07T19:45:00.000Z,AUD/USD,BUY,2026-07-07T19:47:00.000Z,2948,10.000000000000009
2026-07-07T21:45:00.000Z,USD/JPY,SELL,2026-07-07T21:47:00.000Z,2948,-48.099999999999454
2026-07-07T23:00:00.000Z,EUR/USD,BUY,2026-07-07T23:02:00.000Z,2948,10.499999999997733
2026-07-07T23:30:00.000Z,EUR/USD,BUY,2026-07-07T23:32:00.000Z,2948,9.999999999998899
2026-07-08T00:15:00.000Z,EUR/USD,BUY,2026-07-08T00:17:00.000Z,2948,10.299999999998644
2026-07-08T00:45:00.000Z,USD/JPY,SELL,2026-07-08T00:47:00.000Z,2948,9.999999999999432
2026-07-08T00:45:00.000Z,EUR/JPY,SELL,2026-07-08T00:47:00.000Z,2948,-37.5
2026-07-08T02:00:00.000Z,USD/JPY,SELL,2026-07-08T02:02:00.000Z,2948,9.999999999999432
2026-07-08T02:45:00.000Z,AUD/JPY,SELL,2026-07-08T02:47:00.000Z,2948,9.999999999999432
2026-07-08T03:30:00.000Z,AUD/JPY,SELL,2026-07-08T03:32:00.000Z,2948,10.599999999999454
2026-07-08T09:30:00.000Z,AUD/JPY,BUY,2026-07-08T09:32:00.000Z,2948,9.999999999999432
2026-07-08T09:30:00.000Z,EUR/USD,BUY,2026-07-08T09:32:00.000Z,2948,9.999999999998899
2026-07-08T09:30:00.000Z,AUD/USD,BUY,2026-07-08T09:32:00.000Z,2948,10.000000000000009
2026-07-08T16:15:00.000Z,USD/JPY,SELL,2026-07-08T16:17:00.000Z,2948,9.999999999999432
2026-07-09T07:00:00.000Z,USD/JPY,BUY,2026-07-09T07:02:00.000Z,2948,9.999999999999432
2026-07-09T07:00:00.000Z,EUR/USD,SELL,2026-07-09T07:02:00.000Z,2948,9.999999999998899
2026-07-10T01:30:00.000Z,AUD/JPY,BUY,2026-07-10T01:32:00.000Z,2948,-2.3000000000010346
2026-07-10T01:30:00.000Z,EUR/USD,SELL,2026-07-10T01:32:00.000Z,2948,10.199999999997988
2026-07-10T02:30:00.000Z,AUD/JPY,BUY,2026-07-10T02:32:00.000Z,2948,9.999999999999432
2026-07-10T03:00:00.000Z,AUD/JPY,BUY,2026-07-10T03:02:00.000Z,2948,-7.900000000000773
2026-07-10T03:45:00.000Z,EUR/USD,SELL,2026-07-10T03:47:00.000Z,2948,0
2026-07-10T04:00:00.000Z,USD/JPY,BUY,2026-07-10T04:02:00.000Z,2948,9.999999999999432
2026-07-10T04:00:00.000Z,AUD/USD,SELL,2026-07-10T04:02:00.000Z,2948,10.000000000000009
2026-07-10T04:30:00.000Z,EUR/JPY,BUY,2026-07-10T04:32:00.000Z,2948,-45.90000000000032
2026-07-10T05:30:00.000Z,EUR/JPY,BUY,2026-07-10T05:32:00.000Z,2948,10.699999999999932
2026-07-10T16:15:00.000Z,EUR/JPY,BUY,2026-07-10T16:17:00.000Z,2948,0.39999999999906777
2026-07-10T16:45:00.000Z,USD/JPY,BUY,2026-07-10T16:47:00.000Z,2948,11.299999999999955
2026-07-12T22:30:00.000Z,USD/JPY,SELL,2026-07-12T22:32:00.000Z,2949,-49.60000000000093
2026-07-12T22:30:00.000Z,AUD/USD,BUY,2026-07-12T22:32:00.000Z,2949,10.000000000000009
2026-07-12T23:15:00.000Z,USD/JPY,SELL,2026-07-12T23:17:00.000Z,2949,9.999999999999432
2026-07-12T23:15:00.000Z,EUR/USD,BUY,2026-07-12T23:17:00.000Z,2949,9.999999999998899
2026-07-13T01:30:00.000Z,AUD/USD,BUY,2026-07-13T01:32:00.000Z,2949,10.000000000000009
2026-07-13T03:30:00.000Z,AUD/USD,BUY,2026-07-13T03:32:00.000Z,2949,10.499999999999954
2026-07-13T06:30:00.000Z,USD/JPY,SELL,2026-07-13T06:32:00.000Z,2949,9.999999999999432
2026-07-13T07:00:00.000Z,EUR/JPY,SELL,2026-07-13T07:02:00.000Z,2949,14.099999999999113
2026-07-13T09:15:00.000Z,EUR/JPY,SELL,2026-07-13T09:17:00.000Z,2949,11.699999999999022
2026-07-13T09:15:00.000Z,EUR/USD,SELL,2026-07-13T09:17:00.000Z,2949,11.499999999999844
2026-07-13T15:00:00.000Z,USD/JPY,SELL,2026-07-13T15:02:00.000Z,2949,11.50000000000091
2026-07-13T17:15:00.000Z,USD/JPY,SELL,2026-07-13T17:17:00.000Z,2949,10.400000000001342
2026-07-13T17:15:00.000Z,AUD/USD,BUY,2026-07-13T17:17:00.000Z,2949,10.000000000000009
2026-07-13T18:15:00.000Z,USD/JPY,SELL,2026-07-13T18:17:00.000Z,2949,10.80000000000041
2026-07-13T18:45:00.000Z,AUD/USD,BUY,2026-07-13T18:47:00.000Z,2949,10.000000000000009
2026-07-13T20:00:00.000Z,AUD/USD,BUY,2026-07-13T20:02:00.000Z,2949,10.000000000000009
2026-07-13T20:45:00.000Z,AUD/USD,BUY,2026-07-13T20:47:00.000Z,2949,10.000000000000009
2026-07-13T21:00:00.000Z,EUR/USD,BUY,2026-07-13T21:10:00.000Z,2949,9.999999999998899
2026-07-14T06:00:00.000Z,AUD/USD,SELL,2026-07-14T06:02:00.000Z,2949,-52.500000000000874
2026-07-14T08:15:00.000Z,AUD/JPY,SELL,2026-07-14T08:17:00.000Z,2949,-77.60000000000105
2026-07-14T09:00:00.000Z,EUR/USD,SELL,2026-07-14T09:02:00.000Z,2949,-23.100000000000342
2026-07-14T09:30:00.000Z,AUD/JPY,SELL,2026-07-14T09:32:00.000Z,2949,10.69999999999851
2026-07-14T09:30:00.000Z,AUD/USD,SELL,2026-07-14T09:32:00.000Z,2949,-38.000000000000256
2026-07-14T13:00:00.000Z,USD/JPY,BUY,2026-07-14T13:02:00.000Z,2949,16.70000000000016
2026-07-14T13:00:00.000Z,AUD/JPY,SELL,2026-07-14T13:02:00.000Z,2949,-59.10000000000082
2026-07-14T13:00:00.000Z,AUD/USD,SELL,2026-07-14T13:02:00.000Z,2949,-21.899999999999142
2026-07-14T14:30:00.000Z,EUR/JPY,SELL,2026-07-14T14:32:00.000Z,2949,9.999999999999432
2026-07-14T14:30:00.000Z,EUR/USD,SELL,2026-07-14T14:32:00.000Z,2949,9.999999999998899
2026-07-14T14:30:00.000Z,AUD/USD,SELL,2026-07-14T14:32:00.000Z,2949,10.000000000000009
2026-07-14T15:00:00.000Z,EUR/JPY,SELL,2026-07-14T15:02:00.000Z,2949,12.000000000000455
2026-07-14T15:30:00.000Z,AUD/USD,SELL,2026-07-14T15:32:00.000Z,2949,10.000000000000009
2026-07-14T15:45:00.000Z,AUD/JPY,SELL,2026-07-14T15:47:00.000Z,2949,-42.00000000000017
2026-07-15T03:00:00.000Z,EUR/USD,SELL,2026-07-15T03:02:00.000Z,2949,10.399999999999299
2026-07-15T05:00:00.000Z,EUR/JPY,SELL,2026-07-15T05:02:00.000Z,2949,9.999999999999432
2026-07-15T11:00:00.000Z,EUR/USD,BUY,2026-07-15T11:02:00.000Z,2949,10.299999999998644
2026-07-15T12:30:00.000Z,EUR/USD,BUY,2026-07-15T12:32:00.000Z,2949,0
2026-07-15T18:00:00.000Z,AUD/JPY,SELL,2026-07-15T18:02:00.000Z,2949,9.999999999999432
2026-07-15T18:45:00.000Z,USD/JPY,BUY,2026-07-15T18:47:00.000Z,2949,9.999999999999432
2026-07-15T18:45:00.000Z,AUD/JPY,SELL,2026-07-15T18:47:00.000Z,2949,9.999999999999432
2026-07-15T18:45:00.000Z,AUD/USD,SELL,2026-07-15T18:47:00.000Z,2949,0
2026-07-15T19:00:00.000Z,EUR/JPY,SELL,2026-07-15T19:02:00.000Z,2949,3.499999999999659
2026-07-15T19:00:00.000Z,EUR/USD,SELL,2026-07-15T19:02:00.000Z,2949,10.799999999999699
2026-07-15T19:30:00.000Z,EUR/USD,SELL,2026-07-15T19:32:00.000Z,2949,9.999999999998899
2026-07-15T20:45:00.000Z,EUR/JPY,SELL,2026-07-15T20:47:00.000Z,2949,9.999999999999432
2026-07-15T21:15:00.000Z,EUR/JPY,SELL,2026-07-15T21:17:00.000Z,2949,9.999999999999432
2026-07-16T01:45:00.000Z,AUD/JPY,BUY,2026-07-16T01:47:00.000Z,2949,9.999999999999432
2026-07-16T02:30:00.000Z,AUD/USD,BUY,2026-07-16T02:32:00.000Z,2949,10.999999999999899
2026-07-16T13:15:00.000Z,EUR/USD,BUY,2026-07-16T13:17:00.000Z,2949,-23.400000000000087
2026-07-16T15:00:00.000Z,AUD/JPY,SELL,2026-07-16T15:02:00.000Z,2949,9.999999999999432
2026-07-16T15:45:00.000Z,USD/JPY,SELL,2026-07-16T15:47:00.000Z,2949,10.200000000000387
2026-07-16T16:45:00.000Z,USD/JPY,SELL,2026-07-16T16:47:00.000Z,2949,9.999999999999432
2026-07-16T17:30:00.000Z,USD/JPY,SELL,2026-07-16T17:32:00.000Z,2949,9.999999999999432
2026-07-16T17:30:00.000Z,EUR/USD,BUY,2026-07-16T17:32:00.000Z,2949,9.999999999998899
2026-07-17T03:15:00.000Z,AUD/JPY,BUY,2026-07-17T03:17:00.000Z,2949,9.999999999999432
2026-07-17T03:15:00.000Z,AUD/USD,BUY,2026-07-17T03:17:00.000Z,2949,-3.9000000000000146
2026-07-17T07:30:00.000Z,USD/JPY,BUY,2026-07-17T07:32:00.000Z,2949,10.599999999999454
2026-07-17T09:30:00.000Z,AUD/USD,BUY,2026-07-17T09:32:00.000Z,2949,10.900000000000354
2026-07-17T11:15:00.000Z,EUR/JPY,BUY,2026-07-17T11:17:00.000Z,2949,9.999999999999432
2026-07-20T01:30:00.000Z,EUR/JPY,BUY,2026-07-20T01:32:00.000Z,2950,12.000000000000455
2026-07-20T03:00:00.000Z,AUD/USD,SELL,2026-07-20T03:02:00.000Z,2950,-14.900000000001024
2026-07-20T05:00:00.000Z,EUR/USD,SELL,2026-07-20T05:02:00.000Z,2950,9.999999999998899
2026-07-20T05:00:00.000Z,AUD/USD,SELL,2026-07-20T05:02:00.000Z,2950,-10.799999999999699
2026-07-20T08:00:00.000Z,AUD/USD,SELL,2026-07-20T08:02:00.000Z,2950,-17.899999999999583
2026-07-20T11:15:00.000Z,AUD/JPY,SELL,2026-07-20T11:17:00.000Z,2950,11.099999999999
2026-07-20T12:00:00.000Z,AUD/JPY,SELL,2026-07-20T12:02:00.000Z,2950,9.999999999999432
2026-07-20T12:00:00.000Z,AUD/USD,SELL,2026-07-20T12:02:00.000Z,2950,10.000000000000009
2026-07-20T12:45:00.000Z,EUR/JPY,BUY,2026-07-20T12:47:00.000Z,2950,9.999999999999432
2026-07-20T14:00:00.000Z,EUR/JPY,BUY,2026-07-20T14:02:00.000Z,2950,9.999999999999432
2026-07-20T14:30:00.000Z,EUR/USD,BUY,2026-07-20T14:32:00.000Z,2950,13.499999999999623
2026-07-20T14:45:00.000Z,AUD/JPY,SELL,2026-07-20T14:47:00.000Z,2950,10.099999999999909
2026-07-20T15:00:00.000Z,USD/JPY,SELL,2026-07-20T15:02:00.000Z,2950,11.899999999999977
2026-07-20T15:30:00.000Z,EUR/USD,BUY,2026-07-20T15:32:00.000Z,2950,9.999999999998899
2026-07-21T02:30:00.000Z,AUD/JPY,SELL,2026-07-21T02:32:00.000Z,2950,-43.900000000000716
2026-07-21T07:00:00.000Z,EUR/JPY,SELL,2026-07-21T07:02:00.000Z,2950,-43.90000000000214
2026-07-21T07:30:00.000Z,AUD/USD,SELL,2026-07-21T07:32:00.000Z,2950,10.000000000000009
2026-07-21T09:30:00.000Z,EUR/JPY,SELL,2026-07-21T09:32:00.000Z,2950,-15.099999999998204
2026-07-21T09:45:00.000Z,USD/JPY,SELL,2026-07-21T09:47:00.000Z,2950,-33.499999999997954
2026-07-21T10:00:00.000Z,EUR/JPY,SELL,2026-07-21T10:02:00.000Z,2950,-10.999999999998522
2026-07-21T10:30:00.000Z,USD/JPY,SELL,2026-07-21T10:32:00.000Z,2950,-39.09999999999911
2026-07-21T10:45:00.000Z,AUD/USD,SELL,2026-07-21T10:47:00.000Z,2950,0
2026-07-21T11:00:00.000Z,EUR/JPY,SELL,2026-07-21T11:02:00.000Z,2950,-11.599999999998545
2026-07-21T11:00:00.000Z,AUD/JPY,SELL,2026-07-21T11:02:00.000Z,2950,9.999999999999432
2026-07-21T12:00:00.000Z,USD/JPY,SELL,2026-07-21T12:02:00.000Z,2950,-33.60000000000127
2026-07-21T13:00:00.000Z,USD/JPY,SELL,2026-07-21T13:02:00.000Z,2950,-35.50000000000182
2026-07-21T14:00:00.000Z,EUR/USD,BUY,2026-07-21T14:02:00.000Z,2950,9.999999999998899
2026-07-21T16:45:00.000Z,USD/JPY,SELL,2026-07-21T16:47:00.000Z,2950,9.999999999999432
2026-07-21T17:30:00.000Z,USD/JPY,SELL,2026-07-21T17:32:00.000Z,2950,11.099999999999
2026-07-21T19:30:00.000Z,USD/JPY,SELL,2026-07-21T19:32:00.000Z,2950,9.999999999999432
2026-07-21T20:45:00.000Z,USD/JPY,SELL,2026-07-21T20:47:00.000Z,2950,9.999999999999432
2026-07-22T06:45:00.000Z,AUD/JPY,BUY,2026-07-22T06:47:00.000Z,2950,9.999999999999432
2026-07-23T02:00:00.000Z,EUR/USD,SELL,2026-07-23T02:02:00.000Z,2950,10.900000000000354
2026-07-23T02:30:00.000Z,AUD/JPY,SELL,2026-07-23T02:32:00.000Z,2950,12.099999999999511
2026-07-23T02:30:00.000Z,AUD/USD,SELL,2026-07-23T02:32:00.000Z,2950,11.100000000000554
2026-07-23T03:15:00.000Z,EUR/JPY,SELL,2026-07-23T03:17:00.000Z,2950,11.699999999999022
2026-07-23T03:15:00.000Z,AUD/JPY,SELL,2026-07-23T03:17:00.000Z,2950,10.299999999999443
2026-07-23T03:15:00.000Z,EUR/USD,SELL,2026-07-23T03:17:00.000Z,2950,11.899999999998023
2026-07-23T03:15:00.000Z,AUD/USD,SELL,2026-07-23T03:17:00.000Z,2950,10.700000000000154
2026-07-23T04:00:00.000Z,EUR/JPY,SELL,2026-07-23T04:02:00.000Z,2950,9.999999999999432
2026-07-23T04:45:00.000Z,AUD/JPY,SELL,2026-07-23T04:47:00.000Z,2950,10.299999999999443
2026-07-23T04:45:00.000Z,AUD/USD,SELL,2026-07-23T04:47:00.000Z,2950,10.100000000000664
2026-07-23T05:30:00.000Z,EUR/JPY,SELL,2026-07-23T05:32:00.000Z,2950,9.999999999999432
2026-07-23T05:30:00.000Z,EUR/USD,SELL,2026-07-23T05:32:00.000Z,2950,9.999999999998899
2026-07-23T08:45:00.000Z,EUR/JPY,SELL,2026-07-23T08:47:00.000Z,2950,9.999999999999432
2026-07-23T09:00:00.000Z,EUR/USD,BUY,2026-07-23T09:02:00.000Z,2950,-27.099999999999902
2026-07-23T09:45:00.000Z,USD/JPY,SELL,2026-07-23T09:47:00.000Z,2950,-38.10000000000002
2026-07-23T11:15:00.000Z,EUR/USD,BUY,2026-07-23T11:17:00.000Z,2950,-16.499999999999293
2026-07-23T12:00:00.000Z,USD/JPY,SELL,2026-07-23T12:02:00.000Z,2950,-33.10000000000173
2026-07-23T12:00:00.000Z,EUR/USD,BUY,2026-07-23T12:02:00.000Z,2950,-18.199999999999328
2026-07-23T12:00:00.000Z,AUD/USD,BUY,2026-07-23T12:02:00.000Z,2950,-4.900000000001015
2026-07-23T13:00:00.000Z,EUR/USD,BUY,2026-07-23T13:02:00.000Z,2950,13.199999999997658
2026-07-23T13:30:00.000Z,EUR/USD,BUY,2026-07-23T13:32:00.000Z,2950,9.999999999998899
2026-07-23T13:45:00.000Z,AUD/USD,BUY,2026-07-23T13:47:00.000Z,2950,10.799999999999699
2026-07-23T15:00:00.000Z,EUR/USD,BUY,2026-07-23T15:02:00.000Z,2950,10.099999999997333
2026-07-23T15:15:00.000Z,USD/JPY,SELL,2026-07-23T15:17:00.000Z,2950,10.200000000000387
2026-07-23T19:30:00.000Z,AUD/USD,BUY,2026-07-23T19:32:00.000Z,2950,10.000000000000009
2026-07-23T20:00:00.000Z,AUD/USD,BUY,2026-07-23T20:02:00.000Z,2950,0
2026-07-24T07:45:00.000Z,EUR/USD,SELL,2026-07-24T07:47:00.000Z,2950,0
2026-07-24T10:45:00.000Z,AUD/USD,SELL,2026-07-24T10:47:00.000Z,2950,10.000000000000009
2026-07-24T15:30:00.000Z,AUD/USD,SELL,2026-07-24T15:32:00.000Z,2950,10.400000000000409
2026-07-26T22:30:00.000Z,USD/JPY,BUY,2026-07-26T22:32:00.000Z,2951,4.099999999999682
2026-07-26T22:45:00.000Z,EUR/JPY,SELL,2026-07-26T22:47:00.000Z,2951,9.999999999999432
2026-07-26T23:00:00.000Z,EUR/USD,SELL,2026-07-26T23:02:00.000Z,2951,9.999999999998899
2026-07-27T00:45:00.000Z,USD/JPY,BUY,2026-07-27T00:47:00.000Z,2951,9.999999999999432
2026-07-27T00:45:00.000Z,EUR/JPY,SELL,2026-07-27T00:47:00.000Z,2951,12.600000000000477
2026-07-27T00:45:00.000Z,EUR/USD,SELL,2026-07-27T00:47:00.000Z,2951,10.299999999998644
2026-07-27T02:15:00.000Z,USD/JPY,BUY,2026-07-27T02:17:00.000Z,2951,9.999999999999432
2026-07-27T02:15:00.000Z,EUR/USD,SELL,2026-07-27T02:17:00.000Z,2951,9.999999999998899
2026-07-27T07:00:00.000Z,EUR/JPY,SELL,2026-07-27T07:02:00.000Z,2951,0
2026-07-27T07:00:00.000Z,AUD/JPY,SELL,2026-07-27T07:02:00.000Z,2951,9.999999999999432
2026-07-27T07:00:00.000Z,EUR/USD,SELL,2026-07-27T07:02:00.000Z,2951,9.999999999998899
2026-07-27T07:00:00.000Z,AUD/USD,SELL,2026-07-27T07:02:00.000Z,2951,10.000000000000009
2026-07-27T07:45:00.000Z,USD/JPY,BUY,2026-07-27T07:47:00.000Z,2951,10.899999999998045
2026-07-27T07:45:00.000Z,EUR/JPY,BUY,2026-07-27T07:47:00.000Z,2951,11.599999999998545
2026-07-27T13:00:00.000Z,EUR/USD,BUY,2026-07-27T13:02:00.000Z,2951,-16.799999999999038
2026-07-27T14:15:00.000Z,EUR/USD,BUY,2026-07-27T14:17:00.000Z,2951,-2.5999999999992696
2026-07-27T14:45:00.000Z,EUR/JPY,BUY,2026-07-27T14:47:00.000Z,2951,9.999999999999432
2026-07-27T15:00:00.000Z,EUR/USD,BUY,2026-07-27T15:02:00.000Z,2951,10.699999999999044
2026-07-27T15:00:00.000Z,AUD/USD,BUY,2026-07-27T15:02:00.000Z,2951,-23.699999999999832
2026-07-27T15:30:00.000Z,EUR/JPY,BUY,2026-07-27T15:32:00.000Z,2951,9.999999999999432
2026-07-27T15:30:00.000Z,EUR/USD,BUY,2026-07-27T15:32:00.000Z,2951,10.599999999998388
2026-07-28T04:45:00.000Z,AUD/JPY,BUY,2026-07-28T04:47:00.000Z,2951,9.999999999999432
2026-07-28T04:45:00.000Z,AUD/USD,BUY,2026-07-28T04:47:00.000Z,2951,10.000000000000009
2026-07-28T05:30:00.000Z,EUR/JPY,BUY,2026-07-28T05:32:00.000Z,2951,9.999999999999432
2026-07-28T05:45:00.000Z,AUD/JPY,BUY,2026-07-28T05:47:00.000Z,2951,11.599999999999966
2026-07-28T05:45:00.000Z,AUD/USD,BUY,2026-07-28T05:47:00.000Z,2951,11.200000000000099
2026-07-28T06:30:00.000Z,AUD/JPY,BUY,2026-07-28T06:32:00.000Z,2951,9.999999999999432
2026-07-28T12:15:00.000Z,USD/JPY,SELL,2026-07-28T12:17:00.000Z,2951,0
2026-07-28T16:00:00.000Z,EUR/JPY,SELL,2026-07-28T16:02:00.000Z,2951,12.399999999999523
2026-07-28T16:45:00.000Z,USD/JPY,BUY,2026-07-28T16:47:00.000Z,2951,9.999999999999432
2026-07-28T16:45:00.000Z,EUR/JPY,SELL,2026-07-28T16:47:00.000Z,2951,9.999999999999432
2026-07-28T16:45:00.000Z,AUD/USD,SELL,2026-07-28T16:47:00.000Z,2951,10.000000000000009
2026-07-28T17:00:00.000Z,EUR/USD,SELL,2026-07-28T17:02:00.000Z,2951,10.899999999998133
2026-07-29T01:15:00.000Z,USD/JPY,BUY,2026-07-29T01:17:00.000Z,2951,12.199999999998568
2026-07-29T01:30:00.000Z,AUD/JPY,BUY,2026-07-29T01:32:00.000Z,2951,-10.099999999999909
2026-07-29T02:30:00.000Z,AUD/USD,BUY,2026-07-29T02:32:00.000Z,2951,10.000000000000009
2026-07-29T03:45:00.000Z,AUD/USD,BUY,2026-07-29T03:47:00.000Z,2951,10.000000000000009
2026-07-29T04:45:00.000Z,AUD/USD,BUY,2026-07-29T04:47:00.000Z,2951,10.000000000000009
2026-07-29T05:00:00.000Z,EUR/JPY,BUY,2026-07-29T05:02:00.000Z,2951,9.999999999999432
2026-07-29T05:00:00.000Z,AUD/JPY,BUY,2026-07-29T05:02:00.000Z,2951,9.999999999999432
2026-07-29T05:45:00.000Z,USD/JPY,BUY,2026-07-29T05:47:00.000Z,2951,9.999999999999432
2026-07-29T11:15:00.000Z,EUR/USD,BUY,2026-07-29T11:17:00.000Z,2951,9.999999999998899
2026-07-29T13:15:00.000Z,EUR/USD,BUY,2026-07-29T13:17:00.000Z,2951,9.999999999998899
2026-07-29T15:00:00.000Z,EUR/JPY,SELL,2026-07-29T15:02:00.000Z,2951,9.999999999999432
2026-07-29T15:15:00.000Z,AUD/USD,BUY,2026-07-29T15:17:00.000Z,2951,10.000000000000009
2026-07-29T18:30:00.000Z,USD/JPY,BUY,2026-07-29T18:32:00.000Z,2951,9.999999999999432
2026-07-29T18:30:00.000Z,EUR/JPY,SELL,2026-07-29T18:32:00.000Z,2951,9.999999999999432
2026-07-29T19:30:00.000Z,USD/JPY,BUY,2026-07-29T19:32:00.000Z,2951,9.999999999999432
2026-07-29T19:30:00.000Z,AUD/JPY,SELL,2026-07-29T19:32:00.000Z,2951,11.199999999999477
2026-07-29T19:30:00.000Z,AUD/USD,SELL,2026-07-29T19:32:00.000Z,2951,10.000000000000009
2026-07-29T21:15:00.000Z,EUR/JPY,SELL,2026-07-29T21:17:00.000Z,2951,9.999999999999432
2026-07-29T22:00:00.000Z,EUR/USD,SELL,2026-07-29T22:02:00.000Z,2951,11.999999999998678
2026-07-29T23:15:00.000Z,EUR/JPY,SELL,2026-07-29T23:17:00.000Z,2951,9.999999999999432
2026-07-29T23:30:00.000Z,EUR/USD,SELL,2026-07-29T23:32:00.000Z,2951,9.999999999998899
2026-07-30T00:30:00.000Z,USD/JPY,BUY,2026-07-30T00:32:00.000Z,2951,11.7999999999995
2026-07-30T08:15:00.000Z,USD/JPY,SELL,2026-07-30T08:17:00.000Z,2951,9.999999999999432
2026-07-30T10:30:00.000Z,AUD/USD,SELL,2026-07-30T10:32:00.000Z,2951,-55.19999999999969
2026-07-30T11:00:00.000Z,EUR/USD,SELL,2026-07-30T11:02:00.000Z,2951,-22.599999999999287
2026-07-30T11:30:00.000Z,USD/JPY,BUY,2026-07-30T11:32:00.000Z,2951,-276.20000000000005
2026-07-30T11:30:00.000Z,EUR/JPY,BUY,2026-07-30T11:32:00.000Z,2951,11.299999999999955
2026-07-30T12:30:00.000Z,AUD/USD,SELL,2026-07-30T12:32:00.000Z,2951,-33.39999999999898
2026-07-30T13:00:00.000Z,USD/JPY,BUY,2026-07-30T13:02:00.000Z,2951,-259.8000000000013
2026-07-30T14:45:00.000Z,EUR/USD,SELL,2026-07-30T14:47:00.000Z,2951,10.299999999998644
2026-07-30T15:00:00.000Z,AUD/USD,SELL,2026-07-30T15:02:00.000Z,2951,10.599999999999499
2026-07-30T16:00:00.000Z,AUD/JPY,BUY,2026-07-30T16:02:00.000Z,2951,9.999999999999432
2026-07-30T16:45:00.000Z,EUR/JPY,BUY,2026-07-30T16:47:00.000Z,2951,9.999999999999432
2026-07-30T16:45:00.000Z,EUR/USD,SELL,2026-07-30T16:47:00.000Z,2951,9.999999999998899
2026-07-30T17:15:00.000Z,USD/JPY,BUY,2026-07-30T17:17:00.000Z,2951,9.999999999999432
2026-07-30T17:15:00.000Z,AUD/USD,SELL,2026-07-30T17:17:00.000Z,2951,10.299999999999754
2026-07-30T18:00:00.000Z,EUR/JPY,BUY,2026-07-30T18:02:00.000Z,2951,11.299999999997112
2026-07-30T18:00:00.000Z,AUD/JPY,BUY,2026-07-30T18:02:00.000Z,2951,12.199999999999989
2026-07-30T18:30:00.000Z,USD/JPY,BUY,2026-07-30T18:32:00.000Z,2951,11.099999999999
2026-07-30T18:30:00.000Z,EUR/JPY,BUY,2026-07-30T18:32:00.000Z,2951,9.999999999999432
2026-07-30T18:30:00.000Z,AUD/USD,SELL,2026-07-30T18:32:00.000Z,2951,10.600000000000609
2026-07-30T19:15:00.000Z,USD/JPY,BUY,2026-07-30T19:17:00.000Z,2951,9.999999999999432
2026-07-31T01:15:00.000Z,EUR/JPY,SELL,2026-07-31T01:17:00.000Z,2951,14.999999999997726
2026-07-31T01:30:00.000Z,AUD/JPY,SELL,2026-07-31T01:32:00.000Z,2951,9.999999999999432
2026-07-31T02:15:00.000Z,USD/JPY,SELL,2026-07-31T02:17:00.000Z,2951,11.599999999998545
2026-07-31T02:15:00.000Z,EUR/JPY,SELL,2026-07-31T02:17:00.000Z,2951,11.699999999999022
2026-07-31T02:15:00.000Z,AUD/JPY,SELL,2026-07-31T02:17:00.000Z,2951,9.999999999999432
2026-07-31T06:45:00.000Z,AUD/USD,SELL,2026-07-31T06:47:00.000Z,2951,10.899999999999244
2026-07-31T09:15:00.000Z,USD/JPY,BUY,2026-07-31T09:17:00.000Z,2951,13.79999999999768
2026-07-31T09:15:00.000Z,EUR/JPY,BUY,2026-07-31T09:17:00.000Z,2951,13.49999999999909
2026-07-31T09:15:00.000Z,AUD/JPY,BUY,2026-07-31T09:17:00.000Z,2951,11.499999999999488
2026-07-31T12:15:00.000Z,EUR/USD,BUY,2026-07-31T12:17:00.000Z,2951,9.999999999998899
2026-07-31T12:45:00.000Z,EUR/USD,BUY,2026-07-31T12:47:00.000Z,2951,10.200000000000209
2026-07-31T13:00:00.000Z,AUD/USD,BUY,2026-07-31T13:02:00.000Z,2951,10.599999999999499
2026-07-31T14:30:00.000Z,AUD/USD,BUY,2026-07-31T14:32:00.000Z,2951,0
2026-07-31T14:45:00.000Z,EUR/JPY,BUY,2026-07-31T14:47:00.000Z,2951,9.999999999999432
2026-07-31T14:45:00.000Z,AUD/JPY,BUY,2026-07-31T14:47:00.000Z,2951,9.999999999999432
2026-07-31T18:00:00.000Z,USD/JPY,BUY,2026-07-31T18:02:00.000Z,2951,9.999999999999432
2026-07-31T18:00:00.000Z,AUD/JPY,BUY,2026-07-31T18:02:00.000Z,2951,9.999999999999432
2026-07-31T18:00:00.000Z,EUR/USD,SELL,2026-07-31T18:02:00.000Z,2951,-1.100000000000545
2026-08-02T22:30:00.000Z,AUD/JPY,BUY,2026-08-02T22:32:00.000Z,2952,9.999999999999432
2026-08-02T22:30:00.000Z,EUR/USD,SELL,2026-08-02T22:32:00.000Z,2952,9.999999999998899
2026-08-02T23:00:00.000Z,EUR/JPY,BUY,2026-08-02T23:02:00.000Z,2952,14.19999999999959
2026-08-02T23:15:00.000Z,USD/JPY,BUY,2026-08-02T23:17:00.000Z,2952,-26.499999999998636
2026-08-03T01:00:00.000Z,USD/JPY,BUY,2026-08-03T01:02:00.000Z,2952,68.99999999999977
2026-08-03T01:00:00.000Z,EUR/JPY,BUY,2026-08-03T01:02:00.000Z,2952,71.19999999999891
2026-08-03T01:00:00.000Z,AUD/JPY,BUY,2026-08-03T01:02:00.000Z,2952,47.89999999999992
2026-08-03T11:45:00.000Z,AUD/USD,BUY,2026-08-03T11:47:00.000Z,2952,10.000000000000009
2026-08-03T13:00:00.000Z,AUD/USD,BUY,2026-08-03T13:02:00.000Z,2952,10.000000000000009
2026-08-03T14:15:00.000Z,AUD/JPY,BUY,2026-08-03T14:17:00.000Z,2952,19.299999999999784
2026-08-03T14:45:00.000Z,AUD/USD,BUY,2026-08-03T14:47:00.000Z,2952,10.000000000000009
2026-08-03T16:00:00.000Z,EUR/USD,BUY,2026-08-03T16:02:00.000Z,2952,9.999999999998899
2026-08-03T21:30:00.000Z,AUD/JPY,SELL,2026-08-03T21:32:00.000Z,2952,-111.50000000000091
2026-08-03T23:00:00.000Z,USD/JPY,SELL,2026-08-03T23:02:00.000Z,2952,9.999999999999432
2026-08-03T23:15:00.000Z,AUD/JPY,SELL,2026-08-03T23:17:00.000Z,2952,-110.49999999999898
2026-08-04T00:15:00.000Z,USD/JPY,SELL,2026-08-04T00:17:00.000Z,2952,9.999999999999432
2026-08-04T00:30:00.000Z,EUR/JPY,SELL,2026-08-04T00:32:00.000Z,2952,-69.99999999999886
2026-08-04T00:30:00.000Z,AUD/JPY,SELL,2026-08-04T00:32:00.000Z,2952,-95.90000000000032
2026-08-04T01:00:00.000Z,AUD/JPY,SELL,2026-08-04T01:02:00.000Z,2952,-67.9000000000002
2026-08-04T01:30:00.000Z,AUD/JPY,SELL,2026-08-04T01:32:00.000Z,2952,-68.20000000000022
2026-08-04T01:45:00.000Z,EUR/JPY,SELL,2026-08-04T01:47:00.000Z,2952,-42.199999999999704
2026-08-04T02:30:00.000Z,AUD/USD,SELL,2026-08-04T02:32:00.000Z,2952,-28.89999999999948
2026-08-04T03:00:00.000Z,AUD/USD,SELL,2026-08-04T03:02:00.000Z,2952,-31.09999999999946
2026-08-04T03:30:00.000Z,EUR/JPY,SELL,2026-08-04T03:32:00.000Z,2952,11.599999999998545
2026-08-04T03:45:00.000Z,AUD/USD,SELL,2026-08-04T03:47:00.000Z,2952,-31.200000000000117
2026-08-04T04:45:00.000Z,AUD/JPY,SELL,2026-08-04T04:47:00.000Z,2952,-58.70000000000033
2026-08-04T06:15:00.000Z,AUD/JPY,SELL,2026-08-04T06:17:00.000Z,2952,-51.50000000000006
2026-08-04T08:15:00.000Z,EUR/JPY,SELL,2026-08-04T08:17:00.000Z,2952,10.999999999998522
2026-08-04T10:30:00.000Z,EUR/JPY,SELL,2026-08-04T10:32:00.000Z,2952,11.50000000000091
2026-08-04T11:15:00.000Z,AUD/JPY,SELL,2026-08-04T11:17:00.000Z,2952,10.299999999999443
2026-08-04T12:00:00.000Z,AUD/USD,SELL,2026-08-04T12:02:00.000Z,2952,-18.400000000000638
2026-08-04T14:45:00.000Z,AUD/USD,SELL,2026-08-04T14:47:00.000Z,2952,-22.899999999999032
2026-08-04T20:00:00.000Z,AUD/USD,SELL,2026-08-04T20:02:00.000Z,2952,-10.100000000000664
2026-08-04T20:15:00.000Z,EUR/JPY,SELL,2026-08-04T20:17:00.000Z,2952,9.999999999999432
2026-08-04T20:30:00.000Z,AUD/JPY,SELL,2026-08-04T20:32:00.000Z,2952,9.999999999999432
2026-08-05T00:45:00.000Z,AUD/USD,SELL,2026-08-05T00:47:00.000Z,2952,-12.999999999999678
2026-08-05T03:00:00.000Z,USD/JPY,BUY,2026-08-05T03:02:00.000Z,2952,10.499999999998977
2026-08-05T03:00:00.000Z,EUR/JPY,BUY,2026-08-05T03:02:00.000Z,2952,9.999999999999432
2026-08-05T08:45:00.000Z,EUR/JPY,SELL,2026-08-05T08:47:00.000Z,2952,9.999999999999432
2026-08-05T14:30:00.000Z,AUD/USD,SELL,2026-08-05T14:32:00.000Z,2952,10.000000000000009
2026-08-05T18:15:00.000Z,EUR/JPY,SELL,2026-08-05T18:17:00.000Z,2952,10.499999999998977
2026-08-05T18:45:00.000Z,AUD/JPY,SELL,2026-08-05T18:47:00.000Z,2952,10.499999999998977
2026-08-05T19:45:00.000Z,AUD/JPY,SELL,2026-08-05T19:47:00.000Z,2952,9.999999999999432
2026-08-05T20:45:00.000Z,EUR/JPY,SELL,2026-08-05T20:47:00.000Z,2952,9.999999999999432
2026-08-06T08:15:00.000Z,AUD/USD,BUY,2026-08-06T08:17:00.000Z,2952,-3.2999999999994145
2026-08-06T08:45:00.000Z,EUR/USD,BUY,2026-08-06T08:47:00.000Z,2952,-18.299999999999983
2026-08-06T10:00:00.000Z,EUR/USD,BUY,2026-08-06T10:02:00.000Z,2952,-10.80000000000192
2026-08-06T10:30:00.000Z,EUR/USD,BUY,2026-08-06T10:32:00.000Z,2952,-13.900000000000023
2026-08-06T14:45:00.000Z,USD/JPY,SELL,2026-08-06T14:47:00.000Z,2952,13.299999999998136
2026-08-06T15:30:00.000Z,EUR/JPY,SELL,2026-08-06T15:32:00.000Z,2952,10.80000000000041
2026-08-06T15:30:00.000Z,AUD/JPY,SELL,2026-08-06T15:32:00.000Z,2952,9.999999999999432
2026-08-06T17:00:00.000Z,EUR/USD,BUY,2026-08-06T17:02:00.000Z,2952,9.999999999998899
2026-08-06T17:15:00.000Z,USD/JPY,SELL,2026-08-06T17:17:00.000Z,2952,9.999999999999432
2026-08-06T17:30:00.000Z,EUR/USD,BUY,2026-08-06T17:32:00.000Z,2952,10.699999999999044
2026-08-06T18:00:00.000Z,EUR/USD,BUY,2026-08-06T18:02:00.000Z,2952,9.999999999998899
2026-08-07T07:30:00.000Z,AUD/USD,SELL,2026-08-07T07:32:00.000Z,2952,-35.09999999999902
2026-08-07T08:30:00.000Z,AUD/JPY,SELL,2026-08-07T08:32:00.000Z,2952,9.999999999999432
2026-08-07T10:15:00.000Z,AUD/USD,SELL,2026-08-07T10:17:00.000Z,2952,-30.09999999999957
2026-08-07T13:00:00.000Z,EUR/JPY,BUY,2026-08-07T13:02:00.000Z,2952,14.599999999998658
2026-08-07T13:00:00.000Z,AUD/JPY,BUY,2026-08-07T13:02:00.000Z,2952,13.700000000000045
2026-08-07T13:30:00.000Z,EUR/JPY,BUY,2026-08-07T13:32:00.000Z,2952,9.999999999999432
2026-08-07T13:30:00.000Z,AUD/JPY,BUY,2026-08-07T13:32:00.000Z,2952,9.999999999999432
2026-08-07T13:45:00.000Z,USD/JPY,BUY,2026-08-07T13:47:00.000Z,2952,9.999999999999432
2026-08-07T14:00:00.000Z,EUR/USD,SELL,2026-08-07T14:02:00.000Z,2952,-4.100000000000215
2026-08-07T14:00:00.000Z,AUD/USD,SELL,2026-08-07T14:02:00.000Z,2952,-8.699999999999264
2026-08-07T19:45:00.000Z,AUD/USD,SELL,2026-08-07T19:47:00.000Z,2952,3.1000000000003247
2026-08-09T23:00:00.000Z,AUD/JPY,SELL,2026-08-09T23:02:00.000Z,2953,-82.50000000000028
2026-08-10T02:45:00.000Z,AUD/JPY,SELL,2026-08-10T02:47:00.000Z,2953,10.599999999999454
2026-08-10T03:00:00.000Z,USD/JPY,SELL,2026-08-10T03:02:00.000Z,2953,-102.40000000000009
2026-08-10T03:00:00.000Z,EUR/JPY,SELL,2026-08-10T03:02:00.000Z,2953,-100
2026-08-10T06:00:00.000Z,USD/JPY,SELL,2026-08-10T06:02:00.000Z,2953,-84.79999999999848
2026-08-10T06:45:00.000Z,AUD/JPY,SELL,2026-08-10T06:47:00.000Z,2953,-36.10000000000042
2026-08-10T07:00:00.000Z,USD/JPY,SELL,2026-08-10T07:02:00.000Z,2953,-81.60000000000025
2026-08-10T08:00:00.000Z,EUR/USD,SELL,2026-08-10T08:02:00.000Z,2953,9.999999999998899
2026-08-10T08:15:00.000Z,USD/JPY,SELL,2026-08-10T08:17:00.000Z,2953,-86.099999999999
2026-08-10T11:15:00.000Z,AUD/JPY,SELL,2026-08-10T11:17:00.000Z,2953,9.999999999999432
2026-08-10T11:30:00.000Z,EUR/JPY,SELL,2026-08-10T11:32:00.000Z,2953,11.499999999998067
2026-08-10T12:15:00.000Z,USD/JPY,SELL,2026-08-10T12:17:00.000Z,2953,-55.400000000000205
2026-08-10T13:15:00.000Z,USD/JPY,SELL,2026-08-10T13:17:00.000Z,2953,-32.20000000000027
2026-08-10T14:15:00.000Z,USD/JPY,SELL,2026-08-10T14:17:00.000Z,2953,-34.099999999997976
2026-08-10T15:30:00.000Z,AUD/JPY,SELL,2026-08-10T15:32:00.000Z,2953,9.999999999999432
2026-08-10T17:30:00.000Z,USD/JPY,SELL,2026-08-10T17:32:00.000Z,2953,9.999999999999432
2026-08-10T19:15:00.000Z,AUD/JPY,SELL,2026-08-10T19:17:00.000Z,2953,10.199999999998965
2026-08-10T20:00:00.000Z,AUD/JPY,SELL,2026-08-10T20:02:00.000Z,2953,9.999999999999432
2026-08-10T21:15:00.000Z,USD/JPY,SELL,2026-08-10T21:17:00.000Z,2953,9.999999999999432
2026-08-10T21:15:00.000Z,EUR/JPY,SELL,2026-08-10T21:17:00.000Z,2953,9.999999999999432
2026-08-10T22:30:00.000Z,USD/JPY,SELL,2026-08-10T22:32:00.000Z,2953,9.999999999999432
2026-08-11T08:15:00.000Z,EUR/USD,BUY,2026-08-11T08:17:00.000Z,2953,9.999999999998899
2026-08-12T03:45:00.000Z,USD/JPY,SELL,2026-08-12T03:47:00.000Z,2953,10.099999999999909
2026-08-12T10:00:00.000Z,USD/JPY,BUY,2026-08-12T10:02:00.000Z,2953,9.999999999999432
2026-08-12T10:00:00.000Z,EUR/JPY,BUY,2026-08-12T10:02:00.000Z,2953,9.999999999999432
2026-08-12T13:15:00.000Z,USD/JPY,BUY,2026-08-12T13:17:00.000Z,2953,11.199999999999477
2026-08-12T13:15:00.000Z,EUR/USD,SELL,2026-08-12T13:17:00.000Z,2953,13.199999999997658
2026-08-12T13:45:00.000Z,USD/JPY,BUY,2026-08-12T13:47:00.000Z,2953,9.999999999999432
2026-08-12T13:45:00.000Z,AUD/USD,SELL,2026-08-12T13:47:00.000Z,2953,10.499999999999954
2026-08-12T14:30:00.000Z,AUD/USD,SELL,2026-08-12T14:32:00.000Z,2953,10.000000000000009
2026-08-12T18:15:00.000Z,EUR/USD,BUY,2026-08-12T18:17:00.000Z,2953,9.999999999998899
2026-08-12T18:30:00.000Z,USD/JPY,SELL,2026-08-12T18:32:00.000Z,2953,10.900000000000887
2026-08-13T03:30:00.000Z,AUD/JPY,BUY,2026-08-13T03:32:00.000Z,2953,9.999999999999432
2026-08-13T04:15:00.000Z,AUD/JPY,BUY,2026-08-13T04:17:00.000Z,2953,9.999999999999432
2026-08-13T05:00:00.000Z,AUD/USD,BUY,2026-08-13T05:02:00.000Z,2953,10.200000000000209
2026-08-13T05:15:00.000Z,AUD/JPY,BUY,2026-08-13T05:17:00.000Z,2953,11.7999999999995
2026-08-13T11:00:00.000Z,EUR/USD,SELL,2026-08-13T11:02:00.000Z,2953,9.999999999998899
2026-08-13T11:30:00.000Z,EUR/USD,SELL,2026-08-13T11:32:00.000Z,2953,9.999999999998899
2026-08-13T13:15:00.000Z,USD/JPY,BUY,2026-08-13T13:17:00.000Z,2953,10.499999999998977
2026-08-13T13:15:00.000Z,EUR/USD,SELL,2026-08-13T13:17:00.000Z,2953,10.399999999999299
2026-08-13T13:30:00.000Z,AUD/USD,SELL,2026-08-13T13:32:00.000Z,2953,-24.89999999999992
2026-08-13T17:30:00.000Z,AUD/JPY,SELL,2026-08-13T17:32:00.000Z,2953,11.599999999999966
2026-08-13T18:00:00.000Z,AUD/JPY,SELL,2026-08-13T18:02:00.000Z,2953,10.499999999998977
2026-08-13T21:00:00.000Z,AUD/JPY,SELL,2026-08-13T21:10:00.000Z,2953,9.999999999999432
2026-08-14T06:30:00.000Z,USD/JPY,BUY,2026-08-14T06:32:00.000Z,2953,10.599999999999454
2026-08-14T08:30:00.000Z,AUD/USD,SELL,2026-08-14T08:32:00.000Z,2953,-16.199999999999548
2026-08-14T09:00:00.000Z,USD/JPY,BUY,2026-08-14T09:02:00.000Z,2953,10.999999999998522
2026-08-14T09:45:00.000Z,EUR/USD,SELL,2026-08-14T09:47:00.000Z,2953,-21.700000000000053
2026-08-14T09:45:00.000Z,AUD/USD,SELL,2026-08-14T09:47:00.000Z,2953,-13.199999999999878
2026-08-14T10:30:00.000Z,AUD/USD,SELL,2026-08-14T10:32:00.000Z,2953,-11.499999999999844
2026-08-14T12:15:00.000Z,EUR/USD,SELL,2026-08-14T12:17:00.000Z,2953,-8.799999999999919
2026-08-14T12:15:00.000Z,AUD/USD,SELL,2026-08-14T12:17:00.000Z,2953,-7.699999999999374
2026-08-14T12:45:00.000Z,USD/JPY,BUY,2026-08-14T12:47:00.000Z,2953,12.100000000000932
2026-08-14T12:45:00.000Z,EUR/USD,SELL,2026-08-14T12:47:00.000Z,2953,-6.399999999999739
2026-08-14T12:45:00.000Z,AUD/USD,SELL,2026-08-14T12:47:00.000Z,2953,-7.300000000000084
2026-08-14T14:15:00.000Z,AUD/USD,SELL,2026-08-14T14:17:00.000Z,2953,10.899999999999244
2026-08-14T15:00:00.000Z,EUR/USD,SELL,2026-08-14T15:02:00.000Z,2953,11.399999999999189
2026-08-14T16:00:00.000Z,EUR/USD,SELL,2026-08-14T16:02:00.000Z,2953,10.999999999998789
2026-08-14T17:00:00.000Z,AUD/JPY,SELL,2026-08-14T17:02:00.000Z,2953,-2.1000000000000796
2026-08-14T17:15:00.000Z,EUR/JPY,SELL,2026-08-14T17:17:00.000Z,2953,-3.999999999999204
2026-08-17T02:15:00.000Z,EUR/USD,SELL,2026-08-17T02:17:00.000Z,2954,10.199999999997988
2026-08-17T02:45:00.000Z,EUR/USD,SELL,2026-08-17T02:47:00.000Z,2954,9.999999999998899
2026-08-17T04:30:00.000Z,EUR/USD,SELL,2026-08-17T04:32:00.000Z,2954,9.999999999998899
2026-08-17T05:00:00.000Z,AUD/USD,SELL,2026-08-17T05:02:00.000Z,2954,2.60000000000038
2026-08-17T07:15:00.000Z,AUD/JPY,SELL,2026-08-17T07:17:00.000Z,2954,-27.499999999999147
2026-08-17T08:15:00.000Z,AUD/USD,SELL,2026-08-17T08:17:00.000Z,2954,10.499999999999954
2026-08-17T08:45:00.000Z,EUR/USD,SELL,2026-08-17T08:47:00.000Z,2954,0
2026-08-17T08:45:00.000Z,AUD/USD,SELL,2026-08-17T08:47:00.000Z,2954,10.200000000000209
2026-08-17T09:00:00.000Z,EUR/JPY,SELL,2026-08-17T09:02:00.000Z,2954,-24.70000000000141
2026-08-17T10:00:00.000Z,AUD/USD,SELL,2026-08-17T10:02:00.000Z,2954,10.000000000000009
2026-08-17T10:45:00.000Z,AUD/USD,SELL,2026-08-17T10:47:00.000Z,2954,10.000000000000009
2026-08-17T12:30:00.000Z,AUD/JPY,SELL,2026-08-17T12:32:00.000Z,2954,9.999999999999432
2026-08-17T13:15:00.000Z,EUR/JPY,SELL,2026-08-17T13:17:00.000Z,2954,10.299999999998022
2026-08-17T14:00:00.000Z,USD/JPY,SELL,2026-08-17T14:02:00.000Z,2954,-29.699999999999704
2026-08-17T14:00:00.000Z,EUR/JPY,SELL,2026-08-17T14:02:00.000Z,2954,9.999999999999432
2026-08-17T19:15:00.000Z,USD/JPY,SELL,2026-08-17T19:17:00.000Z,2954,9.999999999999432
2026-08-18T05:30:00.000Z,USD/JPY,SELL,2026-08-18T05:32:00.000Z,2954,9.999999999999432
2026-08-18T05:30:00.000Z,AUD/USD,BUY,2026-08-18T05:32:00.000Z,2954,10.000000000000009
2026-08-18T07:45:00.000Z,EUR/JPY,SELL,2026-08-18T07:47:00.000Z,2954,10.300000000000864
2026-08-18T13:00:00.000Z,AUD/JPY,SELL,2026-08-18T13:02:00.000Z,2954,9.999999999999432
2026-08-18T13:30:00.000Z,AUD/JPY,SELL,2026-08-18T13:32:00.000Z,2954,14.000000000000057
2026-08-18T13:30:00.000Z,AUD/USD,SELL,2026-08-18T13:32:00.000Z,2954,12.299999999999534
2026-08-18T14:45:00.000Z,USD/JPY,BUY,2026-08-18T14:47:00.000Z,2954,9.999999999999432
2026-08-18T19:15:00.000Z,AUD/USD,BUY,2026-08-18T19:17:00.000Z,2954,10.600000000000609
2026-08-18T19:45:00.000Z,AUD/JPY,BUY,2026-08-18T19:47:00.000Z,2954,-35.599999999999454
2026-08-18T19:45:00.000Z,AUD/USD,BUY,2026-08-18T19:47:00.000Z,2954,10.000000000000009
2026-08-18T20:45:00.000Z,AUD/JPY,BUY,2026-08-18T20:47:00.000Z,2954,-45.700000000000784
2026-08-18T20:45:00.000Z,AUD/USD,BUY,2026-08-18T20:47:00.000Z,2954,10.000000000000009
2026-08-19T00:30:00.000Z,USD/JPY,BUY,2026-08-19T00:32:00.000Z,2954,-121.0000000000008
2026-08-19T00:30:00.000Z,AUD/JPY,BUY,2026-08-19T00:32:00.000Z,2954,-22.399999999998954
2026-08-19T01:15:00.000Z,AUD/USD,BUY,2026-08-19T01:17:00.000Z,2954,12.400000000000189
2026-08-19T01:30:00.000Z,EUR/JPY,BUY,2026-08-19T01:32:00.000Z,2954,9.999999999999432
2026-08-19T03:00:00.000Z,USD/JPY,BUY,2026-08-19T03:02:00.000Z,2954,-91.99999999999875
2026-08-19T05:00:00.000Z,AUD/USD,BUY,2026-08-19T05:02:00.000Z,2954,10.000000000000009
2026-08-19T06:00:00.000Z,USD/JPY,BUY,2026-08-19T06:02:00.000Z,2954,-64.30000000000007
2026-08-19T06:30:00.000Z,AUD/JPY,BUY,2026-08-19T06:32:00.000Z,2954,13.89999999999958
2026-08-19T06:45:00.000Z,USD/JPY,BUY,2026-08-19T06:47:00.000Z,2954,-77.40000000000009
2026-08-19T07:15:00.000Z,EUR/USD,SELL,2026-08-19T07:17:00.000Z,2954,-87.59999999999879
2026-08-19T08:30:00.000Z,EUR/USD,SELL,2026-08-19T08:32:00.000Z,2954,-91.699999999999
2026-08-19T09:00:00.000Z,USD/JPY,BUY,2026-08-19T09:02:00.000Z,2954,-69.20000000000073
2026-08-19T11:00:00.000Z,EUR/USD,SELL,2026-08-19T11:02:00.000Z,2954,-88.69999999999933
2026-08-19T13:00:00.000Z,EUR/JPY,BUY,2026-08-19T13:02:00.000Z,2954,10.499999999998977
2026-08-19T15:00:00.000Z,USD/JPY,BUY,2026-08-19T15:02:00.000Z,2954,9.999999999999432
2026-08-19T15:30:00.000Z,EUR/USD,SELL,2026-08-19T15:32:00.000Z,2954,-21.899999999999142
2026-08-19T16:00:00.000Z,EUR/USD,SELL,2026-08-19T16:02:00.000Z,2954,-14.300000000000423
2026-08-19T16:00:00.000Z,AUD/USD,SELL,2026-08-19T16:02:00.000Z,2954,10.200000000000209
2026-08-19T16:30:00.000Z,EUR/USD,SELL,2026-08-19T16:32:00.000Z,2954,-3.4000000000000696
2026-08-19T16:30:00.000Z,AUD/USD,SELL,2026-08-19T16:32:00.000Z,2954,10.300000000000864
2026-08-20T02:30:00.000Z,EUR/JPY,SELL,2026-08-20T02:32:00.000Z,2954,-93.1999999999988
2026-08-20T05:00:00.000Z,EUR/JPY,SELL,2026-08-20T05:02:00.000Z,2954,-82.99999999999841
2026-08-20T06:00:00.000Z,USD/JPY,SELL,2026-08-20T06:02:00.000Z,2954,9.999999999999432
2026-08-20T06:15:00.000Z,EUR/JPY,SELL,2026-08-20T06:17:00.000Z,2954,-64.19999999999959
2026-08-20T09:30:00.000Z,EUR/JPY,SELL,2026-08-20T09:32:00.000Z,2954,-21.299999999999386
2026-08-20T10:45:00.000Z,EUR/USD,SELL,2026-08-20T10:47:00.000Z,2954,-4.499999999998394
2026-08-20T12:30:00.000Z,AUD/USD,BUY,2026-08-20T12:32:00.000Z,2954,11.499999999999844
2026-08-20T14:30:00.000Z,USD/JPY,SELL,2026-08-20T14:32:00.000Z,2954,11.099999999999
2026-08-20T14:30:00.000Z,AUD/JPY,SELL,2026-08-20T14:32:00.000Z,2954,-86.40000000000043
2026-08-20T15:00:00.000Z,AUD/JPY,SELL,2026-08-20T15:02:00.000Z,2954,-83.40000000000032
2026-08-20T15:45:00.000Z,AUD/JPY,SELL,2026-08-20T15:47:00.000Z,2954,-93.90000000000072
2026-08-20T16:00:00.000Z,USD/JPY,SELL,2026-08-20T16:02:00.000Z,2954,10.999999999998522
2026-08-20T16:00:00.000Z,EUR/JPY,SELL,2026-08-20T16:02:00.000Z,2954,-14.200000000002433
2026-08-20T16:45:00.000Z,EUR/JPY,SELL,2026-08-20T16:47:00.000Z,2954,9.999999999999432
2026-08-20T18:45:00.000Z,USD/JPY,SELL,2026-08-20T18:47:00.000Z,2954,11.099999999999
2026-08-20T20:45:00.000Z,EUR/JPY,SELL,2026-08-20T20:47:00.000Z,2954,9.999999999999432
2026-08-21T00:30:00.000Z,AUD/USD,SELL,2026-08-21T00:32:00.000Z,2954,-49.59999999999964
2026-08-21T01:00:00.000Z,EUR/JPY,SELL,2026-08-21T01:02:00.000Z,2954,12.79999999999859
2026-08-21T01:30:00.000Z,EUR/JPY,SELL,2026-08-21T01:32:00.000Z,2954,9.999999999999432
2026-08-21T03:00:00.000Z,EUR/USD,SELL,2026-08-21T03:02:00.000Z,2954,10.899999999998133
2026-08-21T03:30:00.000Z,EUR/USD,SELL,2026-08-21T03:32:00.000Z,2954,9.999999999998899
2026-08-21T05:15:00.000Z,AUD/JPY,SELL,2026-08-21T05:17:00.000Z,2954,-51.200000000000045
2026-08-21T05:15:00.000Z,AUD/USD,SELL,2026-08-21T05:17:00.000Z,2954,-32.90000000000015
2026-08-21T08:45:00.000Z,AUD/JPY,SELL,2026-08-21T08:47:00.000Z,2954,9.999999999999432
2026-08-21T09:30:00.000Z,EUR/USD,SELL,2026-08-21T09:32:00.000Z,2954,9.999999999998899
2026-08-21T09:30:00.000Z,AUD/USD,SELL,2026-08-21T09:32:00.000Z,2954,-14.299999999999313
2026-08-21T09:45:00.000Z,USD/JPY,BUY,2026-08-21T09:47:00.000Z,2954,9.999999999999432
2026-08-21T09:45:00.000Z,EUR/JPY,BUY,2026-08-21T09:47:00.000Z,2954,9.999999999999432
2026-08-21T10:00:00.000Z,AUD/USD,SELL,2026-08-21T10:02:00.000Z,2954,-11.599999999999389
2026-08-21T10:45:00.000Z,AUD/USD,SELL,2026-08-21T10:47:00.000Z,2954,-10.000000000000009
2026-08-21T11:45:00.000Z,AUD/USD,SELL,2026-08-21T11:47:00.000Z,2954,-7.899999999999574
2026-08-21T12:45:00.000Z,AUD/JPY,SELL,2026-08-21T12:47:00.000Z,2954,-28.09999999999917
2026-08-21T15:15:00.000Z,EUR/USD,BUY,2026-08-21T15:17:00.000Z,2954,9.999999999998899
2026-08-21T19:30:00.000Z,AUD/JPY,SELL,2026-08-21T19:32:00.000Z,2954,0
2026-08-24T01:00:00.000Z,AUD/JPY,BUY,2026-08-24T01:02:00.000Z,2955,9.999999999999432
2026-08-24T01:15:00.000Z,USD/JPY,BUY,2026-08-24T01:17:00.000Z,2955,9.999999999999432
2026-08-24T01:15:00.000Z,EUR/JPY,BUY,2026-08-24T01:17:00.000Z,2955,9.999999999999432
2026-08-24T08:45:00.000Z,USD/JPY,SELL,2026-08-24T08:47:00.000Z,2955,9.999999999999432
2026-08-24T08:45:00.000Z,EUR/USD,BUY,2026-08-24T08:47:00.000Z,2955,1.500000000000945
2026-08-24T18:15:00.000Z,AUD/JPY,BUY,2026-08-24T18:17:00.000Z,2955,0
2026-08-24T18:15:00.000Z,AUD/USD,BUY,2026-08-24T18:17:00.000Z,2955,10.000000000000009
2026-08-25T01:15:00.000Z,AUD/JPY,SELL,2026-08-25T01:17:00.000Z,2955,9.999999999999432
2026-08-25T03:30:00.000Z,EUR/JPY,SELL,2026-08-25T03:32:00.000Z,2955,10.300000000000864
2026-08-25T03:45:00.000Z,USD/JPY,SELL,2026-08-25T03:47:00.000Z,2955,10.3999999999985
2026-08-25T03:45:00.000Z,AUD/JPY,SELL,2026-08-25T03:47:00.000Z,2955,9.999999999999432
2026-08-25T06:15:00.000Z,EUR/USD,BUY,2026-08-25T06:17:00.000Z,2955,10.499999999999954
2026-08-25T08:30:00.000Z,EUR/JPY,SELL,2026-08-25T08:32:00.000Z,2955,9.999999999999432
2026-08-25T09:30:00.000Z,EUR/USD,SELL,2026-08-25T09:32:00.000Z,2955,1.5999999999993797
2026-08-25T20:45:00.000Z,AUD/JPY,SELL,2026-08-25T20:47:00.000Z,2955,9.999999999999432
2026-08-25T20:45:00.000Z,AUD/USD,SELL,2026-08-25T20:47:00.000Z,2955,-11.400000000000299
2026-08-26T03:00:00.000Z,USD/JPY,BUY,2026-08-26T03:02:00.000Z,2955,12.20000000000141
2026-08-26T03:00:00.000Z,AUD/USD,SELL,2026-08-26T03:02:00.000Z,2955,10.799999999999699
2026-08-26T04:00:00.000Z,AUD/USD,SELL,2026-08-26T04:02:00.000Z,2955,10.400000000000409
2026-08-26T04:15:00.000Z,USD/JPY,BUY,2026-08-26T04:17:00.000Z,2955,9.999999999999432
2026-08-26T05:00:00.000Z,EUR/JPY,BUY,2026-08-26T05:02:00.000Z,2955,9.999999999999432
2026-08-26T05:30:00.000Z,EUR/JPY,BUY,2026-08-26T05:32:00.000Z,2955,11.299999999997112
2026-08-26T05:30:00.000Z,EUR/USD,BUY,2026-08-26T05:32:00.000Z,2955,9.999999999998899
2026-08-26T08:45:00.000Z,EUR/USD,SELL,2026-08-26T08:47:00.000Z,2955,9.999999999998899
2026-08-26T14:15:00.000Z,AUD/JPY,SELL,2026-08-26T14:17:00.000Z,2955,9.999999999999432
2026-08-26T14:45:00.000Z,USD/JPY,SELL,2026-08-26T14:47:00.000Z,2955,12.699999999998113
2026-08-26T14:45:00.000Z,EUR/USD,BUY,2026-08-26T14:47:00.000Z,2955,12.499999999997513
2026-08-26T23:30:00.000Z,AUD/USD,SELL,2026-08-26T23:32:00.000Z,2955,-15.000000000000568
2026-08-27T00:30:00.000Z,EUR/JPY,BUY,2026-08-27T00:32:00.000Z,2955,9.999999999999432
2026-08-27T01:00:00.000Z,USD/JPY,BUY,2026-08-27T01:02:00.000Z,2955,9.999999999999432
2026-08-27T10:15:00.000Z,EUR/USD,BUY,2026-08-27T10:17:00.000Z,2955,10.999999999998789
2026-08-27T12:45:00.000Z,AUD/JPY,SELL,2026-08-27T12:47:00.000Z,2955,-27.900000000001057
2026-08-27T13:30:00.000Z,AUD/JPY,SELL,2026-08-27T13:32:00.000Z,2955,9.999999999999432
2026-08-28T03:45:00.000Z,AUD/JPY,SELL,2026-08-28T03:47:00.000Z,2955,9.999999999999432
2026-08-28T06:00:00.000Z,USD/JPY,SELL,2026-08-28T06:02:00.000Z,2955,9.999999999999432
2026-08-28T10:45:00.000Z,USD/JPY,SELL,2026-08-28T10:47:00.000Z,2955,10.200000000000387
2026-08-28T11:00:00.000Z,AUD/JPY,SELL,2026-08-28T11:02:00.000Z,2955,9.999999999999432
2026-08-28T11:30:00.000Z,EUR/JPY,SELL,2026-08-28T11:32:00.000Z,2955,10.699999999999932
2026-08-28T12:00:00.000Z,EUR/JPY,SELL,2026-08-28T12:02:00.000Z,2955,9.999999999999432
2026-08-28T14:45:00.000Z,EUR/JPY,BUY,2026-08-28T14:47:00.000Z,2955,9.999999999999432
2026-08-28T14:45:00.000Z,AUD/USD,BUY,2026-08-28T14:47:00.000Z,2955,12.999999999999678
2026-08-28T15:00:00.000Z,EUR/USD,BUY,2026-08-28T15:02:00.000Z,2955,-39.1000000000008
2026-08-28T19:00:00.000Z,USD/JPY,SELL,2026-08-28T19:02:00.000Z,2955,-1.5999999999991132
2026-08-28T19:00:00.000Z,AUD/USD,BUY,2026-08-28T19:02:00.000Z,2955,0.7999999999996898
2026-08-28T19:30:00.000Z,EUR/USD,BUY,2026-08-28T19:32:00.000Z,2955,-7.399999999999629
2026-08-31T01:45:00.000Z,EUR/JPY,BUY,2026-08-31T01:47:00.000Z,2956,9.999999999999432
2026-08-31T02:00:00.000Z,USD/JPY,BUY,2026-08-31T02:02:00.000Z,2956,-4.699999999999704
2026-08-31T02:45:00.000Z,USD/JPY,BUY,2026-08-31T02:47:00.000Z,2956,9.999999999999432
2026-08-31T03:00:00.000Z,EUR/JPY,BUY,2026-08-31T03:02:00.000Z,2956,11.599999999998545
2026-08-31T07:45:00.000Z,USD/JPY,BUY,2026-08-31T07:47:00.000Z,2956,13.399999999998613
2026-08-31T07:45:00.000Z,EUR/JPY,BUY,2026-08-31T07:47:00.000Z,2956,11.699999999999022
2026-08-31T08:15:00.000Z,EUR/USD,SELL,2026-08-31T08:17:00.000Z,2956,9.999999999998899
2026-08-31T08:30:00.000Z,USD/JPY,BUY,2026-08-31T08:32:00.000Z,2956,9.999999999999432
2026-08-31T08:45:00.000Z,AUD/JPY,BUY,2026-08-31T08:47:00.000Z,2956,9.999999999999432
2026-08-31T16:15:00.000Z,EUR/JPY,SELL,2026-08-31T16:17:00.000Z,2956,10.499999999998977
2026-08-31T16:15:00.000Z,EUR/USD,SELL,2026-08-31T16:17:00.000Z,2956,9.999999999998899
2026-08-31T16:45:00.000Z,EUR/USD,SELL,2026-08-31T16:47:00.000Z,2956,10.600000000000609
2026-08-31T19:15:00.000Z,EUR/JPY,SELL,2026-08-31T19:17:00.000Z,2956,9.999999999999432
2026-09-01T00:45:00.000Z,AUD/JPY,SELL,2026-09-01T00:47:00.000Z,2956,9.999999999999432
2026-09-01T00:45:00.000Z,EUR/USD,SELL,2026-09-01T00:47:00.000Z,2956,9.999999999998899
2026-09-01T00:45:00.000Z,AUD/USD,SELL,2026-09-01T00:47:00.000Z,2956,10.000000000000009
2026-09-01T07:00:00.000Z,USD/JPY,SELL,2026-09-01T07:02:00.000Z,2956,10.80000000000041
2026-09-01T08:00:00.000Z,USD/JPY,SELL,2026-09-01T08:02:00.000Z,2956,12.5
2026-09-01T08:00:00.000Z,EUR/USD,BUY,2026-09-01T08:02:00.000Z,2956,11.799999999997368
2026-09-01T08:30:00.000Z,EUR/USD,BUY,2026-09-01T08:32:00.000Z,2956,9.999999999998899
2026-09-01T09:45:00.000Z,AUD/JPY,BUY,2026-09-01T09:47:00.000Z,2956,-41.799999999999216
2026-09-01T10:30:00.000Z,AUD/USD,BUY,2026-09-01T10:32:00.000Z,2956,10.900000000000354
2026-09-01T11:30:00.000Z,USD/JPY,SELL,2026-09-01T11:32:00.000Z,2956,11.099999999999
2026-09-02T02:00:00.000Z,EUR/USD,BUY,2026-09-02T02:02:00.000Z,2956,11.499999999997623
2026-09-02T02:15:00.000Z,USD/JPY,SELL,2026-09-02T02:17:00.000Z,2956,9.999999999999432
2026-09-02T02:15:00.000Z,AUD/JPY,SELL,2026-09-02T02:17:00.000Z,2956,11.099999999999
2026-09-02T04:00:00.000Z,EUR/JPY,BUY,2026-09-02T04:02:00.000Z,2956,-250.10000000000048
2026-09-02T05:15:00.000Z,AUD/JPY,BUY,2026-09-02T05:17:00.000Z,2956,-121.69999999999987
2026-09-02T07:15:00.000Z,USD/JPY,BUY,2026-09-02T07:17:00.000Z,2956,9.999999999999432
2026-09-02T07:15:00.000Z,AUD/JPY,BUY,2026-09-02T07:17:00.000Z,2956,-173.299999999999
2026-09-02T07:15:00.000Z,EUR/USD,BUY,2026-09-02T07:17:00.000Z,2956,10.299999999998644
2026-09-02T08:00:00.000Z,EUR/JPY,BUY,2026-09-02T08:02:00.000Z,2956,9.999999999999432
2026-09-02T09:45:00.000Z,AUD/JPY,BUY,2026-09-02T09:47:00.000Z,2956,10.899999999999466
2026-09-02T09:45:00.000Z,AUD/USD,BUY,2026-09-02T09:47:00.000Z,2956,10.600000000000609
2026-09-02T14:00:00.000Z,AUD/JPY,BUY,2026-09-02T14:02:00.000Z,2956,9.999999999999432
2026-09-02T14:15:00.000Z,EUR/USD,SELL,2026-09-02T14:17:00.000Z,2956,9.999999999998899
2026-09-02T14:30:00.000Z,AUD/USD,SELL,2026-09-02T14:32:00.000Z,2956,-25.399999999999867
2026-09-02T15:45:00.000Z,USD/JPY,BUY,2026-09-02T15:47:00.000Z,2956,12.600000000000477
2026-09-02T15:45:00.000Z,AUD/USD,SELL,2026-09-02T15:47:00.000Z,2956,-28.099999999999792
2026-09-02T16:00:00.000Z,EUR/JPY,BUY,2026-09-02T16:02:00.000Z,2956,9.999999999999432
2026-09-02T20:30:00.000Z,USD/JPY,BUY,2026-09-02T20:32:00.000Z,2956,9.999999999999432
2026-09-02T20:30:00.000Z,EUR/JPY,BUY,2026-09-02T20:32:00.000Z,2956,-278.49999999999966
2026-09-03T02:00:00.000Z,USD/JPY,BUY,2026-09-03T02:02:00.000Z,2956,-264.0999999999991
2026-09-03T02:00:00.000Z,EUR/JPY,BUY,2026-09-03T02:02:00.000Z,2956,-237.5
2026-09-03T02:00:00.000Z,AUD/JPY,BUY,2026-09-03T02:02:00.000Z,2956,-115.69999999999965
2026-09-03T05:00:00.000Z,EUR/USD,SELL,2026-09-03T05:02:00.000Z,2956,-30.000000000001137
2026-09-03T07:00:00.000Z,EUR/USD,SELL,2026-09-03T07:02:00.000Z,2956,-20.999999999999908
2026-09-03T07:45:00.000Z,USD/JPY,BUY,2026-09-03T07:47:00.000Z,2956,16.30000000000109
2026-09-03T07:45:00.000Z,EUR/JPY,BUY,2026-09-03T07:47:00.000Z,2956,14.500000000001023
2026-09-03T07:45:00.000Z,AUD/JPY,BUY,2026-09-03T07:47:00.000Z,2956,-10.099999999999909
2026-09-03T09:00:00.000Z,AUD/USD,SELL,2026-09-03T09:02:00.000Z,2956,-18.200000000000436
2026-09-03T09:45:00.000Z,AUD/USD,SELL,2026-09-03T09:47:00.000Z,2956,-15.100000000000113
2026-09-03T10:45:00.000Z,AUD/JPY,BUY,2026-09-03T10:47:00.000Z,2956,9.999999999999432
2026-09-03T11:45:00.000Z,EUR/JPY,BUY,2026-09-03T11:47:00.000Z,2956,9.999999999999432
2026-09-03T11:45:00.000Z,AUD/USD,SELL,2026-09-03T11:47:00.000Z,2956,-11.799999999999589
2026-09-03T13:00:00.000Z,AUD/JPY,BUY,2026-09-03T13:02:00.000Z,2956,9.999999999999432
2026-09-03T13:15:00.000Z,EUR/JPY,BUY,2026-09-03T13:17:00.000Z,2956,20.999999999997954
2026-09-03T13:30:00.000Z,EUR/USD,SELL,2026-09-03T13:32:00.000Z,2956,9.999999999998899
2026-09-03T13:30:00.000Z,AUD/USD,SELL,2026-09-03T13:32:00.000Z,2956,10.000000000000009
2026-09-03T13:45:00.000Z,EUR/JPY,BUY,2026-09-03T13:47:00.000Z,2956,11.999999999997613
2026-09-03T14:15:00.000Z,EUR/USD,SELL,2026-09-03T14:17:00.000Z,2956,9.999999999998899
2026-09-03T14:30:00.000Z,EUR/JPY,BUY,2026-09-03T14:32:00.000Z,2956,13.700000000000045
2026-09-03T14:30:00.000Z,AUD/JPY,BUY,2026-09-03T14:32:00.000Z,2956,12.000000000000455
2026-09-03T14:45:00.000Z,USD/JPY,BUY,2026-09-03T14:47:00.000Z,2956,19.300000000001205
2026-09-03T15:15:00.000Z,EUR/JPY,BUY,2026-09-03T15:17:00.000Z,2956,13.899999999998158
2026-09-03T23:15:00.000Z,USD/JPY,SELL,2026-09-03T23:17:00.000Z,2956,10.099999999999909
2026-09-03T23:15:00.000Z,EUR/JPY,SELL,2026-09-03T23:17:00.000Z,2956,9.999999999999432
2026-09-03T23:15:00.000Z,AUD/JPY,SELL,2026-09-03T23:17:00.000Z,2956,9.999999999999432
2026-09-04T02:15:00.000Z,AUD/USD,SELL,2026-09-04T02:17:00.000Z,2956,10.000000000000009
2026-09-04T04:45:00.000Z,AUD/JPY,SELL,2026-09-04T04:47:00.000Z,2956,10.599999999999454
2026-09-04T13:15:00.000Z,EUR/JPY,BUY,2026-09-04T13:17:00.000Z,2956,14.500000000001023
2026-09-04T13:15:00.000Z,AUD/JPY,BUY,2026-09-04T13:17:00.000Z,2956,14.19999999999959
2026-09-04T13:30:00.000Z,EUR/USD,BUY,2026-09-04T13:32:00.000Z,2956,-5.20000000000076
2026-09-07T06:45:00.000Z,EUR/JPY,BUY,2026-09-07T06:47:00.000Z,2957,9.999999999999432
2026-09-07T07:00:00.000Z,AUD/USD,SELL,2026-09-07T07:02:00.000Z,2957,2.00000000000089
2026-09-07T07:45:00.000Z,AUD/USD,SELL,2026-09-07T07:47:00.000Z,2957,10.700000000000154
2026-09-07T08:30:00.000Z,AUD/USD,SELL,2026-09-07T08:32:00.000Z,2957,10.499999999999954
2026-09-07T08:45:00.000Z,EUR/USD,SELL,2026-09-07T08:47:00.000Z,2957,9.999999999998899
2026-09-07T10:00:00.000Z,USD/JPY,BUY,2026-09-07T10:02:00.000Z,2957,9.999999999999432
2026-09-07T10:00:00.000Z,AUD/JPY,BUY,2026-09-07T10:02:00.000Z,2957,9.999999999999432
2026-09-07T10:15:00.000Z,EUR/JPY,BUY,2026-09-07T10:17:00.000Z,2957,9.999999999999432
2026-09-07T13:00:00.000Z,AUD/JPY,BUY,2026-09-07T13:02:00.000Z,2957,10.69999999999851
2026-09-08T00:45:00.000Z,USD/JPY,BUY,2026-09-08T00:47:00.000Z,2957,10.899999999998045
2026-09-08T00:45:00.000Z,EUR/JPY,BUY,2026-09-08T00:47:00.000Z,2957,9.999999999999432
2026-09-08T00:45:00.000Z,AUD/JPY,BUY,2026-09-08T00:47:00.000Z,2957,9.999999999999432
2026-09-08T01:45:00.000Z,EUR/JPY,BUY,2026-09-08T01:47:00.000Z,2957,9.999999999999432
2026-09-08T03:00:00.000Z,USD/JPY,BUY,2026-09-08T03:02:00.000Z,2957,18.299999999999272
2026-09-08T03:00:00.000Z,EUR/JPY,BUY,2026-09-08T03:02:00.000Z,2957,20.199999999999818
2026-09-08T03:00:00.000Z,AUD/JPY,BUY,2026-09-08T03:02:00.000Z,2957,18.09999999999974
2026-09-08T03:00:00.000Z,AUD/USD,BUY,2026-09-08T03:02:00.000Z,2957,11.499999999999844
2026-09-08T08:30:00.000Z,EUR/USD,BUY,2026-09-08T08:32:00.000Z,2957,9.999999999998899
2026-09-08T13:45:00.000Z,AUD/USD,SELL,2026-09-08T13:47:00.000Z,2957,10.799999999999699
2026-09-09T00:45:00.000Z,USD/JPY,BUY,2026-09-09T00:47:00.000Z,2957,13.399999999998613
2026-09-09T00:45:00.000Z,EUR/JPY,BUY,2026-09-09T00:47:00.000Z,2957,13.599999999999568
2026-09-09T06:30:00.000Z,EUR/USD,SELL,2026-09-09T06:32:00.000Z,2957,9.999999999998899
2026-09-09T07:30:00.000Z,EUR/USD,SELL,2026-09-09T07:32:00.000Z,2957,10.399999999999299
2026-09-09T10:30:00.000Z,AUD/USD,BUY,2026-09-09T10:32:00.000Z,2957,10.000000000000009
2026-09-10T11:00:00.000Z,EUR/JPY,SELL,2026-09-10T11:02:00.000Z,2957,9.999999999999432
2026-09-10T11:30:00.000Z,USD/JPY,SELL,2026-09-10T11:32:00.000Z,2957,9.999999999999432
2026-09-10T11:30:00.000Z,EUR/JPY,SELL,2026-09-10T11:32:00.000Z,2957,9.999999999999432
2026-09-10T11:45:00.000Z,AUD/USD,BUY,2026-09-10T11:47:00.000Z,2957,-23.100000000000342
2026-09-10T12:30:00.000Z,EUR/USD,BUY,2026-09-10T12:32:00.000Z,2957,-40.10000000000069
2026-09-10T12:45:00.000Z,EUR/JPY,SELL,2026-09-10T12:47:00.000Z,2957,14.000000000001478
2026-09-10T13:00:00.000Z,EUR/USD,BUY,2026-09-10T13:02:00.000Z,2957,11.399999999999189
2026-09-10T13:15:00.000Z,USD/JPY,SELL,2026-09-10T13:17:00.000Z,2957,15.399999999999636
2026-09-10T13:30:00.000Z,AUD/JPY,BUY,2026-09-10T13:32:00.000Z,2957,12.899999999999068
2026-09-10T13:30:00.000Z,EUR/USD,BUY,2026-09-10T13:32:00.000Z,2957,9.999999999998899
2026-09-10T14:45:00.000Z,AUD/JPY,BUY,2026-09-10T14:47:00.000Z,2957,9.999999999999432
2026-09-10T15:00:00.000Z,AUD/USD,BUY,2026-09-10T15:02:00.000Z,2957,12.599999999999278
2026-09-10T18:30:00.000Z,AUD/USD,BUY,2026-09-10T18:32:00.000Z,2957,11.099999999999444
2026-09-10T20:00:00.000Z,AUD/USD,BUY,2026-09-10T20:02:00.000Z,2957,10.700000000000154
2026-09-11T03:45:00.000Z,EUR/USD,BUY,2026-09-11T03:47:00.000Z,2957,11.299999999998533
2026-09-11T06:30:00.000Z,EUR/JPY,BUY,2026-09-11T06:32:00.000Z,2957,9.999999999999432
2026-09-11T06:45:00.000Z,AUD/USD,SELL,2026-09-11T06:47:00.000Z,2957,10.200000000000209
2026-09-11T11:00:00.000Z,EUR/USD,BUY,2026-09-11T11:02:00.000Z,2957,9.999999999998899
2026-09-11T11:30:00.000Z,EUR/JPY,BUY,2026-09-11T11:32:00.000Z,2957,9.999999999999432
2026-09-11T12:00:00.000Z,EUR/JPY,BUY,2026-09-11T12:02:00.000Z,2957,10.499999999998977
2026-09-11T13:15:00.000Z,AUD/USD,SELL,2026-09-11T13:17:00.000Z,2957,10.000000000000009
2026-09-11T14:00:00.000Z,EUR/JPY,BUY,2026-09-11T14:02:00.000Z,2957,10.3999999999985
2026-09-11T14:00:00.000Z,AUD/JPY,BUY,2026-09-11T14:02:00.000Z,2957,13.799999999999102
2026-09-11T14:15:00.000Z,USD/JPY,BUY,2026-09-11T14:17:00.000Z,2957,9.999999999999432
2026-09-13T22:00:00.000Z,USD/JPY,BUY,2026-09-13T22:02:00.000Z,2958,9.999999999999432
2026-09-13T22:15:00.000Z,EUR/JPY,BUY,2026-09-13T22:17:00.000Z,2958,9.999999999999432
2026-09-13T22:30:00.000Z,AUD/JPY,BUY,2026-09-13T22:32:00.000Z,2958,9.999999999999432
2026-09-13T23:00:00.000Z,AUD/USD,BUY,2026-09-13T23:02:00.000Z,2958,-21.400000000000308
2026-09-14T00:45:00.000Z,AUD/JPY,BUY,2026-09-14T00:47:00.000Z,2958,9.999999999999432
2026-09-14T02:00:00.000Z,AUD/USD,BUY,2026-09-14T02:02:00.000Z,2958,-16.00000000000046
2026-09-14T05:30:00.000Z,EUR/USD,BUY,2026-09-14T05:32:00.000Z,2958,-32.49999999999975
2026-09-14T06:45:00.000Z,EUR/USD,BUY,2026-09-14T06:47:00.000Z,2958,-27.099999999999902
2026-09-14T07:15:00.000Z,EUR/USD,BUY,2026-09-14T07:17:00.000Z,2958,-20.500000000001073
2026-09-14T07:15:00.000Z,AUD/USD,BUY,2026-09-14T07:17:00.000Z,2958,-22.199999999999996
2026-09-14T07:45:00.000Z,USD/JPY,SELL,2026-09-14T07:47:00.000Z,2958,14.099999999999113
2026-09-14T09:15:00.000Z,USD/JPY,SELL,2026-09-14T09:17:00.000Z,2958,15.399999999999636
2026-09-14T09:30:00.000Z,EUR/USD,BUY,2026-09-14T09:32:00.000Z,2958,10.799999999999699
2026-09-14T10:15:00.000Z,AUD/USD,BUY,2026-09-14T10:17:00.000Z,2958,10.000000000000009
2026-09-14T10:30:00.000Z,USD/JPY,SELL,2026-09-14T10:32:00.000Z,2958,12.999999999999545
2026-09-14T14:15:00.000Z,USD/JPY,SELL,2026-09-14T14:17:00.000Z,2958,12.000000000000455
2026-09-14T14:15:00.000Z,EUR/USD,BUY,2026-09-14T14:17:00.000Z,2958,10.099999999997333
2026-09-14T14:15:00.000Z,AUD/USD,BUY,2026-09-14T14:17:00.000Z,2958,10.000000000000009
2026-09-14T17:15:00.000Z,AUD/USD,SELL,2026-09-14T17:17:00.000Z,2958,10.000000000000009
2026-09-14T19:15:00.000Z,USD/JPY,BUY,2026-09-14T19:17:00.000Z,2958,10.799999999997567
2026-09-14T19:15:00.000Z,EUR/JPY,BUY,2026-09-14T19:17:00.000Z,2958,11.50000000000091
2026-09-15T01:15:00.000Z,USD/JPY,SELL,2026-09-15T01:17:00.000Z,2958,-68.69999999999834
2026-09-15T02:00:00.000Z,AUD/USD,BUY,2026-09-15T02:02:00.000Z,2958,-11.400000000000299
2026-09-15T03:00:00.000Z,USD/JPY,SELL,2026-09-15T03:02:00.000Z,2958,-46.000000000000796
2026-09-15T03:00:00.000Z,EUR/JPY,SELL,2026-09-15T03:02:00.000Z,2958,9.999999999999432
2026-09-15T03:00:00.000Z,AUD/JPY,SELL,2026-09-15T03:02:00.000Z,2958,9.999999999999432
2026-09-15T03:00:00.000Z,EUR/USD,BUY,2026-09-15T03:02:00.000Z,2958,9.999999999998899
2026-09-15T04:45:00.000Z,AUD/USD,BUY,2026-09-15T04:47:00.000Z,2958,10.000000000000009
2026-09-15T07:00:00.000Z,EUR/USD,BUY,2026-09-15T07:02:00.000Z,2958,9.999999999998899
2026-09-15T08:30:00.000Z,EUR/JPY,SELL,2026-09-15T08:32:00.000Z,2958,10.200000000000387
2026-09-16T00:00:00.000Z,USD/JPY,SELL,2026-09-16T00:02:00.000Z,2958,9.999999999999432
2026-09-16T00:00:00.000Z,EUR/JPY,SELL,2026-09-16T00:02:00.000Z,2958,9.999999999999432
2026-09-16T06:30:00.000Z,EUR/USD,SELL,2026-09-16T06:32:00.000Z,2958,9.999999999998899
2026-09-16T07:45:00.000Z,USD/JPY,BUY,2026-09-16T07:47:00.000Z,2958,10.499999999998977
2026-09-16T07:45:00.000Z,EUR/JPY,BUY,2026-09-16T07:47:00.000Z,2958,9.999999999999432
2026-09-16T20:45:00.000Z,EUR/JPY,SELL,2026-09-16T20:47:00.000Z,2958,0
2026-09-16T20:45:00.000Z,AUD/USD,BUY,2026-09-16T20:47:00.000Z,2958,10.000000000000009
2026-09-16T21:30:00.000Z,AUD/USD,BUY,2026-09-16T21:32:00.000Z,2958,10.000000000000009
2026-09-16T22:00:00.000Z,AUD/USD,BUY,2026-09-16T22:02:00.000Z,2958,10.000000000000009
2026-09-16T22:30:00.000Z,USD/JPY,SELL,2026-09-16T22:32:00.000Z,2958,10.80000000000041
2026-09-16T23:45:00.000Z,EUR/USD,BUY,2026-09-16T23:47:00.000Z,2958,9.999999999998899
2026-09-17T01:15:00.000Z,EUR/USD,BUY,2026-09-17T01:17:00.000Z,2958,9.999999999998899
2026-09-17T02:15:00.000Z,EUR/USD,BUY,2026-09-17T02:17:00.000Z,2958,10.399999999999299
2026-09-17T06:15:00.000Z,USD/JPY,BUY,2026-09-17T06:17:00.000Z,2958,9.999999999999432
2026-09-17T06:15:00.000Z,EUR/JPY,BUY,2026-09-17T06:17:00.000Z,2958,9.999999999999432
2026-09-17T06:45:00.000Z,EUR/JPY,BUY,2026-09-17T06:47:00.000Z,2958,9.999999999999432
2026-09-17T07:00:00.000Z,USD/JPY,BUY,2026-09-17T07:02:00.000Z,2958,9.999999999999432
2026-09-17T07:15:00.000Z,EUR/USD,SELL,2026-09-17T07:17:00.000Z,2958,11.999999999998678
2026-09-17T12:45:00.000Z,EUR/USD,SELL,2026-09-17T12:47:00.000Z,2958,10.999999999998789
2026-09-17T12:45:00.000Z,AUD/USD,SELL,2026-09-17T12:47:00.000Z,2958,1.9999999999997797
2026-09-18T01:00:00.000Z,USD/JPY,SELL,2026-09-18T01:02:00.000Z,2958,-74.69999999999857
2026-09-18T01:00:00.000Z,EUR/JPY,SELL,2026-09-18T01:02:00.000Z,2958,-94.49999999999932
2026-09-18T01:15:00.000Z,AUD/JPY,SELL,2026-09-18T01:17:00.000Z,2958,-65.2000000000001
2026-09-18T01:45:00.000Z,AUD/JPY,SELL,2026-09-18T01:47:00.000Z,2958,-64.20000000000101
2026-09-18T02:00:00.000Z,EUR/JPY,SELL,2026-09-18T02:02:00.000Z,2958,9.999999999999432
2026-09-18T02:30:00.000Z,EUR/JPY,SELL,2026-09-18T02:32:00.000Z,2958,-93.50000000000023
2026-09-18T02:30:00.000Z,AUD/JPY,SELL,2026-09-18T02:32:00.000Z,2958,-66.40000000000015
2026-09-18T04:45:00.000Z,EUR/USD,SELL,2026-09-18T04:47:00.000Z,2958,9.999999999998899
2026-09-18T04:45:00.000Z,AUD/USD,SELL,2026-09-18T04:47:00.000Z,2958,0
2026-09-18T05:45:00.000Z,USD/JPY,SELL,2026-09-18T05:47:00.000Z,2958,9.999999999999432
2026-09-18T05:45:00.000Z,AUD/JPY,SELL,2026-09-18T05:47:00.000Z,2958,9.999999999999432
2026-09-18T06:15:00.000Z,USD/JPY,SELL,2026-09-18T06:17:00.000Z,2958,10.599999999999454
2026-09-18T06:30:00.000Z,EUR/JPY,SELL,2026-09-18T06:32:00.000Z,2958,9.999999999999432
2026-09-18T06:30:00.000Z,AUD/JPY,SELL,2026-09-18T06:32:00.000Z,2958,9.999999999999432
2026-09-18T09:15:00.000Z,USD/JPY,SELL,2026-09-18T09:17:00.000Z,2958,9.999999999999432
2026-09-18T09:15:00.000Z,AUD/JPY,SELL,2026-09-18T09:17:00.000Z,2958,9.999999999999432
2026-09-18T10:15:00.000Z,USD/JPY,SELL,2026-09-18T10:17:00.000Z,2958,9.999999999999432
2026-09-18T10:15:00.000Z,EUR/JPY,SELL,2026-09-18T10:17:00.000Z,2958,9.999999999999432
2026-09-18T10:15:00.000Z,AUD/JPY,SELL,2026-09-18T10:17:00.000Z,2958,9.999999999999432
2026-09-18T10:45:00.000Z,EUR/JPY,SELL,2026-09-18T10:47:00.000Z,2958,0
2026-09-18T10:45:00.000Z,AUD/JPY,SELL,2026-09-18T10:47:00.000Z,2958,0
2026-09-18T11:00:00.000Z,USD/JPY,SELL,2026-09-18T11:02:00.000Z,2958,14.099999999999113
2026-09-18T12:45:00.000Z,EUR/USD,BUY,2026-09-18T12:47:00.000Z,2958,9.999999999998899
2026-09-18T17:00:00.000Z,EUR/JPY,BUY,2026-09-18T17:02:00.000Z,2958,12.000000000000455
2026-09-18T17:00:00.000Z,AUD/JPY,BUY,2026-09-18T17:02:00.000Z,2958,10.69999999999851
2026-09-18T17:30:00.000Z,USD/JPY,BUY,2026-09-18T17:32:00.000Z,2958,13.49999999999909
2026-09-18T17:30:00.000Z,EUR/JPY,BUY,2026-09-18T17:32:00.000Z,2958,13.700000000000045
2026-09-18T18:15:00.000Z,USD/JPY,BUY,2026-09-18T18:17:00.000Z,2958,10.099999999999909
2026-09-21T08:15:00.000Z,USD/JPY,SELL,2026-09-21T08:17:00.000Z,2959,-56.99999999999932
2026-09-21T08:15:00.000Z,EUR/JPY,SELL,2026-09-21T08:17:00.000Z,2959,-1.3999999999981583
2026-09-21T09:15:00.000Z,AUD/JPY,SELL,2026-09-21T09:17:00.000Z,2959,9.999999999999432
2026-09-21T10:00:00.000Z,AUD/JPY,SELL,2026-09-21T10:02:00.000Z,2959,9.999999999999432
2026-09-21T12:45:00.000Z,EUR/JPY,SELL,2026-09-21T12:47:00.000Z,2959,11.699999999999022
2026-09-21T13:15:00.000Z,AUD/JPY,SELL,2026-09-21T13:17:00.000Z,2959,9.999999999999432
2026-09-21T19:00:00.000Z,EUR/USD,BUY,2026-09-21T19:02:00.000Z,2959,9.999999999998899
2026-09-21T21:30:00.000Z,EUR/JPY,BUY,2026-09-21T21:32:00.000Z,2959,9.999999999999432
2026-09-21T21:30:00.000Z,AUD/JPY,BUY,2026-09-21T21:32:00.000Z,2959,9.999999999999432
2026-09-22T02:00:00.000Z,AUD/JPY,BUY,2026-09-22T02:02:00.000Z,2959,9.999999999999432
2026-09-22T02:15:00.000Z,AUD/USD,BUY,2026-09-22T02:17:00.000Z,2959,10.599999999999499
2026-09-22T04:30:00.000Z,EUR/JPY,SELL,2026-09-22T04:32:00.000Z,2959,10.200000000000387
2026-09-22T08:45:00.000Z,EUR/USD,BUY,2026-09-22T08:47:00.000Z,2959,10.499999999997733
2026-09-22T08:45:00.000Z,AUD/USD,BUY,2026-09-22T08:47:00.000Z,2959,11.600000000000499
2026-09-22T09:00:00.000Z,USD/JPY,BUY,2026-09-22T09:02:00.000Z,2959,10.499999999998977
2026-09-22T09:00:00.000Z,AUD/JPY,BUY,2026-09-22T09:02:00.000Z,2959,11.700000000000443
2026-09-22T09:15:00.000Z,EUR/JPY,BUY,2026-09-22T09:17:00.000Z,2959,9.999999999999432
2026-09-22T10:15:00.000Z,USD/JPY,BUY,2026-09-22T10:17:00.000Z,2959,10.200000000000387
2026-09-22T10:15:00.000Z,EUR/JPY,BUY,2026-09-22T10:17:00.000Z,2959,12.699999999998113
2026-09-22T10:15:00.000Z,AUD/JPY,BUY,2026-09-22T10:17:00.000Z,2959,12.899999999999068
2026-09-22T16:30:00.000Z,EUR/USD,BUY,2026-09-22T16:32:00.000Z,2959,10.999999999998789
2026-09-23T01:15:00.000Z,EUR/JPY,SELL,2026-09-23T01:17:00.000Z,2959,9.999999999999432
2026-09-23T01:15:00.000Z,AUD/JPY,SELL,2026-09-23T01:17:00.000Z,2959,9.999999999999432
2026-09-23T01:45:00.000Z,USD/JPY,SELL,2026-09-23T01:47:00.000Z,2959,10.499999999998977
2026-09-23T04:30:00.000Z,EUR/USD,BUY,2026-09-23T04:32:00.000Z,2959,-49.5000000000001
2026-09-23T05:00:00.000Z,EUR/JPY,BUY,2026-09-23T05:02:00.000Z,2959,9.999999999999432
2026-09-23T05:15:00.000Z,EUR/USD,BUY,2026-09-23T05:17:00.000Z,2959,-44.899999999998826
2026-09-23T06:45:00.000Z,EUR/USD,BUY,2026-09-23T06:47:00.000Z,2959,-42.90000000000127
2026-09-23T07:45:00.000Z,AUD/JPY,BUY,2026-09-23T07:47:00.000Z,2959,-50
2026-09-23T08:00:00.000Z,USD/JPY,SELL,2026-09-23T08:02:00.000Z,2959,-39.699999999999136
2026-09-23T08:30:00.000Z,AUD/JPY,BUY,2026-09-23T08:32:00.000Z,2959,10.799999999998988
2026-09-23T08:30:00.000Z,EUR/USD,BUY,2026-09-23T08:32:00.000Z,2959,-28.900000000000592
2026-09-23T08:30:00.000Z,AUD/USD,BUY,2026-09-23T08:32:00.000Z,2959,-50.09999999999959
2026-09-23T10:15:00.000Z,EUR/USD,BUY,2026-09-23T10:17:00.000Z,2959,-42.599999999999305
2026-09-23T11:00:00.000Z,EUR/USD,BUY,2026-09-23T11:02:00.000Z,2959,-42.69999999999996
2026-09-23T12:00:00.000Z,USD/JPY,SELL,2026-09-23T12:02:00.000Z,2959,9.999999999999432
2026-09-23T12:00:00.000Z,AUD/JPY,BUY,2026-09-23T12:02:00.000Z,2959,-2.4999999999991473
2026-09-23T12:30:00.000Z,USD/JPY,SELL,2026-09-23T12:32:00.000Z,2959,11.100000000001842
2026-09-23T13:00:00.000Z,AUD/JPY,BUY,2026-09-23T13:02:00.000Z,2959,-0.9000000000000341
2026-09-23T13:00:00.000Z,AUD/USD,BUY,2026-09-23T13:02:00.000Z,2959,-32.2
2026-09-23T13:30:00.000Z,AUD/JPY,BUY,2026-09-23T13:32:00.000Z,2959,14.499999999999602
2026-09-23T13:30:00.000Z,AUD/USD,BUY,2026-09-23T13:32:00.000Z,2959,-36.70000000000062
2026-09-23T14:15:00.000Z,AUD/JPY,BUY,2026-09-23T14:17:00.000Z,2959,9.999999999999432
2026-09-23T14:45:00.000Z,USD/JPY,SELL,2026-09-23T14:47:00.000Z,2959,10.599999999999454
2026-09-23T14:45:00.000Z,AUD/USD,BUY,2026-09-23T14:47:00.000Z,2959,-22.100000000000453
2026-09-23T17:15:00.000Z,AUD/USD,BUY,2026-09-23T17:17:00.000Z,2959,10.900000000000354
2026-09-24T01:30:00.000Z,USD/JPY,BUY,2026-09-24T01:32:00.000Z,2959,9.999999999999432
2026-09-24T02:30:00.000Z,AUD/USD,BUY,2026-09-24T02:32:00.000Z,2959,-13.799999999999368
2026-09-24T02:45:00.000Z,EUR/JPY,BUY,2026-09-24T02:47:00.000Z,2959,9.999999999999432
2026-09-24T02:45:00.000Z,AUD/JPY,BUY,2026-09-24T02:47:00.000Z,2959,9.999999999999432
2026-09-24T07:00:00.000Z,USD/JPY,SELL,2026-09-24T07:02:00.000Z,2959,9.999999999999432
2026-09-24T07:00:00.000Z,AUD/JPY,SELL,2026-09-24T07:02:00.000Z,2959,9.999999999999432
2026-09-24T07:15:00.000Z,EUR/JPY,SELL,2026-09-24T07:17:00.000Z,2959,10.099999999999909
2026-09-24T07:45:00.000Z,EUR/JPY,SELL,2026-09-24T07:47:00.000Z,2959,9.999999999999432
2026-09-24T10:00:00.000Z,EUR/JPY,SELL,2026-09-24T10:02:00.000Z,2959,11.199999999999477
2026-09-24T10:30:00.000Z,AUD/JPY,SELL,2026-09-24T10:32:00.000Z,2959,10.799999999998988
2026-09-24T10:45:00.000Z,EUR/USD,BUY,2026-09-24T10:47:00.000Z,2959,10.799999999997478
2026-09-24T11:00:00.000Z,USD/JPY,SELL,2026-09-24T11:02:00.000Z,2959,10.3999999999985
2026-09-24T12:00:00.000Z,USD/JPY,SELL,2026-09-24T12:02:00.000Z,2959,11.299999999999955
2026-09-24T12:30:00.000Z,USD/JPY,SELL,2026-09-24T12:32:00.000Z,2959,13.100000000000023
2026-09-24T15:30:00.000Z,AUD/USD,BUY,2026-09-24T15:32:00.000Z,2959,11.599999999999389
2026-09-24T16:00:00.000Z,AUD/USD,BUY,2026-09-24T16:02:00.000Z,2959,10.000000000000009
2026-09-25T01:15:00.000Z,AUD/JPY,BUY,2026-09-25T01:17:00.000Z,2959,-82.40000000000123
2026-09-25T03:00:00.000Z,USD/JPY,BUY,2026-09-25T03:02:00.000Z,2959,-121.30000000000223
2026-09-25T03:45:00.000Z,AUD/JPY,BUY,2026-09-25T03:47:00.000Z,2959,11.7999999999995
2026-09-25T04:30:00.000Z,USD/JPY,BUY,2026-09-25T04:32:00.000Z,2959,-113.80000000000052
2026-09-25T04:30:00.000Z,AUD/JPY,BUY,2026-09-25T04:32:00.000Z,2959,9.999999999999432
2026-09-25T05:00:00.000Z,EUR/JPY,BUY,2026-09-25T05:02:00.000Z,2959,11.199999999999477
2026-09-25T05:45:00.000Z,USD/JPY,BUY,2026-09-25T05:47:00.000Z,2959,-98.00000000000182
2026-09-25T05:45:00.000Z,EUR/JPY,BUY,2026-09-25T05:47:00.000Z,2959,10.200000000000387
2026-09-25T05:45:00.000Z,AUD/JPY,BUY,2026-09-25T05:47:00.000Z,2959,10.200000000000387
2026-09-25T06:30:00.000Z,USD/JPY,BUY,2026-09-25T06:32:00.000Z,2959,11.400000000000432
2026-09-25T06:30:00.000Z,EUR/JPY,BUY,2026-09-25T06:32:00.000Z,2959,11.199999999999477
2026-09-25T07:15:00.000Z,EUR/USD,SELL,2026-09-25T07:17:00.000Z,2959,-12.000000000000899
2026-09-25T07:15:00.000Z,AUD/USD,SELL,2026-09-25T07:17:00.000Z,2959,-4.300000000000415
2026-09-25T08:30:00.000Z,EUR/USD,SELL,2026-09-25T08:32:00.000Z,2959,-4.299999999999304
2026-09-25T10:30:00.000Z,EUR/USD,SELL,2026-09-25T10:32:00.000Z,2959,10.200000000000209
2026-09-25T11:30:00.000Z,AUD/USD,SELL,2026-09-25T11:32:00.000Z,2959,10.000000000000009
2026-09-25T11:45:00.000Z,EUR/USD,SELL,2026-09-25T11:47:00.000Z,2959,9.999999999998899
2026-09-25T14:15:00.000Z,USD/JPY,BUY,2026-09-25T14:17:00.000Z,2959,9.999999999999432
2026-09-25T14:15:00.000Z,EUR/JPY,BUY,2026-09-25T14:17:00.000Z,2959,9.999999999999432
2026-09-25T14:30:00.000Z,AUD/JPY,BUY,2026-09-25T14:32:00.000Z,2959,10.69999999999851
2026-09-27T23:15:00.000Z,EUR/USD,BUY,2026-09-27T23:17:00.000Z,2960,9.999999999998899
2026-09-27T23:15:00.000Z,AUD/USD,BUY,2026-09-27T23:17:00.000Z,2960,10.000000000000009
2026-09-28T00:00:00.000Z,EUR/USD,BUY,2026-09-28T00:02:00.000Z,2960,9.999999999998899
2026-09-28T00:15:00.000Z,AUD/USD,BUY,2026-09-28T00:17:00.000Z,2960,10.400000000000409
2026-09-28T07:15:00.000Z,EUR/JPY,BUY,2026-09-28T07:17:00.000Z,2960,9.999999999999432
2026-09-28T07:45:00.000Z,EUR/JPY,BUY,2026-09-28T07:47:00.000Z,2960,-64.69999999999914
2026-09-28T07:45:00.000Z,AUD/JPY,BUY,2026-09-28T07:47:00.000Z,2960,9.999999999999432
2026-09-28T09:00:00.000Z,USD/JPY,BUY,2026-09-28T09:02:00.000Z,2960,9.999999999999432
2026-09-28T09:15:00.000Z,EUR/JPY,BUY,2026-09-28T09:17:00.000Z,2960,13.300000000000978
2026-09-28T09:30:00.000Z,AUD/JPY,BUY,2026-09-28T09:32:00.000Z,2960,12.499999999998579
2026-09-29T06:15:00.000Z,AUD/JPY,BUY,2026-09-29T06:17:00.000Z,2960,10.899999999999466
2026-09-29T06:15:00.000Z,EUR/USD,BUY,2026-09-29T06:17:00.000Z,2960,-11.600000000000499
2026-09-29T06:15:00.000Z,AUD/USD,BUY,2026-09-29T06:17:00.000Z,2960,13.500000000000734
2026-09-29T06:45:00.000Z,AUD/JPY,BUY,2026-09-29T06:47:00.000Z,2960,-70.39999999999935
2026-09-29T09:00:00.000Z,EUR/USD,BUY,2026-09-29T09:02:00.000Z,2960,9.999999999998899
2026-09-29T10:30:00.000Z,EUR/USD,BUY,2026-09-29T10:32:00.000Z,2960,9.999999999998899
2026-09-29T15:45:00.000Z,AUD/USD,BUY,2026-09-29T15:47:00.000Z,2960,10.200000000000209
2026-09-29T17:15:00.000Z,AUD/USD,BUY,2026-09-29T17:17:00.000Z,2960,10.200000000000209
2026-09-29T18:00:00.000Z,EUR/JPY,BUY,2026-09-29T18:02:00.000Z,2960,10.699999999999932
2026-09-29T18:15:00.000Z,EUR/USD,BUY,2026-09-29T18:17:00.000Z,2960,9.999999999998899
2026-09-30T02:00:00.000Z,AUD/USD,BUY,2026-09-30T02:02:00.000Z,2960,10.000000000000009
2026-09-30T03:00:00.000Z,USD/JPY,BUY,2026-09-30T03:02:00.000Z,2960,9.999999999999432
2026-09-30T03:00:00.000Z,EUR/JPY,BUY,2026-09-30T03:02:00.000Z,2960,9.999999999999432
2026-09-30T03:00:00.000Z,AUD/JPY,BUY,2026-09-30T03:02:00.000Z,2960,9.999999999999432
2026-09-30T03:45:00.000Z,USD/JPY,BUY,2026-09-30T03:47:00.000Z,2960,9.999999999999432
2026-09-30T03:45:00.000Z,EUR/JPY,BUY,2026-09-30T03:47:00.000Z,2960,9.999999999999432
2026-09-30T07:00:00.000Z,EUR/USD,SELL,2026-09-30T07:02:00.000Z,2960,11.600000000000499
2026-09-30T14:15:00.000Z,AUD/JPY,BUY,2026-09-30T14:17:00.000Z,2960,11.599999999999966
2026-09-30T19:30:00.000Z,EUR/USD,BUY,2026-09-30T19:32:00.000Z,2960,-86.99999999999929
2026-09-30T20:00:00.000Z,EUR/USD,BUY,2026-09-30T20:02:00.000Z,2960,10.399999999999299
2026-09-30T20:30:00.000Z,AUD/USD,BUY,2026-09-30T20:32:00.000Z,2960,10.000000000000009
2026-10-01T00:30:00.000Z,AUD/JPY,SELL,2026-10-01T00:32:00.000Z,2960,13.699999999998624
2026-10-01T03:15:00.000Z,EUR/JPY,SELL,2026-10-01T03:17:00.000Z,2960,11.50000000000091
2026-10-01T04:30:00.000Z,AUD/JPY,SELL,2026-10-01T04:32:00.000Z,2960,11.799999999998079
2026-10-01T04:45:00.000Z,EUR/JPY,SELL,2026-10-01T04:47:00.000Z,2960,9.999999999999432
2026-10-01T06:15:00.000Z,USD/JPY,SELL,2026-10-01T06:17:00.000Z,2960,9.999999999999432
2026-10-01T06:15:00.000Z,EUR/JPY,SELL,2026-10-01T06:17:00.000Z,2960,9.999999999999432
2026-10-01T06:15:00.000Z,AUD/JPY,SELL,2026-10-01T06:17:00.000Z,2960,9.999999999999432
2026-10-01T06:45:00.000Z,AUD/JPY,SELL,2026-10-01T06:47:00.000Z,2960,9.999999999999432
2026-10-01T08:30:00.000Z,EUR/USD,BUY,2026-10-01T08:32:00.000Z,2960,12.999999999998568
2026-10-01T09:00:00.000Z,EUR/USD,BUY,2026-10-01T09:02:00.000Z,2960,12.199999999997768
2026-10-01T10:15:00.000Z,EUR/USD,BUY,2026-10-01T10:17:00.000Z,2960,10.699999999999044
2026-10-01T16:15:00.000Z,AUD/USD,BUY,2026-10-01T16:17:00.000Z,2960,10.000000000000009
2026-10-01T16:30:00.000Z,AUD/JPY,BUY,2026-10-01T16:32:00.000Z,2960,9.999999999999432
2026-10-01T17:45:00.000Z,EUR/JPY,BUY,2026-10-01T17:47:00.000Z,2960,9.999999999999432
2026-10-01T17:45:00.000Z,EUR/USD,BUY,2026-10-01T17:47:00.000Z,2960,10.099999999997333